2026-08-19 15:28:23.438 - RealTimeSTT: realtimestt - INFO - Starting RealTimeSTT
2026-08-19 15:28:23.441 - RealTimeSTT: realtimestt - INFO - Initializing audio recording (creating pyAudio input stream, sample rate: 16000 buffer size: 512
2026-08-19 15:28:23.442 - RealTimeSTT: realtimestt - INFO - Initializing WebRTC voice with Sensitivity 3
2026-08-19 15:28:23.442 - RealTimeSTT: realtimestt - DEBUG - WebRTC VAD voice activity detection engine initialized successfully
2026-08-19 15:28:23.448 - RealTimeSTT: realtimestt - DEBUG - Starting audio data worker with target_sample_rate=16000, buffer_size=512, input_device_index=None
2026-08-19 15:28:23.448 - RealTimeSTT: realtimestt - DEBUG - Creating PyAudio interface...
2026-08-19 15:28:23.574 - RealTimeSTT: realtimestt - DEBUG - Silero VAD voice activity detection engine initialized successfully with backend raw_onnx_ifless
2026-08-19 15:28:23.623 - RealTimeSTT: realtimestt - DEBUG - Starting realtime worker
2026-08-19 15:28:23.623 - RealTimeSTT: realtimestt - DEBUG - Realtime transcription disabled; realtime worker exits
2026-08-19 15:28:23.623 - RealTimeSTT: realtimestt - DEBUG - Waiting for main transcription model to start
2026-08-19 15:28:23.648 - RealTimeSTT: realtimestt - DEBUG - No device index supplied; using default device 14
2026-08-19 15:28:23.648 - RealTimeSTT: realtimestt - DEBUG - Retrieving highest sample rate for device index 14: {'index': 14, 'structVersion': 2, 'name': 'default', 'hostApi': 0, 'maxInputChannels': 128, 'maxOutputChannels': 128, 'defaultLowInputLatency': 0.008707482993197279, 'defaultLowOutputLatency': 0.008707482993197279, 'defaultHighInputLatency': 0.034829931972789115, 'defaultHighOutputLatency': 0.034829931972789115, 'defaultSampleRate': 44100.0}
2026-08-19 15:28:23.649 - RealTimeSTT: realtimestt - DEBUG - Highest supported sample rate for device index 14 is 44100
2026-08-19 15:28:23.649 - RealTimeSTT: realtimestt - DEBUG - Sample rates to try for device 14: [16000, 44100]
2026-08-19 15:28:23.649 - RealTimeSTT: realtimestt - DEBUG - Attempting to initialize audio stream at 16000 Hz.
2026-08-19 15:28:23.649 - RealTimeSTT: realtimestt - DEBUG - Found 15 total audio devices on the system.
2026-08-19 15:28:23.649 - RealTimeSTT: realtimestt - DEBUG - Available input devices with input channels: [8, 9, 12, 13, 14]
2026-08-19 15:28:23.649 - RealTimeSTT: realtimestt - DEBUG - Validating device index 14 with info: {'index': 14, 'structVersion': 2, 'name': 'default', 'hostApi': 0, 'maxInputChannels': 128, 'maxOutputChannels': 128, 'defaultLowInputLatency': 0.008707482993197279, 'defaultLowOutputLatency': 0.008707482993197279, 'defaultHighInputLatency': 0.034829931972789115, 'defaultHighOutputLatency': 0.034829931972789115, 'defaultSampleRate': 44100.0}
2026-08-19 15:28:23.734 - RealTimeSTT: realtimestt - DEBUG - Device index 14 successfully validated.
2026-08-19 15:28:23.734 - RealTimeSTT: realtimestt - DEBUG - Opening stream with device index 14, sample_rate=16000, chunk_size=1024
2026-08-19 15:28:23.769 - RealTimeSTT: realtimestt - INFO - Microphone connected and validated (device index: 14, sample rate: 16000, chunk size: 1024)
2026-08-19 15:28:23.770 - RealTimeSTT: realtimestt - DEBUG - Audio recording initialized successfully at 16000 Hz, reading 1024 frames at a time
2026-08-19 15:28:24.878 - RealTimeSTT: realtimestt - DEBUG - _audio_data_worker writing audio data into queue.
2026-08-19 15:28:25.731 - RealTimeSTT: realtimestt - DEBUG - Main transcription model ready
2026-08-19 15:28:25.732 - RealTimeSTT: realtimestt - DEBUG - RealtimeSTT initialization completed successfully
2026-08-19 15:28:25.902 - RealTimeSTT: realtimestt - DEBUG - _audio_data_worker writing audio data into queue.
2026-08-19 15:28:26.926 - RealTimeSTT: realtimestt - DEBUG - _audio_data_worker writing audio data into queue.
2026-08-19 15:28:26.992 - RealTimeSTT: realtimestt - INFO - recording started
2026-08-19 15:28:26.992 - RealTimeSTT: realtimestt - INFO - State changed from 'inactive' to 'recording'
2026-08-19 15:28:27.950 - RealTimeSTT: realtimestt - DEBUG - _audio_data_worker writing audio data into queue.
2026-08-19 15:28:28.974 - RealTimeSTT: realtimestt - DEBUG - _audio_data_worker writing audio data into queue.
2026-08-19 15:28:29.196 - RealTimeSTT: realtimestt - DEBUG - Finishing recording thread
2026-08-19 15:28:29.197 - RealTimeSTT: realtimestt - DEBUG - Terminating reader process
2026-08-19 15:28:29.240 - RealTimeSTT: realtimestt - DEBUG - Receive from stdout pipe
2026-08-19 15:28:29.240 - RealTimeSTT: realtimestt - INFO - None
2026-08-19 15:28:29.257 - RealTimeSTT: realtimestt - DEBUG - Terminating transcription process
2026-08-19 15:28:29.266 - RealTimeSTT: realtimestt - DEBUG - Finishing realtime thread
2026-08-19 22:48:04.961 - RealTimeSTT: realtimestt - INFO - Starting RealTimeSTT
2026-08-19 22:48:04.963 - RealTimeSTT: realtimestt - INFO - Initializing audio recording (creating pyAudio input stream, sample rate: 16000 buffer size: 512
2026-08-19 22:48:04.963 - RealTimeSTT: realtimestt - INFO - Initializing WebRTC voice with Sensitivity 3
2026-08-19 22:48:04.963 - RealTimeSTT: realtimestt - DEBUG - WebRTC VAD voice activity detection engine initialized successfully
2026-08-19 22:48:04.972 - RealTimeSTT: realtimestt - DEBUG - Starting audio data worker with target_sample_rate=16000, buffer_size=512, input_device_index=None
2026-08-19 22:48:04.973 - RealTimeSTT: realtimestt - DEBUG - Creating PyAudio interface...
2026-08-19 22:48:05.103 - RealTimeSTT: realtimestt - DEBUG - Silero VAD voice activity detection engine initialized successfully with backend raw_onnx_ifless
2026-08-19 22:48:05.112 - RealTimeSTT: realtimestt - DEBUG - Starting realtime worker
2026-08-19 22:48:05.113 - RealTimeSTT: realtimestt - DEBUG - Realtime transcription disabled; realtime worker exits
2026-08-19 22:48:05.113 - RealTimeSTT: realtimestt - DEBUG - Waiting for main transcription model to start
2026-08-19 22:48:07.028 - RealTimeSTT: realtimestt - DEBUG - Main transcription model ready
2026-08-19 22:48:07.028 - RealTimeSTT: realtimestt - DEBUG - RealtimeSTT initialization completed successfully
2026-08-19 22:48:07.336 - RealTimeSTT: realtimestt - DEBUG - No device index supplied; using default device 14
2026-08-19 22:48:07.336 - RealTimeSTT: realtimestt - DEBUG - Retrieving highest sample rate for device index 14: {'index': 14, 'structVersion': 2, 'name': 'default', 'hostApi': 0, 'maxInputChannels': 128, 'maxOutputChannels': 128, 'defaultLowInputLatency': 0.008707482993197279, 'defaultLowOutputLatency': 0.008707482993197279, 'defaultHighInputLatency': 0.034829931972789115, 'defaultHighOutputLatency': 0.034829931972789115, 'defaultSampleRate': 44100.0}
2026-08-19 22:48:07.336 - RealTimeSTT: realtimestt - DEBUG - Highest supported sample rate for device index 14 is 44100
2026-08-19 22:48:07.336 - RealTimeSTT: realtimestt - DEBUG - Sample rates to try for device 14: [16000, 44100]
2026-08-19 22:48:07.336 - RealTimeSTT: realtimestt - DEBUG - Attempting to initialize audio stream at 16000 Hz.
2026-08-19 22:48:07.336 - RealTimeSTT: realtimestt - DEBUG - Found 15 total audio devices on the system.
2026-08-19 22:48:07.336 - RealTimeSTT: realtimestt - DEBUG - Available input devices with input channels: [8, 9, 12, 13, 14]
2026-08-19 22:48:07.336 - RealTimeSTT: realtimestt - DEBUG - Validating device index 14 with info: {'index': 14, 'structVersion': 2, 'name': 'default', 'hostApi': 0, 'maxInputChannels': 128, 'maxOutputChannels': 128, 'defaultLowInputLatency': 0.008707482993197279, 'defaultLowOutputLatency': 0.008707482993197279, 'defaultHighInputLatency': 0.034829931972789115, 'defaultHighOutputLatency': 0.034829931972789115, 'defaultSampleRate': 44100.0}
2026-08-19 22:48:07.459 - RealTimeSTT: realtimestt - DEBUG - Device index 14 successfully validated.
2026-08-19 22:48:07.460 - RealTimeSTT: realtimestt - DEBUG - Opening stream with device index 14, sample_rate=16000, chunk_size=1024
2026-08-19 22:48:07.512 - RealTimeSTT: realtimestt - INFO - Microphone connected and validated (device index: 14, sample rate: 16000, chunk size: 1024)
2026-08-19 22:48:07.512 - RealTimeSTT: realtimestt - DEBUG - Audio recording initialized successfully at 16000 Hz, reading 1024 frames at a time
2026-08-19 22:48:08.593 - RealTimeSTT: realtimestt - DEBUG - _audio_data_worker writing audio data into queue.
2026-08-19 22:48:08.749 - RealTimeSTT: realtimestt - INFO - recording started
2026-08-19 22:48:08.749 - RealTimeSTT: realtimestt - INFO - State changed from 'inactive' to 'recording'
2026-08-19 22:48:09.617 - RealTimeSTT: realtimestt - DEBUG - _audio_data_worker writing audio data into queue.
2026-08-19 22:48:10.641 - RealTimeSTT: realtimestt - DEBUG - _audio_data_worker writing audio data into queue.
2026-08-19 22:48:11.262 - RealTimeSTT: realtimestt - INFO - recording stopped
2026-08-19 22:48:11.265 - RealTimeSTT: realtimestt - INFO - Setting listen time
2026-08-19 22:48:11.265 - RealTimeSTT: realtimestt - DEBUG - No samples removed, final audio length: 40960
2026-08-19 22:48:11.265 - RealTimeSTT: realtimestt - INFO - State changed from 'recording' to 'inactive'
2026-08-19 22:48:11.265 - RealTimeSTT: realtimestt - INFO - State changed from 'inactive' to 'transcribing'
2026-08-19 22:48:11.265 - RealTimeSTT: realtimestt - DEBUG - Adding transcription request, no early transcription started
2026-08-19 22:48:11.266 - RealTimeSTT: realtimestt - DEBUG - Receive from parent_transcription_pipe after sendiung transcription request, transcribe_count: 1
2026-08-19 22:48:11.368 - RealTimeSTT: realtimestt - DEBUG - Receive from parent_transcription_pipe after sendiung transcription request, transcribe_count: 1
2026-08-19 22:48:11.468 - RealTimeSTT: realtimestt - DEBUG - Receive from parent_transcription_pipe after sendiung transcription request, transcribe_count: 1
2026-08-19 22:48:11.569 - RealTimeSTT: realtimestt - DEBUG - Receive from parent_transcription_pipe after sendiung transcription request, transcribe_count: 1
2026-08-19 22:48:11.665 - RealTimeSTT: realtimestt - DEBUG - _audio_data_worker writing audio data into queue.
2026-08-19 22:48:11.670 - RealTimeSTT: realtimestt - DEBUG - Receive from parent_transcription_pipe after sendiung transcription request, transcribe_count: 1
2026-08-19 22:48:11.771 - RealTimeSTT: realtimestt - DEBUG - Receive from parent_transcription_pipe after sendiung transcription request, transcribe_count: 1
2026-08-19 22:48:11.871 - RealTimeSTT: realtimestt - DEBUG - Receive from parent_transcription_pipe after sendiung transcription request, transcribe_count: 1
2026-08-19 22:48:11.972 - RealTimeSTT: realtimestt - DEBUG - Receive from parent_transcription_pipe after sendiung transcription request, transcribe_count: 1
2026-08-19 22:48:12.074 - RealTimeSTT: realtimestt - DEBUG - Receive from parent_transcription_pipe after sendiung transcription request, transcribe_count: 1
2026-08-19 22:48:12.097 - RealTimeSTT: realtimestt - INFO - State changed from 'transcribing' to 'inactive'
2026-08-19 22:48:12.099 - RealTimeSTT: realtimestt - DEBUG - Model tiny completed transcription in 0.83 seconds
2026-08-19 22:48:12.689 - RealTimeSTT: realtimestt - DEBUG - _audio_data_worker writing audio data into queue.
2026-08-19 22:48:13.713 - RealTimeSTT: realtimestt - DEBUG - _audio_data_worker writing audio data into queue.
2026-08-19 22:48:14.737 - RealTimeSTT: realtimestt - DEBUG - _audio_data_worker writing audio data into queue.
2026-08-19 22:48:15.761 - RealTimeSTT: realtimestt - DEBUG - _audio_data_worker writing audio data into queue.
2026-08-19 22:48:16.785 - RealTimeSTT: realtimestt - DEBUG - _audio_data_worker writing audio data into queue.
2026-08-19 22:48:17.809 - RealTimeSTT: realtimestt - DEBUG - _audio_data_worker writing audio data into queue.
2026-08-19 22:48:18.833 - RealTimeSTT: realtimestt - DEBUG - _audio_data_worker writing audio data into queue.
2026-08-19 22:48:19.857 - RealTimeSTT: realtimestt - DEBUG - _audio_data_worker writing audio data into queue.
2026-08-19 22:48:20.881 - RealTimeSTT: realtimestt - DEBUG - _audio_data_worker writing audio data into queue.
2026-08-19 22:48:21.905 - RealTimeSTT: realtimestt - DEBUG - _audio_data_worker writing audio data into queue.
2026-08-19 22:48:22.929 - RealTimeSTT: realtimestt - DEBUG - _audio_data_worker writing audio data into queue.
2026-08-19 22:48:23.953 - RealTimeSTT: realtimestt - DEBUG - _audio_data_worker writing audio data into queue.
2026-08-19 22:48:24.977 - RealTimeSTT: realtimestt - DEBUG - _audio_data_worker writing audio data into queue.
2026-08-19 22:48:26.001 - RealTimeSTT: realtimestt - DEBUG - _audio_data_worker writing audio data into queue.
2026-08-19 22:48:27.025 - RealTimeSTT: realtimestt - DEBUG - _audio_data_worker writing audio data into queue.
2026-08-19 22:48:28.049 - RealTimeSTT: realtimestt - DEBUG - _audio_data_worker writing audio data into queue.
2026-08-19 22:48:29.073 - RealTimeSTT: realtimestt - DEBUG - _audio_data_worker writing audio data into queue.
2026-08-19 22:48:30.097 - RealTimeSTT: realtimestt - DEBUG - _audio_data_worker writing audio data into queue.
2026-08-19 22:48:31.121 - RealTimeSTT: realtimestt - DEBUG - _audio_data_worker writing audio data into queue.
2026-08-19 22:48:32.145 - RealTimeSTT: realtimestt - DEBUG - _audio_data_worker writing audio data into queue.
2026-08-19 22:48:32.265 - RealTimeSTT: realtimestt - INFO - recording started
2026-08-19 22:48:32.265 - RealTimeSTT: realtimestt - INFO - State changed from 'inactive' to 'recording'
2026-08-19 22:48:33.169 - RealTimeSTT: realtimestt - DEBUG - _audio_data_worker writing audio data into queue.
2026-08-19 22:48:34.193 - RealTimeSTT: realtimestt - DEBUG - _audio_data_worker writing audio data into queue.
2026-08-19 22:48:35.217 - RealTimeSTT: realtimestt - DEBUG - _audio_data_worker writing audio data into queue.
2026-08-19 22:48:36.241 - RealTimeSTT: realtimestt - DEBUG - _audio_data_worker writing audio data into queue.
2026-08-19 22:48:37.265 - RealTimeSTT: realtimestt - DEBUG - _audio_data_worker writing audio data into queue.
2026-08-19 22:48:38.290 - RealTimeSTT: realtimestt - DEBUG - _audio_data_worker writing audio data into queue.
2026-08-19 22:48:39.313 - RealTimeSTT: realtimestt - DEBUG - _audio_data_worker writing audio data into queue.
2026-08-19 22:48:40.338 - RealTimeSTT: realtimestt - DEBUG - _audio_data_worker writing audio data into queue.
2026-08-19 22:48:41.362 - RealTimeSTT: realtimestt - DEBUG - _audio_data_worker writing audio data into queue.
2026-08-19 22:48:42.006 - RealTimeSTT: realtimestt - DEBUG - Finishing recording thread
2026-08-19 22:48:42.010 - RealTimeSTT: realtimestt - DEBUG - Terminating reader process
2026-08-19 22:48:42.070 - RealTimeSTT: realtimestt - DEBUG - Terminating transcription process
2026-08-19 22:48:42.071 - RealTimeSTT: realtimestt - DEBUG - Finishing realtime thread
2026-08-19 22:52:25.050 - RealTimeSTT: realtimestt - INFO - Starting RealTimeSTT
2026-08-19 22:52:25.052 - RealTimeSTT: realtimestt - INFO - Initializing audio recording (creating pyAudio input stream, sample rate: 16000 buffer size: 512
2026-08-19 22:52:25.053 - RealTimeSTT: realtimestt - INFO - Initializing WebRTC voice with Sensitivity 3
2026-08-19 22:52:25.053 - RealTimeSTT: realtimestt - DEBUG - WebRTC VAD voice activity detection engine initialized successfully
2026-08-19 22:52:25.059 - RealTimeSTT: realtimestt - DEBUG - Starting audio data worker with target_sample_rate=16000, buffer_size=512, input_device_index=None
2026-08-19 22:52:25.059 - RealTimeSTT: realtimestt - DEBUG - Creating PyAudio interface...
2026-08-19 22:52:25.173 - RealTimeSTT: realtimestt - DEBUG - Silero VAD voice activity detection engine initialized successfully with backend raw_onnx_ifless
2026-08-19 22:52:25.242 - RealTimeSTT: realtimestt - DEBUG - Starting realtime worker
2026-08-19 22:52:25.242 - RealTimeSTT: realtimestt - DEBUG - Realtime transcription disabled; realtime worker exits
2026-08-19 22:52:25.243 - RealTimeSTT: realtimestt - DEBUG - Waiting for main transcription model to start
2026-08-19 22:52:25.266 - RealTimeSTT: realtimestt - DEBUG - No device index supplied; using default device 13
2026-08-19 22:52:25.266 - RealTimeSTT: realtimestt - DEBUG - Retrieving highest sample rate for device index 13: {'index': 13, 'structVersion': 2, 'name': 'default', 'hostApi': 0, 'maxInputChannels': 128, 'maxOutputChannels': 128, 'defaultLowInputLatency': 0.008707482993197279, 'defaultLowOutputLatency': 0.008707482993197279, 'defaultHighInputLatency': 0.034829931972789115, 'defaultHighOutputLatency': 0.034829931972789115, 'defaultSampleRate': 44100.0}
2026-08-19 22:52:25.266 - RealTimeSTT: realtimestt - DEBUG - Highest supported sample rate for device index 13 is 44100
2026-08-19 22:52:25.266 - RealTimeSTT: realtimestt - DEBUG - Sample rates to try for device 13: [16000, 44100]
2026-08-19 22:52:25.266 - RealTimeSTT: realtimestt - DEBUG - Attempting to initialize audio stream at 16000 Hz.
2026-08-19 22:52:25.267 - RealTimeSTT: realtimestt - DEBUG - Found 14 total audio devices on the system.
2026-08-19 22:52:25.267 - RealTimeSTT: realtimestt - DEBUG - Available input devices with input channels: [4, 8, 11, 12, 13]
2026-08-19 22:52:25.267 - RealTimeSTT: realtimestt - DEBUG - Validating device index 13 with info: {'index': 13, 'structVersion': 2, 'name': 'default', 'hostApi': 0, 'maxInputChannels': 128, 'maxOutputChannels': 128, 'defaultLowInputLatency': 0.008707482993197279, 'defaultLowOutputLatency': 0.008707482993197279, 'defaultHighInputLatency': 0.034829931972789115, 'defaultHighOutputLatency': 0.034829931972789115, 'defaultSampleRate': 44100.0}
2026-08-19 22:52:25.397 - RealTimeSTT: realtimestt - DEBUG - Device index 13 successfully validated.
2026-08-19 22:52:25.398 - RealTimeSTT: realtimestt - DEBUG - Opening stream with device index 13, sample_rate=16000, chunk_size=1024
2026-08-19 22:52:25.423 - RealTimeSTT: realtimestt - INFO - Microphone connected and validated (device index: 13, sample rate: 16000, chunk size: 1024)
2026-08-19 22:52:25.424 - RealTimeSTT: realtimestt - DEBUG - Audio recording initialized successfully at 16000 Hz, reading 1024 frames at a time
2026-08-19 22:52:26.566 - RealTimeSTT: realtimestt - DEBUG - _audio_data_worker writing audio data into queue.
2026-08-19 22:52:27.588 - RealTimeSTT: realtimestt - DEBUG - Main transcription model ready
2026-08-19 22:52:27.588 - RealTimeSTT: realtimestt - DEBUG - RealtimeSTT initialization completed successfully
2026-08-19 22:52:27.651 - RealTimeSTT: realtimestt - DEBUG - _audio_data_worker writing audio data into queue.
2026-08-19 22:52:28.674 - RealTimeSTT: realtimestt - DEBUG - _audio_data_worker writing audio data into queue.
2026-08-19 22:52:29.698 - RealTimeSTT: realtimestt - DEBUG - _audio_data_worker writing audio data into queue.
2026-08-19 22:52:30.722 - RealTimeSTT: realtimestt - DEBUG - _audio_data_worker writing audio data into queue.
2026-08-19 22:52:31.746 - RealTimeSTT: realtimestt - DEBUG - _audio_data_worker writing audio data into queue.
2026-08-19 22:52:32.770 - RealTimeSTT: realtimestt - DEBUG - _audio_data_worker writing audio data into queue.
2026-08-19 22:52:33.794 - RealTimeSTT: realtimestt - DEBUG - _audio_data_worker writing audio data into queue.
2026-08-19 22:52:34.818 - RealTimeSTT: realtimestt - DEBUG - _audio_data_worker writing audio data into queue.
2026-08-19 22:52:35.842 - RealTimeSTT: realtimestt - DEBUG - _audio_data_worker writing audio data into queue.
2026-08-19 22:52:36.866 - RealTimeSTT: realtimestt - DEBUG - _audio_data_worker writing audio data into queue.
2026-08-19 22:52:37.890 - RealTimeSTT: realtimestt - DEBUG - _audio_data_worker writing audio data into queue.
2026-08-19 22:52:38.914 - RealTimeSTT: realtimestt - DEBUG - _audio_data_worker writing audio data into queue.
2026-08-19 22:52:39.938 - RealTimeSTT: realtimestt - DEBUG - _audio_data_worker writing audio data into queue.
2026-08-19 22:52:40.963 - RealTimeSTT: realtimestt - DEBUG - _audio_data_worker writing audio data into queue.
2026-08-19 22:52:41.987 - RealTimeSTT: realtimestt - DEBUG - _audio_data_worker writing audio data into queue.
2026-08-19 22:52:43.010 - RealTimeSTT: realtimestt - DEBUG - _audio_data_worker writing audio data into queue.
2026-08-19 22:52:43.517 - RealTimeSTT: realtimestt - INFO - recording started
2026-08-19 22:52:43.517 - RealTimeSTT: realtimestt - INFO - State changed from 'inactive' to 'recording'
2026-08-19 22:52:44.035 - RealTimeSTT: realtimestt - DEBUG - _audio_data_worker writing audio data into queue.
2026-08-19 22:52:45.059 - RealTimeSTT: realtimestt - DEBUG - _audio_data_worker writing audio data into queue.
2026-08-19 22:52:46.083 - RealTimeSTT: realtimestt - DEBUG - _audio_data_worker writing audio data into queue.
2026-08-19 22:52:47.107 - RealTimeSTT: realtimestt - DEBUG - _audio_data_worker writing audio data into queue.
2026-08-19 22:52:48.131 - RealTimeSTT: realtimestt - DEBUG - _audio_data_worker writing audio data into queue.
2026-08-19 22:52:49.155 - RealTimeSTT: realtimestt - DEBUG - _audio_data_worker writing audio data into queue.
2026-08-19 22:52:49.951 - RealTimeSTT: realtimestt - INFO - recording stopped
2026-08-19 22:52:49.958 - RealTimeSTT: realtimestt - INFO - Setting listen time
2026-08-19 22:52:49.959 - RealTimeSTT: realtimestt - DEBUG - No samples removed, final audio length: 104448
2026-08-19 22:52:49.959 - RealTimeSTT: realtimestt - INFO - State changed from 'recording' to 'inactive'
2026-08-19 22:52:49.959 - RealTimeSTT: realtimestt - INFO - State changed from 'inactive' to 'transcribing'
2026-08-19 22:52:49.959 - RealTimeSTT: realtimestt - DEBUG - Adding transcription request, no early transcription started
2026-08-19 22:52:49.961 - RealTimeSTT: realtimestt - DEBUG - Receive from parent_transcription_pipe after sendiung transcription request, transcribe_count: 1
2026-08-19 22:52:50.064 - RealTimeSTT: realtimestt - DEBUG - Receive from parent_transcription_pipe after sendiung transcription request, transcribe_count: 1
2026-08-19 22:52:50.165 - RealTimeSTT: realtimestt - DEBUG - Receive from parent_transcription_pipe after sendiung transcription request, transcribe_count: 1
2026-08-19 22:52:50.179 - RealTimeSTT: realtimestt - DEBUG - _audio_data_worker writing audio data into queue.
2026-08-19 22:52:50.266 - RealTimeSTT: realtimestt - DEBUG - Receive from parent_transcription_pipe after sendiung transcription request, transcribe_count: 1
2026-08-19 22:52:50.366 - RealTimeSTT: realtimestt - DEBUG - Receive from parent_transcription_pipe after sendiung transcription request, transcribe_count: 1
2026-08-19 22:52:50.467 - RealTimeSTT: realtimestt - DEBUG - Receive from parent_transcription_pipe after sendiung transcription request, transcribe_count: 1
2026-08-19 22:52:50.568 - RealTimeSTT: realtimestt - DEBUG - Receive from parent_transcription_pipe after sendiung transcription request, transcribe_count: 1
2026-08-19 22:52:50.668 - RealTimeSTT: realtimestt - DEBUG - Receive from parent_transcription_pipe after sendiung transcription request, transcribe_count: 1
2026-08-19 22:52:50.769 - RealTimeSTT: realtimestt - DEBUG - Receive from parent_transcription_pipe after sendiung transcription request, transcribe_count: 1
2026-08-19 22:52:50.811 - RealTimeSTT: realtimestt - INFO - State changed from 'transcribing' to 'inactive'
2026-08-19 22:52:50.815 - RealTimeSTT: realtimestt - DEBUG - Model tiny completed transcription in 0.86 seconds
2026-08-19 22:52:51.203 - RealTimeSTT: realtimestt - DEBUG - _audio_data_worker writing audio data into queue.
2026-08-19 22:52:52.227 - RealTimeSTT: realtimestt - DEBUG - _audio_data_worker writing audio data into queue.
2026-08-19 22:52:53.251 - RealTimeSTT: realtimestt - DEBUG - _audio_data_worker writing audio data into queue.
2026-08-19 22:52:54.275 - RealTimeSTT: realtimestt - DEBUG - _audio_data_worker writing audio data into queue.
2026-08-19 22:52:55.299 - RealTimeSTT: realtimestt - DEBUG - _audio_data_worker writing audio data into queue.
2026-08-19 22:52:56.323 - RealTimeSTT: realtimestt - DEBUG - _audio_data_worker writing audio data into queue.
2026-08-19 22:52:57.347 - RealTimeSTT: realtimestt - DEBUG - _audio_data_worker writing audio data into queue.
2026-08-19 22:52:58.371 - RealTimeSTT: realtimestt - DEBUG - _audio_data_worker writing audio data into queue.
2026-08-19 22:52:59.395 - RealTimeSTT: realtimestt - DEBUG - _audio_data_worker writing audio data into queue.
2026-08-19 22:53:00.419 - RealTimeSTT: realtimestt - DEBUG - _audio_data_worker writing audio data into queue.
2026-08-19 22:53:01.443 - RealTimeSTT: realtimestt - DEBUG - _audio_data_worker writing audio data into queue.
2026-08-19 22:53:02.467 - RealTimeSTT: realtimestt - DEBUG - _audio_data_worker writing audio data into queue.
2026-08-19 22:53:03.491 - RealTimeSTT: realtimestt - DEBUG - _audio_data_worker writing audio data into queue.
2026-08-19 22:53:04.515 - RealTimeSTT: realtimestt - DEBUG - _audio_data_worker writing audio data into queue.
2026-08-19 22:53:05.539 - RealTimeSTT: realtimestt - DEBUG - _audio_data_worker writing audio data into queue.
2026-08-19 22:53:06.563 - RealTimeSTT: realtimestt - DEBUG - _audio_data_worker writing audio data into queue.
2026-08-19 22:53:07.587 - RealTimeSTT: realtimestt - DEBUG - _audio_data_worker writing audio data into queue.
2026-08-19 22:53:08.611 - RealTimeSTT: realtimestt - DEBUG - _audio_data_worker writing audio data into queue.
2026-08-19 22:53:09.635 - RealTimeSTT: realtimestt - DEBUG - _audio_data_worker writing audio data into queue.
2026-08-19 22:53:10.659 - RealTimeSTT: realtimestt - DEBUG - _audio_data_worker writing audio data into queue.
2026-08-19 22:53:11.683 - RealTimeSTT: realtimestt - DEBUG - _audio_data_worker writing audio data into queue.
2026-08-19 22:53:12.708 - RealTimeSTT: realtimestt - DEBUG - _audio_data_worker writing audio data into queue.
2026-08-19 22:53:13.731 - RealTimeSTT: realtimestt - DEBUG - _audio_data_worker writing audio data into queue.
2026-08-19 22:53:14.755 - RealTimeSTT: realtimestt - DEBUG - _audio_data_worker writing audio data into queue.
2026-08-19 22:53:15.779 - RealTimeSTT: realtimestt - DEBUG - _audio_data_worker writing audio data into queue.
2026-08-19 22:53:16.803 - RealTimeSTT: realtimestt - DEBUG - _audio_data_worker writing audio data into queue.
2026-08-19 22:53:17.828 - RealTimeSTT: realtimestt - DEBUG - _audio_data_worker writing audio data into queue.
2026-08-19 22:53:18.851 - RealTimeSTT: realtimestt - DEBUG - _audio_data_worker writing audio data into queue.
2026-08-19 22:53:19.875 - RealTimeSTT: realtimestt - DEBUG - _audio_data_worker writing audio data into queue.
2026-08-19 22:53:20.900 - RealTimeSTT: realtimestt - DEBUG - _audio_data_worker writing audio data into queue.
2026-08-19 22:53:21.923 - RealTimeSTT: realtimestt - DEBUG - _audio_data_worker writing audio data into queue.
2026-08-19 22:53:22.948 - RealTimeSTT: realtimestt - DEBUG - _audio_data_worker writing audio data into queue.
2026-08-19 22:53:23.972 - RealTimeSTT: realtimestt - DEBUG - _audio_data_worker writing audio data into queue.
2026-08-19 22:53:24.995 - RealTimeSTT: realtimestt - DEBUG - _audio_data_worker writing audio data into queue.
2026-08-19 22:53:26.020 - RealTimeSTT: realtimestt - DEBUG - _audio_data_worker writing audio data into queue.
2026-08-19 22:53:27.044 - RealTimeSTT: realtimestt - DEBUG - _audio_data_worker writing audio data into queue.
2026-08-19 22:53:28.068 - RealTimeSTT: realtimestt - DEBUG - _audio_data_worker writing audio data into queue.
2026-08-19 22:53:29.092 - RealTimeSTT: realtimestt - DEBUG - _audio_data_worker writing audio data into queue.
2026-08-19 22:53:30.116 - RealTimeSTT: realtimestt - DEBUG - _audio_data_worker writing audio data into queue.
2026-08-19 22:53:31.140 - RealTimeSTT: realtimestt - DEBUG - _audio_data_worker writing audio data into queue.
2026-08-19 22:53:32.164 - RealTimeSTT: realtimestt - DEBUG - _audio_data_worker writing audio data into queue.
2026-08-19 22:53:33.188 - RealTimeSTT: realtimestt - DEBUG - _audio_data_worker writing audio data into queue.
2026-08-19 22:53:34.212 - RealTimeSTT: realtimestt - DEBUG - _audio_data_worker writing audio data into queue.
2026-08-19 22:53:35.236 - RealTimeSTT: realtimestt - DEBUG - _audio_data_worker writing audio data into queue.
2026-08-19 22:53:36.260 - RealTimeSTT: realtimestt - DEBUG - _audio_data_worker writing audio data into queue.
2026-08-19 22:53:37.284 - RealTimeSTT: realtimestt - DEBUG - _audio_data_worker writing audio data into queue.
2026-08-19 22:53:38.308 - RealTimeSTT: realtimestt - DEBUG - _audio_data_worker writing audio data into queue.
2026-08-19 22:53:39.332 - RealTimeSTT: realtimestt - DEBUG - _audio_data_worker writing audio data into queue.
2026-08-19 22:53:40.356 - RealTimeSTT: realtimestt - DEBUG - _audio_data_worker writing audio data into queue.
2026-08-19 22:53:41.380 - RealTimeSTT: realtimestt - DEBUG - _audio_data_worker writing audio data into queue.
2026-08-19 22:53:42.404 - RealTimeSTT: realtimestt - DEBUG - _audio_data_worker writing audio data into queue.
2026-08-19 22:53:43.428 - RealTimeSTT: realtimestt - DEBUG - _audio_data_worker writing audio data into queue.
2026-08-19 22:53:44.452 - RealTimeSTT: realtimestt - DEBUG - _audio_data_worker writing audio data into queue.
2026-08-19 22:53:45.476 - RealTimeSTT: realtimestt - DEBUG - _audio_data_worker writing audio data into queue.
2026-08-19 22:53:46.500 - RealTimeSTT: realtimestt - DEBUG - _audio_data_worker writing audio data into queue.
2026-08-19 22:53:47.524 - RealTimeSTT: realtimestt - DEBUG - _audio_data_worker writing audio data into queue.
2026-08-19 22:53:48.548 - RealTimeSTT: realtimestt - DEBUG - _audio_data_worker writing audio data into queue.
2026-08-19 22:53:49.572 - RealTimeSTT: realtimestt - DEBUG - _audio_data_worker writing audio data into queue.
2026-08-19 22:53:50.596 - RealTimeSTT: realtimestt - DEBUG - _audio_data_worker writing audio data into queue.
2026-08-19 22:53:51.620 - RealTimeSTT: realtimestt - DEBUG - _audio_data_worker writing audio data into queue.
2026-08-19 22:53:52.644 - RealTimeSTT: realtimestt - DEBUG - _audio_data_worker writing audio data into queue.
2026-08-19 22:53:53.668 - RealTimeSTT: realtimestt - DEBUG - _audio_data_worker writing audio data into queue.
2026-08-19 22:53:54.692 - RealTimeSTT: realtimestt - DEBUG - _audio_data_worker writing audio data into queue.
2026-08-19 22:53:55.716 - RealTimeSTT: realtimestt - DEBUG - _audio_data_worker writing audio data into queue.
2026-08-19 22:53:56.740 - RealTimeSTT: realtimestt - DEBUG - _audio_data_worker writing audio data into queue.
2026-08-19 22:53:57.764 - RealTimeSTT: realtimestt - DEBUG - _audio_data_worker writing audio data into queue.
2026-08-19 22:53:58.788 - RealTimeSTT: realtimestt - DEBUG - _audio_data_worker writing audio data into queue.
2026-08-19 22:53:59.812 - RealTimeSTT: realtimestt - DEBUG - _audio_data_worker writing audio data into queue.
2026-08-19 22:54:00.837 - RealTimeSTT: realtimestt - DEBUG - _audio_data_worker writing audio data into queue.
2026-08-19 22:54:01.860 - RealTimeSTT: realtimestt - DEBUG - _audio_data_worker writing audio data into queue.
2026-08-19 22:54:02.884 - RealTimeSTT: realtimestt - DEBUG - _audio_data_worker writing audio data into queue.
2026-08-19 22:54:03.909 - RealTimeSTT: realtimestt - DEBUG - _audio_data_worker writing audio data into queue.
2026-08-19 22:54:04.933 - RealTimeSTT: realtimestt - DEBUG - _audio_data_worker writing audio data into queue.
2026-08-19 22:54:05.957 - RealTimeSTT: realtimestt - DEBUG - _audio_data_worker writing audio data into queue.
2026-08-19 22:54:06.981 - RealTimeSTT: realtimestt - DEBUG - _audio_data_worker writing audio data into queue.
2026-08-19 22:54:08.005 - RealTimeSTT: realtimestt - DEBUG - _audio_data_worker writing audio data into queue.
2026-08-19 22:54:09.029 - RealTimeSTT: realtimestt - DEBUG - _audio_data_worker writing audio data into queue.
2026-08-19 22:54:10.053 - RealTimeSTT: realtimestt - DEBUG - _audio_data_worker writing audio data into queue.
2026-08-19 22:54:11.077 - RealTimeSTT: realtimestt - DEBUG - _audio_data_worker writing audio data into queue.
2026-08-19 22:54:12.101 - RealTimeSTT: realtimestt - DEBUG - _audio_data_worker writing audio data into queue.
2026-08-19 22:54:13.125 - RealTimeSTT: realtimestt - DEBUG - _audio_data_worker writing audio data into queue.
2026-08-19 22:54:14.149 - RealTimeSTT: realtimestt - DEBUG - _audio_data_worker writing audio data into queue.
2026-08-19 22:54:15.173 - RealTimeSTT: realtimestt - DEBUG - _audio_data_worker writing audio data into queue.
2026-08-19 22:54:16.197 - RealTimeSTT: realtimestt - DEBUG - _audio_data_worker writing audio data into queue.
2026-08-19 22:54:17.221 - RealTimeSTT: realtimestt - DEBUG - _audio_data_worker writing audio data into queue.
2026-08-19 22:54:18.245 - RealTimeSTT: realtimestt - DEBUG - _audio_data_worker writing audio data into queue.
2026-08-19 22:54:19.269 - RealTimeSTT: realtimestt - DEBUG - _audio_data_worker writing audio data into queue.
2026-08-19 22:54:20.293 - RealTimeSTT: realtimestt - DEBUG - _audio_data_worker writing audio data into queue.
2026-08-19 22:54:21.317 - RealTimeSTT: realtimestt - DEBUG - _audio_data_worker writing audio data into queue.
2026-08-19 22:54:22.341 - RealTimeSTT: realtimestt - DEBUG - _audio_data_worker writing audio data into queue.
2026-08-19 22:54:23.365 - RealTimeSTT: realtimestt - DEBUG - _audio_data_worker writing audio data into queue.
2026-08-19 22:54:24.389 - RealTimeSTT: realtimestt - DEBUG - _audio_data_worker writing audio data into queue.
2026-08-19 22:54:25.413 - RealTimeSTT: realtimestt - DEBUG - _audio_data_worker writing audio data into queue.
2026-08-19 22:54:26.437 - RealTimeSTT: realtimestt - DEBUG - _audio_data_worker writing audio data into queue.
2026-08-19 22:54:27.461 - RealTimeSTT: realtimestt - DEBUG - _audio_data_worker writing audio data into queue.
2026-08-19 22:54:28.485 - RealTimeSTT: realtimestt - DEBUG - _audio_data_worker writing audio data into queue.
2026-08-19 22:54:29.509 - RealTimeSTT: realtimestt - DEBUG - _audio_data_worker writing audio data into queue.
2026-08-19 22:54:30.533 - RealTimeSTT: realtimestt - DEBUG - _audio_data_worker writing audio data into queue.
2026-08-19 22:54:31.557 - RealTimeSTT: realtimestt - DEBUG - _audio_data_worker writing audio data into queue.
2026-08-19 22:54:32.581 - RealTimeSTT: realtimestt - DEBUG - _audio_data_worker writing audio data into queue.
2026-08-19 22:54:33.605 - RealTimeSTT: realtimestt - DEBUG - _audio_data_worker writing audio data into queue.
2026-08-19 22:54:34.629 - RealTimeSTT: realtimestt - DEBUG - _audio_data_worker writing audio data into queue.
2026-08-19 22:54:35.654 - RealTimeSTT: realtimestt - DEBUG - _audio_data_worker writing audio data into queue.
2026-08-19 22:54:36.678 - RealTimeSTT: realtimestt - DEBUG - _audio_data_worker writing audio data into queue.
2026-08-19 22:54:37.701 - RealTimeSTT: realtimestt - DEBUG - _audio_data_worker writing audio data into queue.
2026-08-19 22:54:38.726 - RealTimeSTT: realtimestt - DEBUG - _audio_data_worker writing audio data into queue.
2026-08-19 22:54:39.750 - RealTimeSTT: realtimestt - DEBUG - _audio_data_worker writing audio data into queue.
2026-08-19 22:54:40.774 - RealTimeSTT: realtimestt - DEBUG - _audio_data_worker writing audio data into queue.
2026-08-19 22:54:41.798 - RealTimeSTT: realtimestt - DEBUG - _audio_data_worker writing audio data into queue.
2026-08-19 22:54:42.822 - RealTimeSTT: realtimestt - DEBUG - _audio_data_worker writing audio data into queue.
2026-08-19 22:54:43.846 - RealTimeSTT: realtimestt - DEBUG - _audio_data_worker writing audio data into queue.
2026-08-19 22:54:44.870 - RealTimeSTT: realtimestt - DEBUG - _audio_data_worker writing audio data into queue.
2026-08-19 22:54:45.894 - RealTimeSTT: realtimestt - DEBUG - _audio_data_worker writing audio data into queue.
2026-08-19 22:54:46.918 - RealTimeSTT: realtimestt - DEBUG - _audio_data_worker writing audio data into queue.
2026-08-19 22:54:47.942 - RealTimeSTT: realtimestt - DEBUG - _audio_data_worker writing audio data into queue.
2026-08-19 22:54:48.966 - RealTimeSTT: realtimestt - DEBUG - _audio_data_worker writing audio data into queue.
2026-08-19 22:54:49.990 - RealTimeSTT: realtimestt - DEBUG - _audio_data_worker writing audio data into queue.
2026-08-19 22:54:51.014 - RealTimeSTT: realtimestt - DEBUG - _audio_data_worker writing audio data into queue.
2026-08-19 22:54:52.038 - RealTimeSTT: realtimestt - DEBUG - _audio_data_worker writing audio data into queue.
2026-08-19 22:54:53.062 - RealTimeSTT: realtimestt - DEBUG - _audio_data_worker writing audio data into queue.
2026-08-19 22:54:54.086 - RealTimeSTT: realtimestt - DEBUG - _audio_data_worker writing audio data into queue.
2026-08-19 22:54:55.110 - RealTimeSTT: realtimestt - DEBUG - _audio_data_worker writing audio data into queue.
2026-08-19 22:54:56.134 - RealTimeSTT: realtimestt - DEBUG - _audio_data_worker writing audio data into queue.
2026-08-19 22:54:57.158 - RealTimeSTT: realtimestt - DEBUG - _audio_data_worker writing audio data into queue.
2026-08-19 22:54:58.182 - RealTimeSTT: realtimestt - DEBUG - _audio_data_worker writing audio data into queue.
2026-08-19 22:54:59.206 - RealTimeSTT: realtimestt - DEBUG - _audio_data_worker writing audio data into queue.
2026-08-19 22:55:00.230 - RealTimeSTT: realtimestt - DEBUG - _audio_data_worker writing audio data into queue.
2026-08-19 22:55:01.254 - RealTimeSTT: realtimestt - DEBUG - _audio_data_worker writing audio data into queue.
2026-08-19 22:55:02.278 - RealTimeSTT: realtimestt - DEBUG - _audio_data_worker writing audio data into queue.
2026-08-19 22:55:03.302 - RealTimeSTT: realtimestt - DEBUG - _audio_data_worker writing audio data into queue.
2026-08-19 22:55:04.326 - RealTimeSTT: realtimestt - DEBUG - _audio_data_worker writing audio data into queue.
2026-08-19 22:55:05.350 - RealTimeSTT: realtimestt - DEBUG - _audio_data_worker writing audio data into queue.
2026-08-19 22:55:06.374 - RealTimeSTT: realtimestt - DEBUG - _audio_data_worker writing audio data into queue.
2026-08-19 22:55:07.398 - RealTimeSTT: realtimestt - DEBUG - _audio_data_worker writing audio data into queue.
2026-08-19 22:55:08.422 - RealTimeSTT: realtimestt - DEBUG - _audio_data_worker writing audio data into queue.
2026-08-19 22:55:09.446 - RealTimeSTT: realtimestt - DEBUG - _audio_data_worker writing audio data into queue.
2026-08-19 22:55:10.470 - RealTimeSTT: realtimestt - DEBUG - _audio_data_worker writing audio data into queue.
2026-08-19 22:55:11.494 - RealTimeSTT: realtimestt - DEBUG - _audio_data_worker writing audio data into queue.
2026-08-19 22:55:12.518 - RealTimeSTT: realtimestt - DEBUG - _audio_data_worker writing audio data into queue.
2026-08-19 22:55:13.542 - RealTimeSTT: realtimestt - DEBUG - _audio_data_worker writing audio data into queue.
2026-08-19 22:55:14.567 - RealTimeSTT: realtimestt - DEBUG - _audio_data_worker writing audio data into queue.
2026-08-19 22:55:15.590 - RealTimeSTT: realtimestt - DEBUG - _audio_data_worker writing audio data into queue.
2026-08-19 22:55:16.615 - RealTimeSTT: realtimestt - DEBUG - _audio_data_worker writing audio data into queue.
2026-08-19 22:55:17.639 - RealTimeSTT: realtimestt - DEBUG - _audio_data_worker writing audio data into queue.
2026-08-19 22:55:18.663 - RealTimeSTT: realtimestt - DEBUG - _audio_data_worker writing audio data into queue.
2026-08-19 22:55:19.687 - RealTimeSTT: realtimestt - DEBUG - _audio_data_worker writing audio data into queue.
2026-08-19 22:55:20.711 - RealTimeSTT: realtimestt - DEBUG - _audio_data_worker writing audio data into queue.
2026-08-19 22:55:21.735 - RealTimeSTT: realtimestt - DEBUG - _audio_data_worker writing audio data into queue.
2026-08-19 22:55:22.759 - RealTimeSTT: realtimestt - DEBUG - _audio_data_worker writing audio data into queue.
2026-08-19 22:55:23.783 - RealTimeSTT: realtimestt - DEBUG - _audio_data_worker writing audio data into queue.
2026-08-19 22:55:24.807 - RealTimeSTT: realtimestt - DEBUG - _audio_data_worker writing audio data into queue.
2026-08-19 22:55:25.831 - RealTimeSTT: realtimestt - DEBUG - _audio_data_worker writing audio data into queue.
2026-08-19 22:55:26.855 - RealTimeSTT: realtimestt - DEBUG - _audio_data_worker writing audio data into queue.
2026-08-19 22:55:27.879 - RealTimeSTT: realtimestt - DEBUG - _audio_data_worker writing audio data into queue.
2026-08-19 22:55:28.903 - RealTimeSTT: realtimestt - DEBUG - _audio_data_worker writing audio data into queue.
2026-08-19 22:55:29.927 - RealTimeSTT: realtimestt - DEBUG - _audio_data_worker writing audio data into queue.
2026-08-19 22:55:30.951 - RealTimeSTT: realtimestt - DEBUG - _audio_data_worker writing audio data into queue.
2026-08-19 22:55:31.975 - RealTimeSTT: realtimestt - DEBUG - _audio_data_worker writing audio data into queue.
2026-08-19 22:55:32.999 - RealTimeSTT: realtimestt - DEBUG - _audio_data_worker writing audio data into queue.
2026-08-19 22:55:34.023 - RealTimeSTT: realtimestt - DEBUG - _audio_data_worker writing audio data into queue.
2026-08-19 22:55:35.047 - RealTimeSTT: realtimestt - DEBUG - _audio_data_worker writing audio data into queue.
2026-08-19 22:55:36.071 - RealTimeSTT: realtimestt - DEBUG - _audio_data_worker writing audio data into queue.
2026-08-19 22:55:37.095 - RealTimeSTT: realtimestt - DEBUG - _audio_data_worker writing audio data into queue.
2026-08-19 22:55:38.119 - RealTimeSTT: realtimestt - DEBUG - _audio_data_worker writing audio data into queue.
2026-08-19 22:55:39.143 - RealTimeSTT: realtimestt - DEBUG - _audio_data_worker writing audio data into queue.
2026-08-19 22:55:40.167 - RealTimeSTT: realtimestt - DEBUG - _audio_data_worker writing audio data into queue.
2026-08-19 22:55:41.191 - RealTimeSTT: realtimestt - DEBUG - _audio_data_worker writing audio data into queue.
2026-08-19 22:55:42.215 - RealTimeSTT: realtimestt - DEBUG - _audio_data_worker writing audio data into queue.
2026-08-19 22:55:43.239 - RealTimeSTT: realtimestt - DEBUG - _audio_data_worker writing audio data into queue.
2026-08-19 22:55:44.263 - RealTimeSTT: realtimestt - DEBUG - _audio_data_worker writing audio data into queue.
2026-08-19 22:55:45.287 - RealTimeSTT: realtimestt - DEBUG - _audio_data_worker writing audio data into queue.
2026-08-19 22:55:46.312 - RealTimeSTT: realtimestt - DEBUG - _audio_data_worker writing audio data into queue.
2026-08-19 22:55:47.336 - RealTimeSTT: realtimestt - DEBUG - _audio_data_worker writing audio data into queue.
2026-08-19 22:55:48.359 - RealTimeSTT: realtimestt - DEBUG - _audio_data_worker writing audio data into queue.
2026-08-19 22:55:49.384 - RealTimeSTT: realtimestt - DEBUG - _audio_data_worker writing audio data into queue.
2026-08-19 22:55:50.407 - RealTimeSTT: realtimestt - DEBUG - _audio_data_worker writing audio data into queue.
2026-08-19 22:55:51.431 - RealTimeSTT: realtimestt - DEBUG - _audio_data_worker writing audio data into queue.
2026-08-19 22:55:52.455 - RealTimeSTT: realtimestt - DEBUG - _audio_data_worker writing audio data into queue.
2026-08-19 22:55:53.480 - RealTimeSTT: realtimestt - DEBUG - _audio_data_worker writing audio data into queue.
2026-08-19 22:55:54.504 - RealTimeSTT: realtimestt - DEBUG - _audio_data_worker writing audio data into queue.
2026-08-19 22:55:55.528 - RealTimeSTT: realtimestt - DEBUG - _audio_data_worker writing audio data into queue.
2026-08-19 22:55:56.552 - RealTimeSTT: realtimestt - DEBUG - _audio_data_worker writing audio data into queue.
2026-08-19 22:55:57.576 - RealTimeSTT: realtimestt - DEBUG - _audio_data_worker writing audio data into queue.
2026-08-19 22:55:58.600 - RealTimeSTT: realtimestt - DEBUG - _audio_data_worker writing audio data into queue.
2026-08-19 22:55:59.624 - RealTimeSTT: realtimestt - DEBUG - _audio_data_worker writing audio data into queue.
2026-08-19 22:56:00.648 - RealTimeSTT: realtimestt - DEBUG - _audio_data_worker writing audio data into queue.
2026-08-19 22:56:01.672 - RealTimeSTT: realtimestt - DEBUG - _audio_data_worker writing audio data into queue.
2026-08-19 22:56:02.696 - RealTimeSTT: realtimestt - DEBUG - _audio_data_worker writing audio data into queue.
2026-08-19 22:56:03.720 - RealTimeSTT: realtimestt - DEBUG - _audio_data_worker writing audio data into queue.
2026-08-19 22:56:04.744 - RealTimeSTT: realtimestt - DEBUG - _audio_data_worker writing audio data into queue.
2026-08-19 22:56:05.768 - RealTimeSTT: realtimestt - DEBUG - _audio_data_worker writing audio data into queue.
2026-08-19 22:56:06.792 - RealTimeSTT: realtimestt - DEBUG - _audio_data_worker writing audio data into queue.
2026-08-19 22:56:07.816 - RealTimeSTT: realtimestt - DEBUG - _audio_data_worker writing audio data into queue.
2026-08-19 22:56:08.840 - RealTimeSTT: realtimestt - DEBUG - _audio_data_worker writing audio data into queue.
2026-08-19 22:56:09.864 - RealTimeSTT: realtimestt - DEBUG - _audio_data_worker writing audio data into queue.
2026-08-19 22:56:10.888 - RealTimeSTT: realtimestt - DEBUG - _audio_data_worker writing audio data into queue.
2026-08-19 22:56:11.912 - RealTimeSTT: realtimestt - DEBUG - _audio_data_worker writing audio data into queue.
2026-08-19 22:56:12.936 - RealTimeSTT: realtimestt - DEBUG - _audio_data_worker writing audio data into queue.
2026-08-19 22:56:13.960 - RealTimeSTT: realtimestt - DEBUG - _audio_data_worker writing audio data into queue.
2026-08-19 22:56:14.984 - RealTimeSTT: realtimestt - DEBUG - _audio_data_worker writing audio data into queue.
2026-08-19 22:56:16.008 - RealTimeSTT: realtimestt - DEBUG - _audio_data_worker writing audio data into queue.
2026-08-19 22:56:17.032 - RealTimeSTT: realtimestt - DEBUG - _audio_data_worker writing audio data into queue.
2026-08-19 22:56:18.056 - RealTimeSTT: realtimestt - DEBUG - _audio_data_worker writing audio data into queue.
2026-08-19 22:56:19.080 - RealTimeSTT: realtimestt - DEBUG - _audio_data_worker writing audio data into queue.
2026-08-19 22:56:20.104 - RealTimeSTT: realtimestt - DEBUG - _audio_data_worker writing audio data into queue.
2026-08-19 22:56:21.128 - RealTimeSTT: realtimestt - DEBUG - _audio_data_worker writing audio data into queue.
2026-08-19 22:56:22.152 - RealTimeSTT: realtimestt - DEBUG - _audio_data_worker writing audio data into queue.
2026-08-19 22:56:23.176 - RealTimeSTT: realtimestt - DEBUG - _audio_data_worker writing audio data into queue.
2026-08-19 22:56:24.201 - RealTimeSTT: realtimestt - DEBUG - _audio_data_worker writing audio data into queue.
2026-08-19 22:56:25.224 - RealTimeSTT: realtimestt - DEBUG - _audio_data_worker writing audio data into queue.
2026-08-19 22:56:26.249 - RealTimeSTT: realtimestt - DEBUG - _audio_data_worker writing audio data into queue.
2026-08-19 22:56:27.273 - RealTimeSTT: realtimestt - DEBUG - _audio_data_worker writing audio data into queue.
2026-08-19 22:56:28.297 - RealTimeSTT: realtimestt - DEBUG - _audio_data_worker writing audio data into queue.
2026-08-19 22:56:29.321 - RealTimeSTT: realtimestt - DEBUG - _audio_data_worker writing audio data into queue.
2026-08-19 22:56:30.345 - RealTimeSTT: realtimestt - DEBUG - _audio_data_worker writing audio data into queue.
2026-08-19 22:56:31.369 - RealTimeSTT: realtimestt - DEBUG - _audio_data_worker writing audio data into queue.
2026-08-19 22:56:32.393 - RealTimeSTT: realtimestt - DEBUG - _audio_data_worker writing audio data into queue.
2026-08-19 22:56:33.417 - RealTimeSTT: realtimestt - DEBUG - _audio_data_worker writing audio data into queue.
2026-08-19 22:56:34.441 - RealTimeSTT: realtimestt - DEBUG - _audio_data_worker writing audio data into queue.
2026-08-19 22:56:35.465 - RealTimeSTT: realtimestt - DEBUG - _audio_data_worker writing audio data into queue.
2026-08-19 22:56:36.489 - RealTimeSTT: realtimestt - DEBUG - _audio_data_worker writing audio data into queue.
2026-08-19 22:56:37.513 - RealTimeSTT: realtimestt - DEBUG - _audio_data_worker writing audio data into queue.
2026-08-19 22:56:38.537 - RealTimeSTT: realtimestt - DEBUG - _audio_data_worker writing audio data into queue.
2026-08-19 22:56:39.561 - RealTimeSTT: realtimestt - DEBUG - _audio_data_worker writing audio data into queue.
2026-08-19 22:56:40.585 - RealTimeSTT: realtimestt - DEBUG - _audio_data_worker writing audio data into queue.
2026-08-19 22:56:41.609 - RealTimeSTT: realtimestt - DEBUG - _audio_data_worker writing audio data into queue.
2026-08-19 22:56:42.633 - RealTimeSTT: realtimestt - DEBUG - _audio_data_worker writing audio data into queue.
2026-08-19 22:56:43.657 - RealTimeSTT: realtimestt - DEBUG - _audio_data_worker writing audio data into queue.
2026-08-19 22:56:44.681 - RealTimeSTT: realtimestt - DEBUG - _audio_data_worker writing audio data into queue.
2026-08-19 22:56:45.705 - RealTimeSTT: realtimestt - DEBUG - _audio_data_worker writing audio data into queue.
2026-08-19 22:56:46.729 - RealTimeSTT: realtimestt - DEBUG - _audio_data_worker writing audio data into queue.
2026-08-19 22:56:47.753 - RealTimeSTT: realtimestt - DEBUG - _audio_data_worker writing audio data into queue.
2026-08-19 22:56:48.777 - RealTimeSTT: realtimestt - DEBUG - _audio_data_worker writing audio data into queue.
2026-08-19 22:56:49.801 - RealTimeSTT: realtimestt - DEBUG - _audio_data_worker writing audio data into queue.
2026-08-19 22:56:50.825 - RealTimeSTT: realtimestt - DEBUG - _audio_data_worker writing audio data into queue.
2026-08-19 22:56:51.849 - RealTimeSTT: realtimestt - DEBUG - _audio_data_worker writing audio data into queue.
2026-08-19 22:56:52.873 - RealTimeSTT: realtimestt - DEBUG - _audio_data_worker writing audio data into queue.
2026-08-19 22:56:53.897 - RealTimeSTT: realtimestt - DEBUG - _audio_data_worker writing audio data into queue.
2026-08-19 22:56:54.921 - RealTimeSTT: realtimestt - DEBUG - _audio_data_worker writing audio data into queue.
2026-08-19 22:56:55.945 - RealTimeSTT: realtimestt - DEBUG - _audio_data_worker writing audio data into queue.
2026-08-19 22:56:56.970 - RealTimeSTT: realtimestt - DEBUG - _audio_data_worker writing audio data into queue.
2026-08-19 22:56:57.993 - RealTimeSTT: realtimestt - DEBUG - _audio_data_worker writing audio data into queue.
2026-08-19 22:56:59.018 - RealTimeSTT: realtimestt - DEBUG - _audio_data_worker writing audio data into queue.
2026-08-19 22:57:00.042 - RealTimeSTT: realtimestt - DEBUG - _audio_data_worker writing audio data into queue.
2026-08-19 22:57:01.065 - RealTimeSTT: realtimestt - DEBUG - _audio_data_worker writing audio data into queue.
2026-08-19 22:57:02.089 - RealTimeSTT: realtimestt - DEBUG - _audio_data_worker writing audio data into queue.
2026-08-19 22:57:03.113 - RealTimeSTT: realtimestt - DEBUG - _audio_data_worker writing audio data into queue.
2026-08-19 22:57:04.138 - RealTimeSTT: realtimestt - DEBUG - _audio_data_worker writing audio data into queue.
2026-08-19 22:57:05.162 - RealTimeSTT: realtimestt - DEBUG - _audio_data_worker writing audio data into queue.
2026-08-19 22:57:06.186 - RealTimeSTT: realtimestt - DEBUG - _audio_data_worker writing audio data into queue.
2026-08-19 22:57:07.210 - RealTimeSTT: realtimestt - DEBUG - _audio_data_worker writing audio data into queue.
2026-08-19 22:57:08.234 - RealTimeSTT: realtimestt - DEBUG - _audio_data_worker writing audio data into queue.
2026-08-19 22:57:09.258 - RealTimeSTT: realtimestt - DEBUG - _audio_data_worker writing audio data into queue.
2026-08-19 22:57:10.282 - RealTimeSTT: realtimestt - DEBUG - _audio_data_worker writing audio data into queue.
2026-08-19 22:57:11.306 - RealTimeSTT: realtimestt - DEBUG - _audio_data_worker writing audio data into queue.
2026-08-19 22:57:12.330 - RealTimeSTT: realtimestt - DEBUG - _audio_data_worker writing audio data into queue.
2026-08-19 22:57:13.354 - RealTimeSTT: realtimestt - DEBUG - _audio_data_worker writing audio data into queue.
2026-08-19 22:57:14.378 - RealTimeSTT: realtimestt - DEBUG - _audio_data_worker writing audio data into queue.
2026-08-19 22:57:15.402 - RealTimeSTT: realtimestt - DEBUG - _audio_data_worker writing audio data into queue.
2026-08-19 22:57:16.426 - RealTimeSTT: realtimestt - DEBUG - _audio_data_worker writing audio data into queue.
2026-08-19 22:57:17.450 - RealTimeSTT: realtimestt - DEBUG - _audio_data_worker writing audio data into queue.
2026-08-19 22:57:18.474 - RealTimeSTT: realtimestt - DEBUG - _audio_data_worker writing audio data into queue.
2026-08-19 22:57:19.498 - RealTimeSTT: realtimestt - DEBUG - _audio_data_worker writing audio data into queue.
2026-08-19 22:57:20.522 - RealTimeSTT: realtimestt - DEBUG - _audio_data_worker writing audio data into queue.
2026-08-19 22:57:21.546 - RealTimeSTT: realtimestt - DEBUG - _audio_data_worker writing audio data into queue.
2026-08-19 22:57:22.570 - RealTimeSTT: realtimestt - DEBUG - _audio_data_worker writing audio data into queue.
2026-08-19 22:57:23.594 - RealTimeSTT: realtimestt - DEBUG - _audio_data_worker writing audio data into queue.
2026-08-19 22:57:24.618 - RealTimeSTT: realtimestt - DEBUG - _audio_data_worker writing audio data into queue.
2026-08-19 22:57:25.642 - RealTimeSTT: realtimestt - DEBUG - _audio_data_worker writing audio data into queue.
2026-08-19 22:57:26.666 - RealTimeSTT: realtimestt - DEBUG - _audio_data_worker writing audio data into queue.
2026-08-19 22:57:27.690 - RealTimeSTT: realtimestt - DEBUG - _audio_data_worker writing audio data into queue.
2026-08-19 22:57:28.714 - RealTimeSTT: realtimestt - DEBUG - _audio_data_worker writing audio data into queue.
2026-08-19 22:57:29.738 - RealTimeSTT: realtimestt - DEBUG - _audio_data_worker writing audio data into queue.
2026-08-19 22:57:30.762 - RealTimeSTT: realtimestt - DEBUG - _audio_data_worker writing audio data into queue.
2026-08-19 22:57:31.786 - RealTimeSTT: realtimestt - DEBUG - _audio_data_worker writing audio data into queue.
2026-08-19 22:57:32.810 - RealTimeSTT: realtimestt - DEBUG - _audio_data_worker writing audio data into queue.
2026-08-19 22:57:33.834 - RealTimeSTT: realtimestt - DEBUG - _audio_data_worker writing audio data into queue.
2026-08-19 22:57:34.858 - RealTimeSTT: realtimestt - DEBUG - _audio_data_worker writing audio data into queue.
2026-08-19 22:57:35.882 - RealTimeSTT: realtimestt - DEBUG - _audio_data_worker writing audio data into queue.
2026-08-19 22:57:36.907 - RealTimeSTT: realtimestt - DEBUG - _audio_data_worker writing audio data into queue.
2026-08-19 22:57:37.931 - RealTimeSTT: realtimestt - DEBUG - _audio_data_worker writing audio data into queue.
2026-08-19 22:57:38.954 - RealTimeSTT: realtimestt - DEBUG - _audio_data_worker writing audio data into queue.
2026-08-19 22:57:39.979 - RealTimeSTT: realtimestt - DEBUG - _audio_data_worker writing audio data into queue.
2026-08-19 22:57:41.003 - RealTimeSTT: realtimestt - DEBUG - _audio_data_worker writing audio data into queue.
2026-08-19 22:57:42.027 - RealTimeSTT: realtimestt - DEBUG - _audio_data_worker writing audio data into queue.
2026-08-19 22:57:43.051 - RealTimeSTT: realtimestt - DEBUG - _audio_data_worker writing audio data into queue.
2026-08-19 22:57:44.075 - RealTimeSTT: realtimestt - DEBUG - _audio_data_worker writing audio data into queue.
2026-08-19 22:57:45.099 - RealTimeSTT: realtimestt - DEBUG - _audio_data_worker writing audio data into queue.
2026-08-19 22:57:46.123 - RealTimeSTT: realtimestt - DEBUG - _audio_data_worker writing audio data into queue.
2026-08-19 22:57:47.147 - RealTimeSTT: realtimestt - DEBUG - _audio_data_worker writing audio data into queue.
2026-08-19 22:57:48.171 - RealTimeSTT: realtimestt - DEBUG - _audio_data_worker writing audio data into queue.
2026-08-19 22:57:49.195 - RealTimeSTT: realtimestt - DEBUG - _audio_data_worker writing audio data into queue.
2026-08-19 22:57:50.219 - RealTimeSTT: realtimestt - DEBUG - _audio_data_worker writing audio data into queue.
2026-08-19 22:57:51.243 - RealTimeSTT: realtimestt - DEBUG - _audio_data_worker writing audio data into queue.
2026-08-19 22:57:52.267 - RealTimeSTT: realtimestt - DEBUG - _audio_data_worker writing audio data into queue.
2026-08-19 22:57:53.291 - RealTimeSTT: realtimestt - DEBUG - _audio_data_worker writing audio data into queue.
2026-08-19 22:57:54.315 - RealTimeSTT: realtimestt - DEBUG - _audio_data_worker writing audio data into queue.
2026-08-19 22:57:55.339 - RealTimeSTT: realtimestt - DEBUG - _audio_data_worker writing audio data into queue.
2026-08-19 22:57:56.363 - RealTimeSTT: realtimestt - DEBUG - _audio_data_worker writing audio data into queue.
2026-08-19 22:57:57.387 - RealTimeSTT: realtimestt - DEBUG - _audio_data_worker writing audio data into queue.
2026-08-19 22:57:58.411 - RealTimeSTT: realtimestt - DEBUG - _audio_data_worker writing audio data into queue.
2026-08-19 22:57:59.435 - RealTimeSTT: realtimestt - DEBUG - _audio_data_worker writing audio data into queue.
2026-08-19 22:58:00.459 - RealTimeSTT: realtimestt - DEBUG - _audio_data_worker writing audio data into queue.
2026-08-19 22:58:01.483 - RealTimeSTT: realtimestt - DEBUG - _audio_data_worker writing audio data into queue.
2026-08-19 22:58:02.507 - RealTimeSTT: realtimestt - DEBUG - _audio_data_worker writing audio data into queue.
2026-08-19 22:58:03.531 - RealTimeSTT: realtimestt - DEBUG - _audio_data_worker writing audio data into queue.
2026-08-19 22:58:04.555 - RealTimeSTT: realtimestt - DEBUG - _audio_data_worker writing audio data into queue.
2026-08-19 22:58:05.579 - RealTimeSTT: realtimestt - DEBUG - _audio_data_worker writing audio data into queue.
2026-08-19 22:58:06.603 - RealTimeSTT: realtimestt - DEBUG - _audio_data_worker writing audio data into queue.
2026-08-19 22:58:07.627 - RealTimeSTT: realtimestt - DEBUG - _audio_data_worker writing audio data into queue.
2026-08-19 22:58:08.651 - RealTimeSTT: realtimestt - DEBUG - _audio_data_worker writing audio data into queue.
2026-08-19 22:58:09.675 - RealTimeSTT: realtimestt - DEBUG - _audio_data_worker writing audio data into queue.
2026-08-19 22:58:10.699 - RealTimeSTT: realtimestt - DEBUG - _audio_data_worker writing audio data into queue.
2026-08-19 22:58:11.723 - RealTimeSTT: realtimestt - DEBUG - _audio_data_worker writing audio data into queue.
2026-08-19 22:58:12.747 - RealTimeSTT: realtimestt - DEBUG - _audio_data_worker writing audio data into queue.
2026-08-19 22:58:13.771 - RealTimeSTT: realtimestt - DEBUG - _audio_data_worker writing audio data into queue.
2026-08-19 22:58:14.795 - RealTimeSTT: realtimestt - DEBUG - _audio_data_worker writing audio data into queue.
2026-08-19 22:58:15.819 - RealTimeSTT: realtimestt - DEBUG - _audio_data_worker writing audio data into queue.
2026-08-19 22:58:16.844 - RealTimeSTT: realtimestt - DEBUG - _audio_data_worker writing audio data into queue.
2026-08-19 22:58:17.868 - RealTimeSTT: realtimestt - DEBUG - _audio_data_worker writing audio data into queue.
2026-08-19 22:58:18.892 - RealTimeSTT: realtimestt - DEBUG - _audio_data_worker writing audio data into queue.
2026-08-19 22:58:19.916 - RealTimeSTT: realtimestt - DEBUG - _audio_data_worker writing audio data into queue.
2026-08-19 22:58:20.940 - RealTimeSTT: realtimestt - DEBUG - _audio_data_worker writing audio data into queue.
2026-08-19 22:58:21.964 - RealTimeSTT: realtimestt - DEBUG - _audio_data_worker writing audio data into queue.
2026-08-19 22:58:22.988 - RealTimeSTT: realtimestt - DEBUG - _audio_data_worker writing audio data into queue.
2026-08-19 22:58:24.012 - RealTimeSTT: realtimestt - DEBUG - _audio_data_worker writing audio data into queue.
2026-08-19 22:58:25.036 - RealTimeSTT: realtimestt - DEBUG - _audio_data_worker writing audio data into queue.
2026-08-19 22:58:26.060 - RealTimeSTT: realtimestt - DEBUG - _audio_data_worker writing audio data into queue.
2026-08-19 22:58:27.084 - RealTimeSTT: realtimestt - DEBUG - _audio_data_worker writing audio data into queue.
2026-08-19 22:58:28.108 - RealTimeSTT: realtimestt - DEBUG - _audio_data_worker writing audio data into queue.
2026-08-19 22:58:29.132 - RealTimeSTT: realtimestt - DEBUG - _audio_data_worker writing audio data into queue.
2026-08-19 22:58:30.156 - RealTimeSTT: realtimestt - DEBUG - _audio_data_worker writing audio data into queue.
2026-08-19 22:58:31.180 - RealTimeSTT: realtimestt - DEBUG - _audio_data_worker writing audio data into queue.
2026-08-19 22:58:32.204 - RealTimeSTT: realtimestt - DEBUG - _audio_data_worker writing audio data into queue.
2026-08-19 22:58:33.228 - RealTimeSTT: realtimestt - DEBUG - _audio_data_worker writing audio data into queue.
2026-08-19 22:58:34.252 - RealTimeSTT: realtimestt - DEBUG - _audio_data_worker writing audio data into queue.
2026-08-19 22:58:35.276 - RealTimeSTT: realtimestt - DEBUG - _audio_data_worker writing audio data into queue.
2026-08-19 22:58:36.300 - RealTimeSTT: realtimestt - DEBUG - _audio_data_worker writing audio data into queue.
2026-08-19 22:58:37.324 - RealTimeSTT: realtimestt - DEBUG - _audio_data_worker writing audio data into queue.
2026-08-19 22:58:38.348 - RealTimeSTT: realtimestt - DEBUG - _audio_data_worker writing audio data into queue.
2026-08-19 22:58:39.372 - RealTimeSTT: realtimestt - DEBUG - _audio_data_worker writing audio data into queue.
2026-08-19 22:58:40.396 - RealTimeSTT: realtimestt - DEBUG - _audio_data_worker writing audio data into queue.
2026-08-19 22:58:41.420 - RealTimeSTT: realtimestt - DEBUG - _audio_data_worker writing audio data into queue.
2026-08-19 22:58:42.444 - RealTimeSTT: realtimestt - DEBUG - _audio_data_worker writing audio data into queue.
2026-08-19 22:58:43.468 - RealTimeSTT: realtimestt - DEBUG - _audio_data_worker writing audio data into queue.
2026-08-19 22:58:44.492 - RealTimeSTT: realtimestt - DEBUG - _audio_data_worker writing audio data into queue.
2026-08-19 22:58:45.516 - RealTimeSTT: realtimestt - DEBUG - _audio_data_worker writing audio data into queue.
2026-08-19 22:58:46.540 - RealTimeSTT: realtimestt - DEBUG - _audio_data_worker writing audio data into queue.
2026-08-19 22:58:47.564 - RealTimeSTT: realtimestt - DEBUG - _audio_data_worker writing audio data into queue.
2026-08-19 22:58:48.588 - RealTimeSTT: realtimestt - DEBUG - _audio_data_worker writing audio data into queue.
2026-08-19 22:58:49.612 - RealTimeSTT: realtimestt - DEBUG - _audio_data_worker writing audio data into queue.
2026-08-19 22:58:50.636 - RealTimeSTT: realtimestt - DEBUG - _audio_data_worker writing audio data into queue.
2026-08-19 22:58:51.660 - RealTimeSTT: realtimestt - DEBUG - _audio_data_worker writing audio data into queue.
2026-08-19 22:58:52.685 - RealTimeSTT: realtimestt - DEBUG - _audio_data_worker writing audio data into queue.
2026-08-19 22:58:53.709 - RealTimeSTT: realtimestt - DEBUG - _audio_data_worker writing audio data into queue.
2026-08-19 22:58:54.733 - RealTimeSTT: realtimestt - DEBUG - _audio_data_worker writing audio data into queue.
2026-08-19 22:58:55.757 - RealTimeSTT: realtimestt - DEBUG - _audio_data_worker writing audio data into queue.
2026-08-19 22:58:56.781 - RealTimeSTT: realtimestt - DEBUG - _audio_data_worker writing audio data into queue.
2026-08-19 22:58:57.805 - RealTimeSTT: realtimestt - DEBUG - _audio_data_worker writing audio data into queue.
2026-08-19 22:58:58.829 - RealTimeSTT: realtimestt - DEBUG - _audio_data_worker writing audio data into queue.
2026-08-19 22:58:59.853 - RealTimeSTT: realtimestt - DEBUG - _audio_data_worker writing audio data into queue.
2026-08-19 22:59:00.877 - RealTimeSTT: realtimestt - DEBUG - _audio_data_worker writing audio data into queue.
2026-08-19 22:59:01.901 - RealTimeSTT: realtimestt - DEBUG - _audio_data_worker writing audio data into queue.
2026-08-19 22:59:02.925 - RealTimeSTT: realtimestt - DEBUG - _audio_data_worker writing audio data into queue.
2026-08-19 22:59:03.949 - RealTimeSTT: realtimestt - DEBUG - _audio_data_worker writing audio data into queue.
2026-08-19 22:59:04.973 - RealTimeSTT: realtimestt - DEBUG - _audio_data_worker writing audio data into queue.
2026-08-19 22:59:05.997 - RealTimeSTT: realtimestt - DEBUG - _audio_data_worker writing audio data into queue.
2026-08-19 22:59:07.021 - RealTimeSTT: realtimestt - DEBUG - _audio_data_worker writing audio data into queue.
2026-08-19 22:59:08.045 - RealTimeSTT: realtimestt - DEBUG - _audio_data_worker writing audio data into queue.
2026-08-19 22:59:09.069 - RealTimeSTT: realtimestt - DEBUG - _audio_data_worker writing audio data into queue.
2026-08-19 22:59:10.093 - RealTimeSTT: realtimestt - DEBUG - _audio_data_worker writing audio data into queue.
2026-08-19 22:59:11.117 - RealTimeSTT: realtimestt - DEBUG - _audio_data_worker writing audio data into queue.
2026-08-19 22:59:12.141 - RealTimeSTT: realtimestt - DEBUG - _audio_data_worker writing audio data into queue.
2026-08-19 22:59:13.165 - RealTimeSTT: realtimestt - DEBUG - _audio_data_worker writing audio data into queue.
2026-08-19 22:59:14.189 - RealTimeSTT: realtimestt - DEBUG - _audio_data_worker writing audio data into queue.
2026-08-19 22:59:15.213 - RealTimeSTT: realtimestt - DEBUG - _audio_data_worker writing audio data into queue.
2026-08-19 22:59:16.237 - RealTimeSTT: realtimestt - DEBUG - _audio_data_worker writing audio data into queue.
2026-08-19 22:59:17.261 - RealTimeSTT: realtimestt - DEBUG - _audio_data_worker writing audio data into queue.
2026-08-19 22:59:18.285 - RealTimeSTT: realtimestt - DEBUG - _audio_data_worker writing audio data into queue.
2026-08-19 22:59:19.309 - RealTimeSTT: realtimestt - DEBUG - _audio_data_worker writing audio data into queue.
2026-08-19 22:59:20.333 - RealTimeSTT: realtimestt - DEBUG - _audio_data_worker writing audio data into queue.
2026-08-19 22:59:21.358 - RealTimeSTT: realtimestt - DEBUG - _audio_data_worker writing audio data into queue.
2026-08-19 22:59:22.381 - RealTimeSTT: realtimestt - DEBUG - _audio_data_worker writing audio data into queue.
2026-08-19 22:59:23.406 - RealTimeSTT: realtimestt - DEBUG - _audio_data_worker writing audio data into queue.
2026-08-19 22:59:24.430 - RealTimeSTT: realtimestt - DEBUG - _audio_data_worker writing audio data into queue.
2026-08-19 22:59:25.454 - RealTimeSTT: realtimestt - DEBUG - _audio_data_worker writing audio data into queue.
2026-08-19 22:59:26.478 - RealTimeSTT: realtimestt - DEBUG - _audio_data_worker writing audio data into queue.
2026-08-19 22:59:27.502 - RealTimeSTT: realtimestt - DEBUG - _audio_data_worker writing audio data into queue.
2026-08-19 22:59:28.526 - RealTimeSTT: realtimestt - DEBUG - _audio_data_worker writing audio data into queue.
2026-08-19 22:59:29.550 - RealTimeSTT: realtimestt - DEBUG - _audio_data_worker writing audio data into queue.
2026-08-19 22:59:30.574 - RealTimeSTT: realtimestt - DEBUG - _audio_data_worker writing audio data into queue.
2026-08-19 22:59:31.598 - RealTimeSTT: realtimestt - DEBUG - _audio_data_worker writing audio data into queue.
2026-08-19 22:59:32.622 - RealTimeSTT: realtimestt - DEBUG - _audio_data_worker writing audio data into queue.
2026-08-19 22:59:33.646 - RealTimeSTT: realtimestt - DEBUG - _audio_data_worker writing audio data into queue.
2026-08-19 22:59:34.670 - RealTimeSTT: realtimestt - DEBUG - _audio_data_worker writing audio data into queue.
2026-08-19 22:59:35.694 - RealTimeSTT: realtimestt - DEBUG - _audio_data_worker writing audio data into queue.
2026-08-19 22:59:36.718 - RealTimeSTT: realtimestt - DEBUG - _audio_data_worker writing audio data into queue.
2026-08-19 22:59:37.742 - RealTimeSTT: realtimestt - DEBUG - _audio_data_worker writing audio data into queue.
2026-08-19 22:59:38.766 - RealTimeSTT: realtimestt - DEBUG - _audio_data_worker writing audio data into queue.
2026-08-19 22:59:39.790 - RealTimeSTT: realtimestt - DEBUG - _audio_data_worker writing audio data into queue.
2026-08-19 22:59:40.814 - RealTimeSTT: realtimestt - DEBUG - _audio_data_worker writing audio data into queue.
2026-08-19 22:59:41.838 - RealTimeSTT: realtimestt - DEBUG - _audio_data_worker writing audio data into queue.
2026-08-19 22:59:42.862 - RealTimeSTT: realtimestt - DEBUG - _audio_data_worker writing audio data into queue.
2026-08-19 22:59:43.886 - RealTimeSTT: realtimestt - DEBUG - _audio_data_worker writing audio data into queue.
2026-08-19 22:59:44.910 - RealTimeSTT: realtimestt - DEBUG - _audio_data_worker writing audio data into queue.
2026-08-19 22:59:45.934 - RealTimeSTT: realtimestt - DEBUG - _audio_data_worker writing audio data into queue.
2026-08-19 22:59:46.959 - RealTimeSTT: realtimestt - DEBUG - _audio_data_worker writing audio data into queue.
2026-08-19 22:59:47.982 - RealTimeSTT: realtimestt - DEBUG - _audio_data_worker writing audio data into queue.
2026-08-19 22:59:49.006 - RealTimeSTT: realtimestt - DEBUG - _audio_data_worker writing audio data into queue.
2026-08-19 22:59:50.030 - RealTimeSTT: realtimestt - DEBUG - _audio_data_worker writing audio data into queue.
2026-08-19 22:59:51.054 - RealTimeSTT: realtimestt - DEBUG - _audio_data_worker writing audio data into queue.
2026-08-19 22:59:52.078 - RealTimeSTT: realtimestt - DEBUG - _audio_data_worker writing audio data into queue.
2026-08-19 22:59:53.103 - RealTimeSTT: realtimestt - DEBUG - _audio_data_worker writing audio data into queue.
2026-08-19 22:59:54.127 - RealTimeSTT: realtimestt - DEBUG - _audio_data_worker writing audio data into queue.
2026-08-19 22:59:55.150 - RealTimeSTT: realtimestt - DEBUG - _audio_data_worker writing audio data into queue.
2026-08-19 22:59:56.175 - RealTimeSTT: realtimestt - DEBUG - _audio_data_worker writing audio data into queue.
2026-08-19 22:59:57.199 - RealTimeSTT: realtimestt - DEBUG - _audio_data_worker writing audio data into queue.
2026-08-19 22:59:58.223 - RealTimeSTT: realtimestt - DEBUG - _audio_data_worker writing audio data into queue.
2026-08-19 22:59:59.247 - RealTimeSTT: realtimestt - DEBUG - _audio_data_worker writing audio data into queue.
2026-08-19 23:00:00.271 - RealTimeSTT: realtimestt - DEBUG - _audio_data_worker writing audio data into queue.
2026-08-19 23:00:01.295 - RealTimeSTT: realtimestt - DEBUG - _audio_data_worker writing audio data into queue.
2026-08-19 23:00:02.319 - RealTimeSTT: realtimestt - DEBUG - _audio_data_worker writing audio data into queue.
2026-08-19 23:00:03.343 - RealTimeSTT: realtimestt - DEBUG - _audio_data_worker writing audio data into queue.
2026-08-19 23:00:04.367 - RealTimeSTT: realtimestt - DEBUG - _audio_data_worker writing audio data into queue.
2026-08-19 23:00:05.391 - RealTimeSTT: realtimestt - DEBUG - _audio_data_worker writing audio data into queue.
2026-08-19 23:00:06.415 - RealTimeSTT: realtimestt - DEBUG - _audio_data_worker writing audio data into queue.
2026-08-19 23:00:07.439 - RealTimeSTT: realtimestt - DEBUG - _audio_data_worker writing audio data into queue.
2026-08-19 23:00:08.463 - RealTimeSTT: realtimestt - DEBUG - _audio_data_worker writing audio data into queue.
2026-08-19 23:00:09.487 - RealTimeSTT: realtimestt - DEBUG - _audio_data_worker writing audio data into queue.
2026-08-19 23:00:10.511 - RealTimeSTT: realtimestt - DEBUG - _audio_data_worker writing audio data into queue.
2026-08-19 23:00:11.535 - RealTimeSTT: realtimestt - DEBUG - _audio_data_worker writing audio data into queue.
2026-08-19 23:00:12.559 - RealTimeSTT: realtimestt - DEBUG - _audio_data_worker writing audio data into queue.
2026-08-19 23:00:13.583 - RealTimeSTT: realtimestt - DEBUG - _audio_data_worker writing audio data into queue.
2026-08-19 23:00:14.607 - RealTimeSTT: realtimestt - DEBUG - _audio_data_worker writing audio data into queue.
2026-08-19 23:00:15.631 - RealTimeSTT: realtimestt - DEBUG - _audio_data_worker writing audio data into queue.
2026-08-19 23:00:16.655 - RealTimeSTT: realtimestt - DEBUG - _audio_data_worker writing audio data into queue.
2026-08-19 23:00:17.679 - RealTimeSTT: realtimestt - DEBUG - _audio_data_worker writing audio data into queue.
2026-08-19 23:00:18.703 - RealTimeSTT: realtimestt - DEBUG - _audio_data_worker writing audio data into queue.
2026-08-19 23:00:19.727 - RealTimeSTT: realtimestt - DEBUG - _audio_data_worker writing audio data into queue.
2026-08-19 23:00:20.751 - RealTimeSTT: realtimestt - DEBUG - _audio_data_worker writing audio data into queue.
2026-08-19 23:00:21.775 - RealTimeSTT: realtimestt - DEBUG - _audio_data_worker writing audio data into queue.
2026-08-19 23:00:22.799 - RealTimeSTT: realtimestt - DEBUG - _audio_data_worker writing audio data into queue.
2026-08-19 23:00:23.823 - RealTimeSTT: realtimestt - DEBUG - _audio_data_worker writing audio data into queue.
2026-08-19 23:00:24.847 - RealTimeSTT: realtimestt - DEBUG - _audio_data_worker writing audio data into queue.
2026-08-19 23:00:25.871 - RealTimeSTT: realtimestt - DEBUG - _audio_data_worker writing audio data into queue.
2026-08-19 23:00:26.895 - RealTimeSTT: realtimestt - DEBUG - _audio_data_worker writing audio data into queue.
2026-08-19 23:00:27.919 - RealTimeSTT: realtimestt - DEBUG - _audio_data_worker writing audio data into queue.
2026-08-19 23:00:28.944 - RealTimeSTT: realtimestt - DEBUG - _audio_data_worker writing audio data into queue.
2026-08-19 23:00:29.967 - RealTimeSTT: realtimestt - DEBUG - _audio_data_worker writing audio data into queue.
2026-08-19 23:00:30.991 - RealTimeSTT: realtimestt - DEBUG - _audio_data_worker writing audio data into queue.
2026-08-19 23:00:32.015 - RealTimeSTT: realtimestt - DEBUG - _audio_data_worker writing audio data into queue.
2026-08-19 23:00:33.040 - RealTimeSTT: realtimestt - DEBUG - _audio_data_worker writing audio data into queue.
2026-08-19 23:00:34.064 - RealTimeSTT: realtimestt - DEBUG - _audio_data_worker writing audio data into queue.
2026-08-19 23:00:35.088 - RealTimeSTT: realtimestt - DEBUG - _audio_data_worker writing audio data into queue.
2026-08-19 23:00:36.112 - RealTimeSTT: realtimestt - DEBUG - _audio_data_worker writing audio data into queue.
2026-08-19 23:00:37.136 - RealTimeSTT: realtimestt - DEBUG - _audio_data_worker writing audio data into queue.
2026-08-19 23:00:38.160 - RealTimeSTT: realtimestt - DEBUG - _audio_data_worker writing audio data into queue.
2026-08-19 23:00:39.184 - RealTimeSTT: realtimestt - DEBUG - _audio_data_worker writing audio data into queue.
2026-08-19 23:00:40.208 - RealTimeSTT: realtimestt - DEBUG - _audio_data_worker writing audio data into queue.
2026-08-19 23:00:41.232 - RealTimeSTT: realtimestt - DEBUG - _audio_data_worker writing audio data into queue.
2026-08-19 23:00:42.256 - RealTimeSTT: realtimestt - DEBUG - _audio_data_worker writing audio data into queue.
2026-08-19 23:00:43.280 - RealTimeSTT: realtimestt - DEBUG - _audio_data_worker writing audio data into queue.
2026-08-19 23:00:44.304 - RealTimeSTT: realtimestt - DEBUG - _audio_data_worker writing audio data into queue.
2026-08-19 23:00:45.328 - RealTimeSTT: realtimestt - DEBUG - _audio_data_worker writing audio data into queue.
2026-08-19 23:00:46.352 - RealTimeSTT: realtimestt - DEBUG - _audio_data_worker writing audio data into queue.
2026-08-19 23:00:47.376 - RealTimeSTT: realtimestt - DEBUG - _audio_data_worker writing audio data into queue.
2026-08-19 23:00:48.400 - RealTimeSTT: realtimestt - DEBUG - _audio_data_worker writing audio data into queue.
2026-08-19 23:00:49.424 - RealTimeSTT: realtimestt - DEBUG - _audio_data_worker writing audio data into queue.
2026-08-19 23:00:50.448 - RealTimeSTT: realtimestt - DEBUG - _audio_data_worker writing audio data into queue.
2026-08-19 23:00:51.472 - RealTimeSTT: realtimestt - DEBUG - _audio_data_worker writing audio data into queue.
2026-08-19 23:00:52.496 - RealTimeSTT: realtimestt - DEBUG - _audio_data_worker writing audio data into queue.
2026-08-19 23:00:53.520 - RealTimeSTT: realtimestt - DEBUG - _audio_data_worker writing audio data into queue.
2026-08-19 23:00:54.544 - RealTimeSTT: realtimestt - DEBUG - _audio_data_worker writing audio data into queue.
2026-08-19 23:00:55.568 - RealTimeSTT: realtimestt - DEBUG - _audio_data_worker writing audio data into queue.
2026-08-19 23:00:56.592 - RealTimeSTT: realtimestt - DEBUG - _audio_data_worker writing audio data into queue.
2026-08-19 23:00:57.616 - RealTimeSTT: realtimestt - DEBUG - _audio_data_worker writing audio data into queue.
2026-08-19 23:00:58.640 - RealTimeSTT: realtimestt - DEBUG - _audio_data_worker writing audio data into queue.
2026-08-19 23:00:59.665 - RealTimeSTT: realtimestt - DEBUG - _audio_data_worker writing audio data into queue.
2026-08-19 23:01:00.689 - RealTimeSTT: realtimestt - DEBUG - _audio_data_worker writing audio data into queue.
2026-08-19 23:01:01.713 - RealTimeSTT: realtimestt - DEBUG - _audio_data_worker writing audio data into queue.
2026-08-19 23:01:02.737 - RealTimeSTT: realtimestt - DEBUG - _audio_data_worker writing audio data into queue.
2026-08-19 23:01:03.761 - RealTimeSTT: realtimestt - DEBUG - _audio_data_worker writing audio data into queue.
2026-08-19 23:01:04.785 - RealTimeSTT: realtimestt - DEBUG - _audio_data_worker writing audio data into queue.
2026-08-19 23:01:05.809 - RealTimeSTT: realtimestt - DEBUG - _audio_data_worker writing audio data into queue.
2026-08-19 23:01:06.833 - RealTimeSTT: realtimestt - DEBUG - _audio_data_worker writing audio data into queue.
2026-08-19 23:01:07.857 - RealTimeSTT: realtimestt - DEBUG - _audio_data_worker writing audio data into queue.
2026-08-19 23:01:08.881 - RealTimeSTT: realtimestt - DEBUG - _audio_data_worker writing audio data into queue.
2026-08-19 23:01:09.905 - RealTimeSTT: realtimestt - DEBUG - _audio_data_worker writing audio data into queue.
2026-08-19 23:01:10.929 - RealTimeSTT: realtimestt - DEBUG - _audio_data_worker writing audio data into queue.
2026-08-19 23:01:11.953 - RealTimeSTT: realtimestt - DEBUG - _audio_data_worker writing audio data into queue.
2026-08-19 23:01:12.977 - RealTimeSTT: realtimestt - DEBUG - _audio_data_worker writing audio data into queue.
2026-08-19 23:01:14.001 - RealTimeSTT: realtimestt - DEBUG - _audio_data_worker writing audio data into queue.
2026-08-19 23:01:15.025 - RealTimeSTT: realtimestt - DEBUG - _audio_data_worker writing audio data into queue.
2026-08-19 23:01:16.049 - RealTimeSTT: realtimestt - DEBUG - _audio_data_worker writing audio data into queue.
2026-08-19 23:01:17.073 - RealTimeSTT: realtimestt - DEBUG - _audio_data_worker writing audio data into queue.
2026-08-19 23:01:18.097 - RealTimeSTT: realtimestt - DEBUG - _audio_data_worker writing audio data into queue.
2026-08-19 23:01:19.121 - RealTimeSTT: realtimestt - DEBUG - _audio_data_worker writing audio data into queue.
2026-08-19 23:01:20.145 - RealTimeSTT: realtimestt - DEBUG - _audio_data_worker writing audio data into queue.
2026-08-19 23:01:21.169 - RealTimeSTT: realtimestt - DEBUG - _audio_data_worker writing audio data into queue.
2026-08-19 23:01:22.193 - RealTimeSTT: realtimestt - DEBUG - _audio_data_worker writing audio data into queue.
2026-08-19 23:01:23.217 - RealTimeSTT: realtimestt - DEBUG - _audio_data_worker writing audio data into queue.
2026-08-19 23:01:24.241 - RealTimeSTT: realtimestt - DEBUG - _audio_data_worker writing audio data into queue.
2026-08-19 23:01:25.265 - RealTimeSTT: realtimestt - DEBUG - _audio_data_worker writing audio data into queue.
2026-08-19 23:01:26.289 - RealTimeSTT: realtimestt - DEBUG - _audio_data_worker writing audio data into queue.
2026-08-19 23:01:27.313 - RealTimeSTT: realtimestt - DEBUG - _audio_data_worker writing audio data into queue.
2026-08-19 23:01:28.337 - RealTimeSTT: realtimestt - DEBUG - _audio_data_worker writing audio data into queue.
2026-08-19 23:01:29.361 - RealTimeSTT: realtimestt - DEBUG - _audio_data_worker writing audio data into queue.
2026-08-19 23:01:30.385 - RealTimeSTT: realtimestt - DEBUG - _audio_data_worker writing audio data into queue.
2026-08-19 23:01:31.409 - RealTimeSTT: realtimestt - DEBUG - _audio_data_worker writing audio data into queue.
2026-08-19 23:01:32.433 - RealTimeSTT: realtimestt - DEBUG - _audio_data_worker writing audio data into queue.
2026-08-19 23:01:33.457 - RealTimeSTT: realtimestt - DEBUG - _audio_data_worker writing audio data into queue.
2026-08-19 23:01:34.482 - RealTimeSTT: realtimestt - DEBUG - _audio_data_worker writing audio data into queue.
2026-08-19 23:01:35.506 - RealTimeSTT: realtimestt - DEBUG - _audio_data_worker writing audio data into queue.
2026-08-19 23:01:36.530 - RealTimeSTT: realtimestt - DEBUG - _audio_data_worker writing audio data into queue.
2026-08-19 23:01:37.554 - RealTimeSTT: realtimestt - DEBUG - _audio_data_worker writing audio data into queue.
2026-08-19 23:01:38.578 - RealTimeSTT: realtimestt - DEBUG - _audio_data_worker writing audio data into queue.
2026-08-19 23:01:39.602 - RealTimeSTT: realtimestt - DEBUG - _audio_data_worker writing audio data into queue.
2026-08-19 23:01:40.626 - RealTimeSTT: realtimestt - DEBUG - _audio_data_worker writing audio data into queue.
2026-08-19 23:01:41.650 - RealTimeSTT: realtimestt - DEBUG - _audio_data_worker writing audio data into queue.
2026-08-19 23:01:42.674 - RealTimeSTT: realtimestt - DEBUG - _audio_data_worker writing audio data into queue.
2026-08-19 23:01:43.698 - RealTimeSTT: realtimestt - DEBUG - _audio_data_worker writing audio data into queue.
2026-08-19 23:01:44.722 - RealTimeSTT: realtimestt - DEBUG - _audio_data_worker writing audio data into queue.
2026-08-19 23:01:45.746 - RealTimeSTT: realtimestt - DEBUG - _audio_data_worker writing audio data into queue.
2026-08-19 23:01:46.770 - RealTimeSTT: realtimestt - DEBUG - _audio_data_worker writing audio data into queue.
2026-08-19 23:01:47.794 - RealTimeSTT: realtimestt - DEBUG - _audio_data_worker writing audio data into queue.
2026-08-19 23:01:48.818 - RealTimeSTT: realtimestt - DEBUG - _audio_data_worker writing audio data into queue.
2026-08-19 23:01:49.842 - RealTimeSTT: realtimestt - DEBUG - _audio_data_worker writing audio data into queue.
2026-08-19 23:01:50.866 - RealTimeSTT: realtimestt - DEBUG - _audio_data_worker writing audio data into queue.
2026-08-19 23:01:51.890 - RealTimeSTT: realtimestt - DEBUG - _audio_data_worker writing audio data into queue.
2026-08-19 23:01:52.914 - RealTimeSTT: realtimestt - DEBUG - _audio_data_worker writing audio data into queue.
2026-08-19 23:01:53.938 - RealTimeSTT: realtimestt - DEBUG - _audio_data_worker writing audio data into queue.
2026-08-19 23:01:54.962 - RealTimeSTT: realtimestt - DEBUG - _audio_data_worker writing audio data into queue.
2026-08-19 23:01:55.986 - RealTimeSTT: realtimestt - DEBUG - _audio_data_worker writing audio data into queue.
2026-08-19 23:01:57.010 - RealTimeSTT: realtimestt - DEBUG - _audio_data_worker writing audio data into queue.
2026-08-19 23:01:58.034 - RealTimeSTT: realtimestt - DEBUG - _audio_data_worker writing audio data into queue.
2026-08-19 23:01:59.058 - RealTimeSTT: realtimestt - DEBUG - _audio_data_worker writing audio data into queue.
2026-08-19 23:02:00.082 - RealTimeSTT: realtimestt - DEBUG - _audio_data_worker writing audio data into queue.
2026-08-19 23:02:01.106 - RealTimeSTT: realtimestt - DEBUG - _audio_data_worker writing audio data into queue.
2026-08-19 23:02:02.130 - RealTimeSTT: realtimestt - DEBUG - _audio_data_worker writing audio data into queue.
2026-08-19 23:02:03.154 - RealTimeSTT: realtimestt - DEBUG - _audio_data_worker writing audio data into queue.
2026-08-19 23:02:04.178 - RealTimeSTT: realtimestt - DEBUG - _audio_data_worker writing audio data into queue.
2026-08-19 23:02:05.202 - RealTimeSTT: realtimestt - DEBUG - _audio_data_worker writing audio data into queue.
2026-08-19 23:02:06.227 - RealTimeSTT: realtimestt - DEBUG - _audio_data_worker writing audio data into queue.
2026-08-19 23:02:07.251 - RealTimeSTT: realtimestt - DEBUG - _audio_data_worker writing audio data into queue.
2026-08-19 23:02:08.275 - RealTimeSTT: realtimestt - DEBUG - _audio_data_worker writing audio data into queue.
2026-08-19 23:02:09.299 - RealTimeSTT: realtimestt - DEBUG - _audio_data_worker writing audio data into queue.
2026-08-19 23:02:10.323 - RealTimeSTT: realtimestt - DEBUG - _audio_data_worker writing audio data into queue.
2026-08-19 23:02:11.346 - RealTimeSTT: realtimestt - DEBUG - _audio_data_worker writing audio data into queue.
2026-08-19 23:02:12.371 - RealTimeSTT: realtimestt - DEBUG - _audio_data_worker writing audio data into queue.
2026-08-19 23:02:13.395 - RealTimeSTT: realtimestt - DEBUG - _audio_data_worker writing audio data into queue.
2026-08-19 23:02:14.419 - RealTimeSTT: realtimestt - DEBUG - _audio_data_worker writing audio data into queue.
2026-08-19 23:02:15.443 - RealTimeSTT: realtimestt - DEBUG - _audio_data_worker writing audio data into queue.
2026-08-19 23:02:16.467 - RealTimeSTT: realtimestt - DEBUG - _audio_data_worker writing audio data into queue.
2026-08-19 23:02:17.491 - RealTimeSTT: realtimestt - DEBUG - _audio_data_worker writing audio data into queue.
2026-08-19 23:02:18.515 - RealTimeSTT: realtimestt - DEBUG - _audio_data_worker writing audio data into queue.
2026-08-19 23:02:19.539 - RealTimeSTT: realtimestt - DEBUG - _audio_data_worker writing audio data into queue.
2026-08-19 23:02:20.563 - RealTimeSTT: realtimestt - DEBUG - _audio_data_worker writing audio data into queue.
2026-08-19 23:02:21.587 - RealTimeSTT: realtimestt - DEBUG - _audio_data_worker writing audio data into queue.
2026-08-19 23:02:22.611 - RealTimeSTT: realtimestt - DEBUG - _audio_data_worker writing audio data into queue.
2026-08-19 23:02:23.635 - RealTimeSTT: realtimestt - DEBUG - _audio_data_worker writing audio data into queue.
2026-08-19 23:02:24.659 - RealTimeSTT: realtimestt - DEBUG - _audio_data_worker writing audio data into queue.
2026-08-19 23:02:25.683 - RealTimeSTT: realtimestt - DEBUG - _audio_data_worker writing audio data into queue.
2026-08-19 23:02:26.707 - RealTimeSTT: realtimestt - DEBUG - _audio_data_worker writing audio data into queue.
2026-08-19 23:02:27.731 - RealTimeSTT: realtimestt - DEBUG - _audio_data_worker writing audio data into queue.
2026-08-19 23:02:28.755 - RealTimeSTT: realtimestt - DEBUG - _audio_data_worker writing audio data into queue.
2026-08-19 23:02:29.779 - RealTimeSTT: realtimestt - DEBUG - _audio_data_worker writing audio data into queue.
2026-08-19 23:02:30.803 - RealTimeSTT: realtimestt - DEBUG - _audio_data_worker writing audio data into queue.
2026-08-19 23:02:31.827 - RealTimeSTT: realtimestt - DEBUG - _audio_data_worker writing audio data into queue.
2026-08-19 23:02:32.851 - RealTimeSTT: realtimestt - DEBUG - _audio_data_worker writing audio data into queue.
2026-08-19 23:02:33.875 - RealTimeSTT: realtimestt - DEBUG - _audio_data_worker writing audio data into queue.
2026-08-19 23:02:34.899 - RealTimeSTT: realtimestt - DEBUG - _audio_data_worker writing audio data into queue.
2026-08-19 23:02:35.923 - RealTimeSTT: realtimestt - DEBUG - _audio_data_worker writing audio data into queue.
2026-08-19 23:02:36.947 - RealTimeSTT: realtimestt - DEBUG - _audio_data_worker writing audio data into queue.
2026-08-19 23:02:37.971 - RealTimeSTT: realtimestt - DEBUG - _audio_data_worker writing audio data into queue.
2026-08-19 23:02:38.995 - RealTimeSTT: realtimestt - DEBUG - _audio_data_worker writing audio data into queue.
2026-08-19 23:02:40.019 - RealTimeSTT: realtimestt - DEBUG - _audio_data_worker writing audio data into queue.
2026-08-19 23:02:41.043 - RealTimeSTT: realtimestt - DEBUG - _audio_data_worker writing audio data into queue.
2026-08-19 23:02:42.067 - RealTimeSTT: realtimestt - DEBUG - _audio_data_worker writing audio data into queue.
2026-08-19 23:02:43.091 - RealTimeSTT: realtimestt - DEBUG - _audio_data_worker writing audio data into queue.
2026-08-19 23:02:44.115 - RealTimeSTT: realtimestt - DEBUG - _audio_data_worker writing audio data into queue.
2026-08-19 23:02:45.139 - RealTimeSTT: realtimestt - DEBUG - _audio_data_worker writing audio data into queue.
2026-08-19 23:02:46.164 - RealTimeSTT: realtimestt - DEBUG - _audio_data_worker writing audio data into queue.
2026-08-19 23:02:47.188 - RealTimeSTT: realtimestt - DEBUG - _audio_data_worker writing audio data into queue.
2026-08-19 23:02:48.212 - RealTimeSTT: realtimestt - DEBUG - _audio_data_worker writing audio data into queue.
2026-08-19 23:02:49.236 - RealTimeSTT: realtimestt - DEBUG - _audio_data_worker writing audio data into queue.
2026-08-19 23:02:50.260 - RealTimeSTT: realtimestt - DEBUG - _audio_data_worker writing audio data into queue.
2026-08-19 23:02:51.284 - RealTimeSTT: realtimestt - DEBUG - _audio_data_worker writing audio data into queue.
2026-08-19 23:02:52.308 - RealTimeSTT: realtimestt - DEBUG - _audio_data_worker writing audio data into queue.
2026-08-19 23:02:53.332 - RealTimeSTT: realtimestt - DEBUG - _audio_data_worker writing audio data into queue.
2026-08-19 23:02:54.356 - RealTimeSTT: realtimestt - DEBUG - _audio_data_worker writing audio data into queue.
2026-08-19 23:02:55.380 - RealTimeSTT: realtimestt - DEBUG - _audio_data_worker writing audio data into queue.
2026-08-19 23:02:56.404 - RealTimeSTT: realtimestt - DEBUG - _audio_data_worker writing audio data into queue.
2026-08-19 23:02:57.428 - RealTimeSTT: realtimestt - DEBUG - _audio_data_worker writing audio data into queue.
2026-08-19 23:02:58.452 - RealTimeSTT: realtimestt - DEBUG - _audio_data_worker writing audio data into queue.
2026-08-19 23:02:59.476 - RealTimeSTT: realtimestt - DEBUG - _audio_data_worker writing audio data into queue.
2026-08-19 23:03:00.500 - RealTimeSTT: realtimestt - DEBUG - _audio_data_worker writing audio data into queue.
2026-08-19 23:03:01.524 - RealTimeSTT: realtimestt - DEBUG - _audio_data_worker writing audio data into queue.
2026-08-19 23:03:02.548 - RealTimeSTT: realtimestt - DEBUG - _audio_data_worker writing audio data into queue.
2026-08-19 23:03:03.572 - RealTimeSTT: realtimestt - DEBUG - _audio_data_worker writing audio data into queue.
2026-08-19 23:03:04.596 - RealTimeSTT: realtimestt - DEBUG - _audio_data_worker writing audio data into queue.
2026-08-19 23:03:05.620 - RealTimeSTT: realtimestt - DEBUG - _audio_data_worker writing audio data into queue.
2026-08-19 23:03:06.644 - RealTimeSTT: realtimestt - DEBUG - _audio_data_worker writing audio data into queue.
2026-08-19 23:03:07.668 - RealTimeSTT: realtimestt - DEBUG - _audio_data_worker writing audio data into queue.
2026-08-19 23:03:08.692 - RealTimeSTT: realtimestt - DEBUG - _audio_data_worker writing audio data into queue.
2026-08-19 23:03:09.716 - RealTimeSTT: realtimestt - DEBUG - _audio_data_worker writing audio data into queue.
2026-08-19 23:03:10.740 - RealTimeSTT: realtimestt - DEBUG - _audio_data_worker writing audio data into queue.
2026-08-19 23:03:11.764 - RealTimeSTT: realtimestt - DEBUG - _audio_data_worker writing audio data into queue.
2026-08-19 23:03:12.788 - RealTimeSTT: realtimestt - DEBUG - _audio_data_worker writing audio data into queue.
2026-08-19 23:03:13.812 - RealTimeSTT: realtimestt - DEBUG - _audio_data_worker writing audio data into queue.
2026-08-19 23:03:14.836 - RealTimeSTT: realtimestt - DEBUG - _audio_data_worker writing audio data into queue.
2026-08-19 23:03:15.860 - RealTimeSTT: realtimestt - DEBUG - _audio_data_worker writing audio data into queue.
2026-08-19 23:03:16.884 - RealTimeSTT: realtimestt - DEBUG - _audio_data_worker writing audio data into queue.
2026-08-19 23:03:17.908 - RealTimeSTT: realtimestt - DEBUG - _audio_data_worker writing audio data into queue.
2026-08-19 23:03:18.933 - RealTimeSTT: realtimestt - DEBUG - _audio_data_worker writing audio data into queue.
2026-08-19 23:03:19.957 - RealTimeSTT: realtimestt - DEBUG - _audio_data_worker writing audio data into queue.
2026-08-19 23:03:20.981 - RealTimeSTT: realtimestt - DEBUG - _audio_data_worker writing audio data into queue.
2026-08-19 23:03:22.004 - RealTimeSTT: realtimestt - DEBUG - _audio_data_worker writing audio data into queue.
2026-08-19 23:03:23.029 - RealTimeSTT: realtimestt - DEBUG - _audio_data_worker writing audio data into queue.
2026-08-19 23:03:24.053 - RealTimeSTT: realtimestt - DEBUG - _audio_data_worker writing audio data into queue.
2026-08-19 23:03:25.077 - RealTimeSTT: realtimestt - DEBUG - _audio_data_worker writing audio data into queue.
2026-08-19 23:03:26.101 - RealTimeSTT: realtimestt - DEBUG - _audio_data_worker writing audio data into queue.
2026-08-19 23:03:27.125 - RealTimeSTT: realtimestt - DEBUG - _audio_data_worker writing audio data into queue.
2026-08-19 23:03:28.149 - RealTimeSTT: realtimestt - DEBUG - _audio_data_worker writing audio data into queue.
2026-08-19 23:03:29.173 - RealTimeSTT: realtimestt - DEBUG - _audio_data_worker writing audio data into queue.
2026-08-19 23:03:30.197 - RealTimeSTT: realtimestt - DEBUG - _audio_data_worker writing audio data into queue.
2026-08-19 23:03:31.221 - RealTimeSTT: realtimestt - DEBUG - _audio_data_worker writing audio data into queue.
2026-08-19 23:03:32.245 - RealTimeSTT: realtimestt - DEBUG - _audio_data_worker writing audio data into queue.
2026-08-19 23:03:33.269 - RealTimeSTT: realtimestt - DEBUG - _audio_data_worker writing audio data into queue.
2026-08-19 23:03:34.293 - RealTimeSTT: realtimestt - DEBUG - _audio_data_worker writing audio data into queue.
2026-08-19 23:03:35.317 - RealTimeSTT: realtimestt - DEBUG - _audio_data_worker writing audio data into queue.
2026-08-19 23:03:36.341 - RealTimeSTT: realtimestt - DEBUG - _audio_data_worker writing audio data into queue.
2026-08-19 23:03:37.365 - RealTimeSTT: realtimestt - DEBUG - _audio_data_worker writing audio data into queue.
2026-08-19 23:03:38.389 - RealTimeSTT: realtimestt - DEBUG - _audio_data_worker writing audio data into queue.
2026-08-19 23:03:39.413 - RealTimeSTT: realtimestt - DEBUG - _audio_data_worker writing audio data into queue.
2026-08-19 23:03:40.437 - RealTimeSTT: realtimestt - DEBUG - _audio_data_worker writing audio data into queue.
2026-08-19 23:03:41.461 - RealTimeSTT: realtimestt - DEBUG - _audio_data_worker writing audio data into queue.
2026-08-19 23:03:42.485 - RealTimeSTT: realtimestt - DEBUG - _audio_data_worker writing audio data into queue.
2026-08-19 23:03:43.509 - RealTimeSTT: realtimestt - DEBUG - _audio_data_worker writing audio data into queue.
2026-08-19 23:03:44.533 - RealTimeSTT: realtimestt - DEBUG - _audio_data_worker writing audio data into queue.
2026-08-19 23:03:45.557 - RealTimeSTT: realtimestt - DEBUG - _audio_data_worker writing audio data into queue.
2026-08-19 23:03:46.581 - RealTimeSTT: realtimestt - DEBUG - _audio_data_worker writing audio data into queue.
2026-08-19 23:03:47.605 - RealTimeSTT: realtimestt - DEBUG - _audio_data_worker writing audio data into queue.
2026-08-19 23:03:48.629 - RealTimeSTT: realtimestt - DEBUG - _audio_data_worker writing audio data into queue.
2026-08-19 23:03:49.653 - RealTimeSTT: realtimestt - DEBUG - _audio_data_worker writing audio data into queue.
2026-08-19 23:03:50.677 - RealTimeSTT: realtimestt - DEBUG - _audio_data_worker writing audio data into queue.
2026-08-19 23:03:51.701 - RealTimeSTT: realtimestt - DEBUG - _audio_data_worker writing audio data into queue.
2026-08-19 23:03:52.725 - RealTimeSTT: realtimestt - DEBUG - _audio_data_worker writing audio data into queue.
2026-08-19 23:03:53.749 - RealTimeSTT: realtimestt - DEBUG - _audio_data_worker writing audio data into queue.
2026-08-19 23:03:54.774 - RealTimeSTT: realtimestt - DEBUG - _audio_data_worker writing audio data into queue.
2026-08-19 23:03:55.798 - RealTimeSTT: realtimestt - DEBUG - _audio_data_worker writing audio data into queue.
2026-08-19 23:03:56.822 - RealTimeSTT: realtimestt - DEBUG - _audio_data_worker writing audio data into queue.
2026-08-19 23:03:57.846 - RealTimeSTT: realtimestt - DEBUG - _audio_data_worker writing audio data into queue.
2026-08-19 23:03:58.870 - RealTimeSTT: realtimestt - DEBUG - _audio_data_worker writing audio data into queue.
2026-08-19 23:03:59.894 - RealTimeSTT: realtimestt - DEBUG - _audio_data_worker writing audio data into queue.
2026-08-19 23:04:00.918 - RealTimeSTT: realtimestt - DEBUG - _audio_data_worker writing audio data into queue.
2026-08-19 23:04:01.942 - RealTimeSTT: realtimestt - DEBUG - _audio_data_worker writing audio data into queue.
2026-08-19 23:04:02.966 - RealTimeSTT: realtimestt - DEBUG - _audio_data_worker writing audio data into queue.
2026-08-19 23:04:03.990 - RealTimeSTT: realtimestt - DEBUG - _audio_data_worker writing audio data into queue.
2026-08-19 23:04:05.014 - RealTimeSTT: realtimestt - DEBUG - _audio_data_worker writing audio data into queue.
2026-08-19 23:04:06.038 - RealTimeSTT: realtimestt - DEBUG - _audio_data_worker writing audio data into queue.
2026-08-19 23:04:07.062 - RealTimeSTT: realtimestt - DEBUG - _audio_data_worker writing audio data into queue.
2026-08-19 23:04:08.086 - RealTimeSTT: realtimestt - DEBUG - _audio_data_worker writing audio data into queue.
2026-08-19 23:04:09.110 - RealTimeSTT: realtimestt - DEBUG - _audio_data_worker writing audio data into queue.
2026-08-19 23:04:10.134 - RealTimeSTT: realtimestt - DEBUG - _audio_data_worker writing audio data into queue.
2026-08-19 23:04:11.158 - RealTimeSTT: realtimestt - DEBUG - _audio_data_worker writing audio data into queue.
2026-08-19 23:04:12.182 - RealTimeSTT: realtimestt - DEBUG - _audio_data_worker writing audio data into queue.
2026-08-19 23:04:13.206 - RealTimeSTT: realtimestt - DEBUG - _audio_data_worker writing audio data into queue.
2026-08-19 23:04:14.230 - RealTimeSTT: realtimestt - DEBUG - _audio_data_worker writing audio data into queue.
2026-08-19 23:04:15.254 - RealTimeSTT: realtimestt - DEBUG - _audio_data_worker writing audio data into queue.
2026-08-19 23:04:16.278 - RealTimeSTT: realtimestt - DEBUG - _audio_data_worker writing audio data into queue.
2026-08-19 23:04:17.302 - RealTimeSTT: realtimestt - DEBUG - _audio_data_worker writing audio data into queue.
2026-08-19 23:04:18.327 - RealTimeSTT: realtimestt - DEBUG - _audio_data_worker writing audio data into queue.
2026-08-19 23:04:19.351 - RealTimeSTT: realtimestt - DEBUG - _audio_data_worker writing audio data into queue.
2026-08-19 23:04:20.374 - RealTimeSTT: realtimestt - DEBUG - _audio_data_worker writing audio data into queue.
2026-08-19 23:04:21.399 - RealTimeSTT: realtimestt - DEBUG - _audio_data_worker writing audio data into queue.
2026-08-19 23:04:22.423 - RealTimeSTT: realtimestt - DEBUG - _audio_data_worker writing audio data into queue.
2026-08-19 23:04:23.447 - RealTimeSTT: realtimestt - DEBUG - _audio_data_worker writing audio data into queue.
2026-08-19 23:04:24.470 - RealTimeSTT: realtimestt - DEBUG - _audio_data_worker writing audio data into queue.
2026-08-19 23:04:25.495 - RealTimeSTT: realtimestt - DEBUG - _audio_data_worker writing audio data into queue.
2026-08-19 23:04:26.519 - RealTimeSTT: realtimestt - DEBUG - _audio_data_worker writing audio data into queue.
2026-08-19 23:04:27.542 - RealTimeSTT: realtimestt - DEBUG - _audio_data_worker writing audio data into queue.
2026-08-19 23:04:28.567 - RealTimeSTT: realtimestt - DEBUG - _audio_data_worker writing audio data into queue.
2026-08-19 23:04:29.591 - RealTimeSTT: realtimestt - DEBUG - _audio_data_worker writing audio data into queue.
2026-08-19 23:04:30.615 - RealTimeSTT: realtimestt - DEBUG - _audio_data_worker writing audio data into queue.
2026-08-19 23:04:31.639 - RealTimeSTT: realtimestt - DEBUG - _audio_data_worker writing audio data into queue.
2026-08-19 23:04:32.663 - RealTimeSTT: realtimestt - DEBUG - _audio_data_worker writing audio data into queue.
2026-08-19 23:04:33.687 - RealTimeSTT: realtimestt - DEBUG - _audio_data_worker writing audio data into queue.
2026-08-19 23:04:34.711 - RealTimeSTT: realtimestt - DEBUG - _audio_data_worker writing audio data into queue.
2026-08-19 23:04:35.735 - RealTimeSTT: realtimestt - DEBUG - _audio_data_worker writing audio data into queue.
2026-08-19 23:04:36.759 - RealTimeSTT: realtimestt - DEBUG - _audio_data_worker writing audio data into queue.
2026-08-19 23:04:37.783 - RealTimeSTT: realtimestt - DEBUG - _audio_data_worker writing audio data into queue.
2026-08-19 23:04:38.807 - RealTimeSTT: realtimestt - DEBUG - _audio_data_worker writing audio data into queue.
2026-08-19 23:04:39.831 - RealTimeSTT: realtimestt - DEBUG - _audio_data_worker writing audio data into queue.
2026-08-19 23:04:40.855 - RealTimeSTT: realtimestt - DEBUG - _audio_data_worker writing audio data into queue.
2026-08-19 23:04:41.879 - RealTimeSTT: realtimestt - DEBUG - _audio_data_worker writing audio data into queue.
2026-08-19 23:04:42.903 - RealTimeSTT: realtimestt - DEBUG - _audio_data_worker writing audio data into queue.
2026-08-19 23:04:43.927 - RealTimeSTT: realtimestt - DEBUG - _audio_data_worker writing audio data into queue.
2026-08-19 23:04:44.951 - RealTimeSTT: realtimestt - DEBUG - _audio_data_worker writing audio data into queue.
2026-08-19 23:04:45.975 - RealTimeSTT: realtimestt - DEBUG - _audio_data_worker writing audio data into queue.
2026-08-19 23:04:46.999 - RealTimeSTT: realtimestt - DEBUG - _audio_data_worker writing audio data into queue.
2026-08-19 23:04:48.023 - RealTimeSTT: realtimestt - DEBUG - _audio_data_worker writing audio data into queue.
2026-08-19 23:04:49.047 - RealTimeSTT: realtimestt - DEBUG - _audio_data_worker writing audio data into queue.
2026-08-19 23:04:50.071 - RealTimeSTT: realtimestt - DEBUG - _audio_data_worker writing audio data into queue.
2026-08-19 23:04:51.095 - RealTimeSTT: realtimestt - DEBUG - _audio_data_worker writing audio data into queue.
2026-08-19 23:04:52.119 - RealTimeSTT: realtimestt - DEBUG - _audio_data_worker writing audio data into queue.
2026-08-19 23:04:53.144 - RealTimeSTT: realtimestt - DEBUG - _audio_data_worker writing audio data into queue.
2026-08-19 23:04:54.167 - RealTimeSTT: realtimestt - DEBUG - _audio_data_worker writing audio data into queue.
2026-08-19 23:04:55.192 - RealTimeSTT: realtimestt - DEBUG - _audio_data_worker writing audio data into queue.
2026-08-19 23:04:56.216 - RealTimeSTT: realtimestt - DEBUG - _audio_data_worker writing audio data into queue.
2026-08-19 23:04:57.240 - RealTimeSTT: realtimestt - DEBUG - _audio_data_worker writing audio data into queue.
2026-08-19 23:04:58.264 - RealTimeSTT: realtimestt - DEBUG - _audio_data_worker writing audio data into queue.
2026-08-19 23:04:59.288 - RealTimeSTT: realtimestt - DEBUG - _audio_data_worker writing audio data into queue.
2026-08-19 23:05:00.312 - RealTimeSTT: realtimestt - DEBUG - _audio_data_worker writing audio data into queue.
2026-08-19 23:05:01.336 - RealTimeSTT: realtimestt - DEBUG - _audio_data_worker writing audio data into queue.
2026-08-19 23:05:02.360 - RealTimeSTT: realtimestt - DEBUG - _audio_data_worker writing audio data into queue.
2026-08-19 23:05:03.384 - RealTimeSTT: realtimestt - DEBUG - _audio_data_worker writing audio data into queue.
2026-08-19 23:05:04.408 - RealTimeSTT: realtimestt - DEBUG - _audio_data_worker writing audio data into queue.
2026-08-19 23:05:05.432 - RealTimeSTT: realtimestt - DEBUG - _audio_data_worker writing audio data into queue.
2026-08-19 23:05:06.456 - RealTimeSTT: realtimestt - DEBUG - _audio_data_worker writing audio data into queue.
2026-08-19 23:05:07.480 - RealTimeSTT: realtimestt - DEBUG - _audio_data_worker writing audio data into queue.
2026-08-19 23:05:08.504 - RealTimeSTT: realtimestt - DEBUG - _audio_data_worker writing audio data into queue.
2026-08-19 23:05:09.528 - RealTimeSTT: realtimestt - DEBUG - _audio_data_worker writing audio data into queue.
2026-08-19 23:05:10.552 - RealTimeSTT: realtimestt - DEBUG - _audio_data_worker writing audio data into queue.
2026-08-19 23:05:11.576 - RealTimeSTT: realtimestt - DEBUG - _audio_data_worker writing audio data into queue.
2026-08-19 23:05:12.600 - RealTimeSTT: realtimestt - DEBUG - _audio_data_worker writing audio data into queue.
2026-08-19 23:05:13.624 - RealTimeSTT: realtimestt - DEBUG - _audio_data_worker writing audio data into queue.
2026-08-19 23:05:14.648 - RealTimeSTT: realtimestt - DEBUG - _audio_data_worker writing audio data into queue.
2026-08-19 23:05:15.672 - RealTimeSTT: realtimestt - DEBUG - _audio_data_worker writing audio data into queue.
2026-08-19 23:05:16.696 - RealTimeSTT: realtimestt - DEBUG - _audio_data_worker writing audio data into queue.
2026-08-19 23:05:17.720 - RealTimeSTT: realtimestt - DEBUG - _audio_data_worker writing audio data into queue.
2026-08-19 23:05:18.744 - RealTimeSTT: realtimestt - DEBUG - _audio_data_worker writing audio data into queue.
2026-08-19 23:05:19.768 - RealTimeSTT: realtimestt - DEBUG - _audio_data_worker writing audio data into queue.
2026-08-19 23:05:20.792 - RealTimeSTT: realtimestt - DEBUG - _audio_data_worker writing audio data into queue.
2026-08-19 23:05:21.816 - RealTimeSTT: realtimestt - DEBUG - _audio_data_worker writing audio data into queue.
2026-08-19 23:05:22.840 - RealTimeSTT: realtimestt - DEBUG - _audio_data_worker writing audio data into queue.
2026-08-19 23:05:23.864 - RealTimeSTT: realtimestt - DEBUG - _audio_data_worker writing audio data into queue.
2026-08-19 23:05:24.888 - RealTimeSTT: realtimestt - DEBUG - _audio_data_worker writing audio data into queue.
2026-08-19 23:05:25.912 - RealTimeSTT: realtimestt - DEBUG - _audio_data_worker writing audio data into queue.
2026-08-19 23:05:26.937 - RealTimeSTT: realtimestt - DEBUG - _audio_data_worker writing audio data into queue.
2026-08-19 23:05:27.961 - RealTimeSTT: realtimestt - DEBUG - _audio_data_worker writing audio data into queue.
2026-08-19 23:05:28.985 - RealTimeSTT: realtimestt - DEBUG - _audio_data_worker writing audio data into queue.
2026-08-19 23:05:30.009 - RealTimeSTT: realtimestt - DEBUG - _audio_data_worker writing audio data into queue.
2026-08-19 23:05:31.033 - RealTimeSTT: realtimestt - DEBUG - _audio_data_worker writing audio data into queue.
2026-08-19 23:05:32.057 - RealTimeSTT: realtimestt - DEBUG - _audio_data_worker writing audio data into queue.
2026-08-19 23:05:33.081 - RealTimeSTT: realtimestt - DEBUG - _audio_data_worker writing audio data into queue.
2026-08-19 23:05:34.105 - RealTimeSTT: realtimestt - DEBUG - _audio_data_worker writing audio data into queue.
2026-08-19 23:05:35.129 - RealTimeSTT: realtimestt - DEBUG - _audio_data_worker writing audio data into queue.
2026-08-19 23:05:36.153 - RealTimeSTT: realtimestt - DEBUG - _audio_data_worker writing audio data into queue.
2026-08-19 23:05:37.177 - RealTimeSTT: realtimestt - DEBUG - _audio_data_worker writing audio data into queue.
2026-08-19 23:05:38.201 - RealTimeSTT: realtimestt - DEBUG - _audio_data_worker writing audio data into queue.
2026-08-19 23:05:39.225 - RealTimeSTT: realtimestt - DEBUG - _audio_data_worker writing audio data into queue.
2026-08-19 23:05:40.249 - RealTimeSTT: realtimestt - DEBUG - _audio_data_worker writing audio data into queue.
2026-08-19 23:05:41.273 - RealTimeSTT: realtimestt - DEBUG - _audio_data_worker writing audio data into queue.
2026-08-19 23:05:42.297 - RealTimeSTT: realtimestt - DEBUG - _audio_data_worker writing audio data into queue.
2026-08-19 23:05:43.321 - RealTimeSTT: realtimestt - DEBUG - _audio_data_worker writing audio data into queue.
2026-08-19 23:05:44.345 - RealTimeSTT: realtimestt - DEBUG - _audio_data_worker writing audio data into queue.
2026-08-19 23:05:45.369 - RealTimeSTT: realtimestt - DEBUG - _audio_data_worker writing audio data into queue.
2026-08-19 23:05:46.393 - RealTimeSTT: realtimestt - DEBUG - _audio_data_worker writing audio data into queue.
2026-08-19 23:05:47.417 - RealTimeSTT: realtimestt - DEBUG - _audio_data_worker writing audio data into queue.
2026-08-19 23:05:48.441 - RealTimeSTT: realtimestt - DEBUG - _audio_data_worker writing audio data into queue.
2026-08-19 23:05:49.465 - RealTimeSTT: realtimestt - DEBUG - _audio_data_worker writing audio data into queue.
2026-08-19 23:05:50.489 - RealTimeSTT: realtimestt - DEBUG - _audio_data_worker writing audio data into queue.
2026-08-19 23:05:51.513 - RealTimeSTT: realtimestt - DEBUG - _audio_data_worker writing audio data into queue.
2026-08-19 23:05:52.537 - RealTimeSTT: realtimestt - DEBUG - _audio_data_worker writing audio data into queue.
2026-08-19 23:05:53.561 - RealTimeSTT: realtimestt - DEBUG - _audio_data_worker writing audio data into queue.
2026-08-19 23:05:54.585 - RealTimeSTT: realtimestt - DEBUG - _audio_data_worker writing audio data into queue.
2026-08-19 23:05:55.609 - RealTimeSTT: realtimestt - DEBUG - _audio_data_worker writing audio data into queue.
2026-08-19 23:05:56.633 - RealTimeSTT: realtimestt - DEBUG - _audio_data_worker writing audio data into queue.
2026-08-19 23:05:57.657 - RealTimeSTT: realtimestt - DEBUG - _audio_data_worker writing audio data into queue.
2026-08-19 23:05:58.681 - RealTimeSTT: realtimestt - DEBUG - _audio_data_worker writing audio data into queue.
2026-08-19 23:05:59.705 - RealTimeSTT: realtimestt - DEBUG - _audio_data_worker writing audio data into queue.
2026-08-19 23:06:00.729 - RealTimeSTT: realtimestt - DEBUG - _audio_data_worker writing audio data into queue.
2026-08-19 23:06:01.753 - RealTimeSTT: realtimestt - DEBUG - _audio_data_worker writing audio data into queue.
2026-08-19 23:06:02.777 - RealTimeSTT: realtimestt - DEBUG - _audio_data_worker writing audio data into queue.
2026-08-19 23:06:03.801 - RealTimeSTT: realtimestt - DEBUG - _audio_data_worker writing audio data into queue.
2026-08-19 23:06:04.825 - RealTimeSTT: realtimestt - DEBUG - _audio_data_worker writing audio data into queue.
2026-08-19 23:06:05.850 - RealTimeSTT: realtimestt - DEBUG - _audio_data_worker writing audio data into queue.
2026-08-19 23:06:06.874 - RealTimeSTT: realtimestt - DEBUG - _audio_data_worker writing audio data into queue.
2026-08-19 23:06:07.898 - RealTimeSTT: realtimestt - DEBUG - _audio_data_worker writing audio data into queue.
2026-08-19 23:06:08.922 - RealTimeSTT: realtimestt - DEBUG - _audio_data_worker writing audio data into queue.
2026-08-19 23:06:09.946 - RealTimeSTT: realtimestt - DEBUG - _audio_data_worker writing audio data into queue.
2026-08-19 23:06:10.970 - RealTimeSTT: realtimestt - DEBUG - _audio_data_worker writing audio data into queue.
2026-08-19 23:06:11.994 - RealTimeSTT: realtimestt - DEBUG - _audio_data_worker writing audio data into queue.
2026-08-19 23:06:13.018 - RealTimeSTT: realtimestt - DEBUG - _audio_data_worker writing audio data into queue.
2026-08-19 23:06:14.042 - RealTimeSTT: realtimestt - DEBUG - _audio_data_worker writing audio data into queue.
2026-08-19 23:06:15.066 - RealTimeSTT: realtimestt - DEBUG - _audio_data_worker writing audio data into queue.
2026-08-19 23:06:16.090 - RealTimeSTT: realtimestt - DEBUG - _audio_data_worker writing audio data into queue.
2026-08-19 23:06:17.114 - RealTimeSTT: realtimestt - DEBUG - _audio_data_worker writing audio data into queue.
2026-08-19 23:06:18.138 - RealTimeSTT: realtimestt - DEBUG - _audio_data_worker writing audio data into queue.
2026-08-19 23:06:19.162 - RealTimeSTT: realtimestt - DEBUG - _audio_data_worker writing audio data into queue.
2026-08-19 23:06:20.186 - RealTimeSTT: realtimestt - DEBUG - _audio_data_worker writing audio data into queue.
2026-08-19 23:06:21.210 - RealTimeSTT: realtimestt - DEBUG - _audio_data_worker writing audio data into queue.
2026-08-19 23:06:22.234 - RealTimeSTT: realtimestt - DEBUG - _audio_data_worker writing audio data into queue.
2026-08-19 23:06:23.258 - RealTimeSTT: realtimestt - DEBUG - _audio_data_worker writing audio data into queue.
2026-08-19 23:06:24.282 - RealTimeSTT: realtimestt - DEBUG - _audio_data_worker writing audio data into queue.
2026-08-19 23:06:25.306 - RealTimeSTT: realtimestt - DEBUG - _audio_data_worker writing audio data into queue.
2026-08-19 23:06:26.330 - RealTimeSTT: realtimestt - DEBUG - _audio_data_worker writing audio data into queue.
2026-08-19 23:06:27.354 - RealTimeSTT: realtimestt - DEBUG - _audio_data_worker writing audio data into queue.
2026-08-19 23:06:28.378 - RealTimeSTT: realtimestt - DEBUG - _audio_data_worker writing audio data into queue.
2026-08-19 23:06:29.402 - RealTimeSTT: realtimestt - DEBUG - _audio_data_worker writing audio data into queue.
2026-08-19 23:06:30.426 - RealTimeSTT: realtimestt - DEBUG - _audio_data_worker writing audio data into queue.
2026-08-19 23:06:31.450 - RealTimeSTT: realtimestt - DEBUG - _audio_data_worker writing audio data into queue.
2026-08-19 23:06:32.474 - RealTimeSTT: realtimestt - DEBUG - _audio_data_worker writing audio data into queue.
2026-08-19 23:06:33.499 - RealTimeSTT: realtimestt - DEBUG - _audio_data_worker writing audio data into queue.
2026-08-19 23:06:34.523 - RealTimeSTT: realtimestt - DEBUG - _audio_data_worker writing audio data into queue.
2026-08-19 23:06:35.546 - RealTimeSTT: realtimestt - DEBUG - _audio_data_worker writing audio data into queue.
2026-08-19 23:06:36.571 - RealTimeSTT: realtimestt - DEBUG - _audio_data_worker writing audio data into queue.
2026-08-19 23:06:37.595 - RealTimeSTT: realtimestt - DEBUG - _audio_data_worker writing audio data into queue.
2026-08-19 23:06:38.619 - RealTimeSTT: realtimestt - DEBUG - _audio_data_worker writing audio data into queue.
2026-08-19 23:06:39.643 - RealTimeSTT: realtimestt - DEBUG - _audio_data_worker writing audio data into queue.
2026-08-19 23:06:40.667 - RealTimeSTT: realtimestt - DEBUG - _audio_data_worker writing audio data into queue.
2026-08-19 23:06:41.691 - RealTimeSTT: realtimestt - DEBUG - _audio_data_worker writing audio data into queue.
2026-08-19 23:06:42.715 - RealTimeSTT: realtimestt - DEBUG - _audio_data_worker writing audio data into queue.
2026-08-19 23:06:43.739 - RealTimeSTT: realtimestt - DEBUG - _audio_data_worker writing audio data into queue.
2026-08-19 23:06:44.763 - RealTimeSTT: realtimestt - DEBUG - _audio_data_worker writing audio data into queue.
2026-08-19 23:06:45.787 - RealTimeSTT: realtimestt - DEBUG - _audio_data_worker writing audio data into queue.
2026-08-19 23:06:46.811 - RealTimeSTT: realtimestt - DEBUG - _audio_data_worker writing audio data into queue.
2026-08-19 23:06:47.835 - RealTimeSTT: realtimestt - DEBUG - _audio_data_worker writing audio data into queue.
2026-08-19 23:06:48.859 - RealTimeSTT: realtimestt - DEBUG - _audio_data_worker writing audio data into queue.
2026-08-19 23:06:49.883 - RealTimeSTT: realtimestt - DEBUG - _audio_data_worker writing audio data into queue.
2026-08-19 23:06:50.907 - RealTimeSTT: realtimestt - DEBUG - _audio_data_worker writing audio data into queue.
2026-08-19 23:06:51.931 - RealTimeSTT: realtimestt - DEBUG - _audio_data_worker writing audio data into queue.
2026-08-19 23:06:52.955 - RealTimeSTT: realtimestt - DEBUG - _audio_data_worker writing audio data into queue.
2026-08-19 23:06:53.979 - RealTimeSTT: realtimestt - DEBUG - _audio_data_worker writing audio data into queue.
2026-08-19 23:06:55.003 - RealTimeSTT: realtimestt - DEBUG - _audio_data_worker writing audio data into queue.
2026-08-19 23:06:56.027 - RealTimeSTT: realtimestt - DEBUG - _audio_data_worker writing audio data into queue.
2026-08-19 23:06:57.051 - RealTimeSTT: realtimestt - DEBUG - _audio_data_worker writing audio data into queue.
2026-08-19 23:06:58.075 - RealTimeSTT: realtimestt - DEBUG - _audio_data_worker writing audio data into queue.
2026-08-19 23:06:59.099 - RealTimeSTT: realtimestt - DEBUG - _audio_data_worker writing audio data into queue.
2026-08-19 23:07:00.123 - RealTimeSTT: realtimestt - DEBUG - _audio_data_worker writing audio data into queue.
2026-08-19 23:07:01.147 - RealTimeSTT: realtimestt - DEBUG - _audio_data_worker writing audio data into queue.
2026-08-19 23:07:02.171 - RealTimeSTT: realtimestt - DEBUG - _audio_data_worker writing audio data into queue.
2026-08-19 23:07:03.196 - RealTimeSTT: realtimestt - DEBUG - _audio_data_worker writing audio data into queue.
2026-08-19 23:07:04.219 - RealTimeSTT: realtimestt - DEBUG - _audio_data_worker writing audio data into queue.
2026-08-19 23:07:05.244 - RealTimeSTT: realtimestt - DEBUG - _audio_data_worker writing audio data into queue.
2026-08-19 23:07:06.268 - RealTimeSTT: realtimestt - DEBUG - _audio_data_worker writing audio data into queue.
2026-08-19 23:07:07.292 - RealTimeSTT: realtimestt - DEBUG - _audio_data_worker writing audio data into queue.
2026-08-19 23:07:08.316 - RealTimeSTT: realtimestt - DEBUG - _audio_data_worker writing audio data into queue.
2026-08-19 23:07:09.340 - RealTimeSTT: realtimestt - DEBUG - _audio_data_worker writing audio data into queue.
2026-08-19 23:07:10.364 - RealTimeSTT: realtimestt - DEBUG - _audio_data_worker writing audio data into queue.
2026-08-19 23:07:11.388 - RealTimeSTT: realtimestt - DEBUG - _audio_data_worker writing audio data into queue.
2026-08-19 23:07:12.412 - RealTimeSTT: realtimestt - DEBUG - _audio_data_worker writing audio data into queue.
2026-08-19 23:07:13.436 - RealTimeSTT: realtimestt - DEBUG - _audio_data_worker writing audio data into queue.
2026-08-19 23:07:14.460 - RealTimeSTT: realtimestt - DEBUG - _audio_data_worker writing audio data into queue.
2026-08-19 23:07:15.484 - RealTimeSTT: realtimestt - DEBUG - _audio_data_worker writing audio data into queue.
2026-08-19 23:07:16.508 - RealTimeSTT: realtimestt - DEBUG - _audio_data_worker writing audio data into queue.
2026-08-19 23:07:17.532 - RealTimeSTT: realtimestt - DEBUG - _audio_data_worker writing audio data into queue.
2026-08-19 23:07:18.556 - RealTimeSTT: realtimestt - DEBUG - _audio_data_worker writing audio data into queue.
2026-08-19 23:07:19.580 - RealTimeSTT: realtimestt - DEBUG - _audio_data_worker writing audio data into queue.
2026-08-19 23:07:20.604 - RealTimeSTT: realtimestt - DEBUG - _audio_data_worker writing audio data into queue.
2026-08-19 23:07:21.628 - RealTimeSTT: realtimestt - DEBUG - _audio_data_worker writing audio data into queue.
2026-08-19 23:07:22.652 - RealTimeSTT: realtimestt - DEBUG - _audio_data_worker writing audio data into queue.
2026-08-19 23:07:23.676 - RealTimeSTT: realtimestt - DEBUG - _audio_data_worker writing audio data into queue.
2026-08-19 23:07:24.700 - RealTimeSTT: realtimestt - DEBUG - _audio_data_worker writing audio data into queue.
2026-08-19 23:07:25.724 - RealTimeSTT: realtimestt - DEBUG - _audio_data_worker writing audio data into queue.
2026-08-19 23:07:26.748 - RealTimeSTT: realtimestt - DEBUG - _audio_data_worker writing audio data into queue.
2026-08-19 23:07:27.772 - RealTimeSTT: realtimestt - DEBUG - _audio_data_worker writing audio data into queue.
2026-08-19 23:07:28.796 - RealTimeSTT: realtimestt - DEBUG - _audio_data_worker writing audio data into queue.
2026-08-19 23:07:29.820 - RealTimeSTT: realtimestt - DEBUG - _audio_data_worker writing audio data into queue.
2026-08-19 23:07:30.844 - RealTimeSTT: realtimestt - DEBUG - _audio_data_worker writing audio data into queue.
2026-08-19 23:07:31.868 - RealTimeSTT: realtimestt - DEBUG - _audio_data_worker writing audio data into queue.
2026-08-19 23:07:32.892 - RealTimeSTT: realtimestt - DEBUG - _audio_data_worker writing audio data into queue.
2026-08-19 23:07:33.916 - RealTimeSTT: realtimestt - DEBUG - _audio_data_worker writing audio data into queue.
2026-08-19 23:07:34.940 - RealTimeSTT: realtimestt - DEBUG - _audio_data_worker writing audio data into queue.
2026-08-19 23:07:35.964 - RealTimeSTT: realtimestt - DEBUG - _audio_data_worker writing audio data into queue.
2026-08-19 23:07:36.989 - RealTimeSTT: realtimestt - DEBUG - _audio_data_worker writing audio data into queue.
2026-08-19 23:07:38.012 - RealTimeSTT: realtimestt - DEBUG - _audio_data_worker writing audio data into queue.
2026-08-19 23:07:39.037 - RealTimeSTT: realtimestt - DEBUG - _audio_data_worker writing audio data into queue.
2026-08-19 23:07:40.060 - RealTimeSTT: realtimestt - DEBUG - _audio_data_worker writing audio data into queue.
2026-08-19 23:07:41.085 - RealTimeSTT: realtimestt - DEBUG - _audio_data_worker writing audio data into queue.
2026-08-19 23:07:42.109 - RealTimeSTT: realtimestt - DEBUG - _audio_data_worker writing audio data into queue.
2026-08-19 23:07:43.133 - RealTimeSTT: realtimestt - DEBUG - _audio_data_worker writing audio data into queue.
2026-08-19 23:07:44.157 - RealTimeSTT: realtimestt - DEBUG - _audio_data_worker writing audio data into queue.
2026-08-19 23:07:45.181 - RealTimeSTT: realtimestt - DEBUG - _audio_data_worker writing audio data into queue.
2026-08-19 23:07:46.205 - RealTimeSTT: realtimestt - DEBUG - _audio_data_worker writing audio data into queue.
2026-08-19 23:07:47.229 - RealTimeSTT: realtimestt - DEBUG - _audio_data_worker writing audio data into queue.
2026-08-19 23:07:48.253 - RealTimeSTT: realtimestt - DEBUG - _audio_data_worker writing audio data into queue.
2026-08-19 23:07:49.277 - RealTimeSTT: realtimestt - DEBUG - _audio_data_worker writing audio data into queue.
2026-08-19 23:07:50.301 - RealTimeSTT: realtimestt - DEBUG - _audio_data_worker writing audio data into queue.
2026-08-19 23:07:51.325 - RealTimeSTT: realtimestt - DEBUG - _audio_data_worker writing audio data into queue.
2026-08-19 23:07:52.349 - RealTimeSTT: realtimestt - DEBUG - _audio_data_worker writing audio data into queue.
2026-08-19 23:07:53.373 - RealTimeSTT: realtimestt - DEBUG - _audio_data_worker writing audio data into queue.
2026-08-19 23:07:54.397 - RealTimeSTT: realtimestt - DEBUG - _audio_data_worker writing audio data into queue.
2026-08-19 23:07:55.421 - RealTimeSTT: realtimestt - DEBUG - _audio_data_worker writing audio data into queue.
2026-08-19 23:07:56.445 - RealTimeSTT: realtimestt - DEBUG - _audio_data_worker writing audio data into queue.
2026-08-19 23:07:57.469 - RealTimeSTT: realtimestt - DEBUG - _audio_data_worker writing audio data into queue.
2026-08-19 23:07:58.493 - RealTimeSTT: realtimestt - DEBUG - _audio_data_worker writing audio data into queue.
2026-08-19 23:07:59.517 - RealTimeSTT: realtimestt - DEBUG - _audio_data_worker writing audio data into queue.
2026-08-19 23:08:00.541 - RealTimeSTT: realtimestt - DEBUG - _audio_data_worker writing audio data into queue.
2026-08-19 23:08:01.565 - RealTimeSTT: realtimestt - DEBUG - _audio_data_worker writing audio data into queue.
2026-08-19 23:08:02.589 - RealTimeSTT: realtimestt - DEBUG - _audio_data_worker writing audio data into queue.
2026-08-19 23:08:03.613 - RealTimeSTT: realtimestt - DEBUG - _audio_data_worker writing audio data into queue.
2026-08-19 23:08:04.637 - RealTimeSTT: realtimestt - DEBUG - _audio_data_worker writing audio data into queue.
2026-08-19 23:08:05.661 - RealTimeSTT: realtimestt - DEBUG - _audio_data_worker writing audio data into queue.
2026-08-19 23:08:06.686 - RealTimeSTT: realtimestt - DEBUG - _audio_data_worker writing audio data into queue.
2026-08-19 23:08:07.709 - RealTimeSTT: realtimestt - DEBUG - _audio_data_worker writing audio data into queue.
2026-08-19 23:08:08.733 - RealTimeSTT: realtimestt - DEBUG - _audio_data_worker writing audio data into queue.
2026-08-19 23:08:09.757 - RealTimeSTT: realtimestt - DEBUG - _audio_data_worker writing audio data into queue.
2026-08-19 23:08:10.782 - RealTimeSTT: realtimestt - DEBUG - _audio_data_worker writing audio data into queue.
2026-08-19 23:08:11.806 - RealTimeSTT: realtimestt - DEBUG - _audio_data_worker writing audio data into queue.
2026-08-19 23:08:12.830 - RealTimeSTT: realtimestt - DEBUG - _audio_data_worker writing audio data into queue.
2026-08-19 23:08:13.853 - RealTimeSTT: realtimestt - DEBUG - _audio_data_worker writing audio data into queue.
2026-08-19 23:08:14.878 - RealTimeSTT: realtimestt - DEBUG - _audio_data_worker writing audio data into queue.
2026-08-19 23:08:15.902 - RealTimeSTT: realtimestt - DEBUG - _audio_data_worker writing audio data into queue.
2026-08-19 23:08:16.926 - RealTimeSTT: realtimestt - DEBUG - _audio_data_worker writing audio data into queue.
2026-08-19 23:08:17.950 - RealTimeSTT: realtimestt - DEBUG - _audio_data_worker writing audio data into queue.
2026-08-19 23:08:18.974 - RealTimeSTT: realtimestt - DEBUG - _audio_data_worker writing audio data into queue.
2026-08-19 23:08:19.998 - RealTimeSTT: realtimestt - DEBUG - _audio_data_worker writing audio data into queue.
2026-08-19 23:08:21.022 - RealTimeSTT: realtimestt - DEBUG - _audio_data_worker writing audio data into queue.
2026-08-19 23:08:22.046 - RealTimeSTT: realtimestt - DEBUG - _audio_data_worker writing audio data into queue.
2026-08-19 23:08:23.070 - RealTimeSTT: realtimestt - DEBUG - _audio_data_worker writing audio data into queue.
2026-08-19 23:08:24.094 - RealTimeSTT: realtimestt - DEBUG - _audio_data_worker writing audio data into queue.
2026-08-19 23:08:25.118 - RealTimeSTT: realtimestt - DEBUG - _audio_data_worker writing audio data into queue.
2026-08-19 23:08:26.142 - RealTimeSTT: realtimestt - DEBUG - _audio_data_worker writing audio data into queue.
2026-08-19 23:08:27.166 - RealTimeSTT: realtimestt - DEBUG - _audio_data_worker writing audio data into queue.
2026-08-19 23:08:28.190 - RealTimeSTT: realtimestt - DEBUG - _audio_data_worker writing audio data into queue.
2026-08-19 23:08:29.214 - RealTimeSTT: realtimestt - DEBUG - _audio_data_worker writing audio data into queue.
2026-08-19 23:08:30.238 - RealTimeSTT: realtimestt - DEBUG - _audio_data_worker writing audio data into queue.
2026-08-19 23:08:31.262 - RealTimeSTT: realtimestt - DEBUG - _audio_data_worker writing audio data into queue.
2026-08-19 23:08:32.286 - RealTimeSTT: realtimestt - DEBUG - _audio_data_worker writing audio data into queue.
2026-08-19 23:08:33.310 - RealTimeSTT: realtimestt - DEBUG - _audio_data_worker writing audio data into queue.
2026-08-19 23:08:34.334 - RealTimeSTT: realtimestt - DEBUG - _audio_data_worker writing audio data into queue.
2026-08-19 23:08:35.358 - RealTimeSTT: realtimestt - DEBUG - _audio_data_worker writing audio data into queue.
2026-08-19 23:08:36.382 - RealTimeSTT: realtimestt - DEBUG - _audio_data_worker writing audio data into queue.
2026-08-19 23:08:37.406 - RealTimeSTT: realtimestt - DEBUG - _audio_data_worker writing audio data into queue.
2026-08-19 23:08:38.430 - RealTimeSTT: realtimestt - DEBUG - _audio_data_worker writing audio data into queue.
2026-08-19 23:08:39.454 - RealTimeSTT: realtimestt - DEBUG - _audio_data_worker writing audio data into queue.
2026-08-19 23:08:40.479 - RealTimeSTT: realtimestt - DEBUG - _audio_data_worker writing audio data into queue.
2026-08-19 23:08:41.502 - RealTimeSTT: realtimestt - DEBUG - _audio_data_worker writing audio data into queue.
2026-08-19 23:08:42.527 - RealTimeSTT: realtimestt - DEBUG - _audio_data_worker writing audio data into queue.
2026-08-19 23:08:43.550 - RealTimeSTT: realtimestt - DEBUG - _audio_data_worker writing audio data into queue.
2026-08-19 23:08:44.575 - RealTimeSTT: realtimestt - DEBUG - _audio_data_worker writing audio data into queue.
2026-08-19 23:08:45.598 - RealTimeSTT: realtimestt - DEBUG - _audio_data_worker writing audio data into queue.
2026-08-19 23:08:46.623 - RealTimeSTT: realtimestt - DEBUG - _audio_data_worker writing audio data into queue.
2026-08-19 23:08:47.647 - RealTimeSTT: realtimestt - DEBUG - _audio_data_worker writing audio data into queue.
2026-08-19 23:08:48.671 - RealTimeSTT: realtimestt - DEBUG - _audio_data_worker writing audio data into queue.
2026-08-19 23:08:49.695 - RealTimeSTT: realtimestt - DEBUG - _audio_data_worker writing audio data into queue.
2026-08-19 23:08:50.719 - RealTimeSTT: realtimestt - DEBUG - _audio_data_worker writing audio data into queue.
2026-08-19 23:08:51.743 - RealTimeSTT: realtimestt - DEBUG - _audio_data_worker writing audio data into queue.
2026-08-19 23:08:52.767 - RealTimeSTT: realtimestt - DEBUG - _audio_data_worker writing audio data into queue.
2026-08-19 23:08:53.791 - RealTimeSTT: realtimestt - DEBUG - _audio_data_worker writing audio data into queue.
2026-08-19 23:08:54.815 - RealTimeSTT: realtimestt - DEBUG - _audio_data_worker writing audio data into queue.
2026-08-19 23:08:55.839 - RealTimeSTT: realtimestt - DEBUG - _audio_data_worker writing audio data into queue.
2026-08-19 23:08:56.863 - RealTimeSTT: realtimestt - DEBUG - _audio_data_worker writing audio data into queue.
2026-08-19 23:08:57.887 - RealTimeSTT: realtimestt - DEBUG - _audio_data_worker writing audio data into queue.
2026-08-19 23:08:58.911 - RealTimeSTT: realtimestt - DEBUG - _audio_data_worker writing audio data into queue.
2026-08-19 23:08:59.935 - RealTimeSTT: realtimestt - DEBUG - _audio_data_worker writing audio data into queue.
2026-08-19 23:09:00.959 - RealTimeSTT: realtimestt - DEBUG - _audio_data_worker writing audio data into queue.
2026-08-19 23:09:01.983 - RealTimeSTT: realtimestt - DEBUG - _audio_data_worker writing audio data into queue.
2026-08-19 23:09:03.007 - RealTimeSTT: realtimestt - DEBUG - _audio_data_worker writing audio data into queue.
2026-08-19 23:09:04.031 - RealTimeSTT: realtimestt - DEBUG - _audio_data_worker writing audio data into queue.
2026-08-19 23:09:05.055 - RealTimeSTT: realtimestt - DEBUG - _audio_data_worker writing audio data into queue.
2026-08-19 23:09:06.079 - RealTimeSTT: realtimestt - DEBUG - _audio_data_worker writing audio data into queue.
2026-08-19 23:09:07.103 - RealTimeSTT: realtimestt - DEBUG - _audio_data_worker writing audio data into queue.
2026-08-19 23:09:08.127 - RealTimeSTT: realtimestt - DEBUG - _audio_data_worker writing audio data into queue.
2026-08-19 23:09:09.152 - RealTimeSTT: realtimestt - DEBUG - _audio_data_worker writing audio data into queue.
2026-08-19 23:09:10.175 - RealTimeSTT: realtimestt - DEBUG - _audio_data_worker writing audio data into queue.
2026-08-19 23:09:11.199 - RealTimeSTT: realtimestt - DEBUG - _audio_data_worker writing audio data into queue.
2026-08-19 23:09:12.223 - RealTimeSTT: realtimestt - DEBUG - _audio_data_worker writing audio data into queue.
2026-08-19 23:09:13.248 - RealTimeSTT: realtimestt - DEBUG - _audio_data_worker writing audio data into queue.
2026-08-19 23:09:14.272 - RealTimeSTT: realtimestt - DEBUG - _audio_data_worker writing audio data into queue.
2026-08-19 23:09:15.295 - RealTimeSTT: realtimestt - DEBUG - _audio_data_worker writing audio data into queue.
2026-08-19 23:09:16.320 - RealTimeSTT: realtimestt - DEBUG - _audio_data_worker writing audio data into queue.
2026-08-19 23:09:17.344 - RealTimeSTT: realtimestt - DEBUG - _audio_data_worker writing audio data into queue.
2026-08-19 23:09:18.368 - RealTimeSTT: realtimestt - DEBUG - _audio_data_worker writing audio data into queue.
2026-08-19 23:09:19.392 - RealTimeSTT: realtimestt - DEBUG - _audio_data_worker writing audio data into queue.
2026-08-19 23:09:20.416 - RealTimeSTT: realtimestt - DEBUG - _audio_data_worker writing audio data into queue.
2026-08-19 23:09:21.440 - RealTimeSTT: realtimestt - DEBUG - _audio_data_worker writing audio data into queue.
2026-08-19 23:09:22.464 - RealTimeSTT: realtimestt - DEBUG - _audio_data_worker writing audio data into queue.
2026-08-19 23:09:23.488 - RealTimeSTT: realtimestt - DEBUG - _audio_data_worker writing audio data into queue.
2026-08-19 23:09:24.512 - RealTimeSTT: realtimestt - DEBUG - _audio_data_worker writing audio data into queue.
2026-08-19 23:09:25.536 - RealTimeSTT: realtimestt - DEBUG - _audio_data_worker writing audio data into queue.
2026-08-19 23:09:26.560 - RealTimeSTT: realtimestt - DEBUG - _audio_data_worker writing audio data into queue.
2026-08-19 23:09:27.584 - RealTimeSTT: realtimestt - DEBUG - _audio_data_worker writing audio data into queue.
2026-08-19 23:09:28.608 - RealTimeSTT: realtimestt - DEBUG - _audio_data_worker writing audio data into queue.
2026-08-19 23:09:29.632 - RealTimeSTT: realtimestt - DEBUG - _audio_data_worker writing audio data into queue.
2026-08-19 23:09:30.656 - RealTimeSTT: realtimestt - DEBUG - _audio_data_worker writing audio data into queue.
2026-08-19 23:09:31.680 - RealTimeSTT: realtimestt - DEBUG - _audio_data_worker writing audio data into queue.
2026-08-19 23:09:32.704 - RealTimeSTT: realtimestt - DEBUG - _audio_data_worker writing audio data into queue.
2026-08-19 23:09:33.728 - RealTimeSTT: realtimestt - DEBUG - _audio_data_worker writing audio data into queue.
2026-08-19 23:09:34.752 - RealTimeSTT: realtimestt - DEBUG - _audio_data_worker writing audio data into queue.
2026-08-19 23:09:35.776 - RealTimeSTT: realtimestt - DEBUG - _audio_data_worker writing audio data into queue.
2026-08-19 23:09:36.800 - RealTimeSTT: realtimestt - DEBUG - _audio_data_worker writing audio data into queue.
2026-08-19 23:09:37.824 - RealTimeSTT: realtimestt - DEBUG - _audio_data_worker writing audio data into queue.
2026-08-19 23:09:38.848 - RealTimeSTT: realtimestt - DEBUG - _audio_data_worker writing audio data into queue.
2026-08-19 23:09:39.872 - RealTimeSTT: realtimestt - DEBUG - _audio_data_worker writing audio data into queue.
2026-08-19 23:09:40.896 - RealTimeSTT: realtimestt - DEBUG - _audio_data_worker writing audio data into queue.
2026-08-19 23:09:41.920 - RealTimeSTT: realtimestt - DEBUG - _audio_data_worker writing audio data into queue.
2026-08-19 23:09:42.944 - RealTimeSTT: realtimestt - DEBUG - _audio_data_worker writing audio data into queue.
2026-08-19 23:09:43.968 - RealTimeSTT: realtimestt - DEBUG - _audio_data_worker writing audio data into queue.
2026-08-19 23:09:44.992 - RealTimeSTT: realtimestt - DEBUG - _audio_data_worker writing audio data into queue.
2026-08-19 23:09:46.016 - RealTimeSTT: realtimestt - DEBUG - _audio_data_worker writing audio data into queue.
2026-08-19 23:09:47.041 - RealTimeSTT: realtimestt - DEBUG - _audio_data_worker writing audio data into queue.
2026-08-19 23:09:48.064 - RealTimeSTT: realtimestt - DEBUG - _audio_data_worker writing audio data into queue.
2026-08-19 23:09:49.089 - RealTimeSTT: realtimestt - DEBUG - _audio_data_worker writing audio data into queue.
2026-08-19 23:09:50.113 - RealTimeSTT: realtimestt - DEBUG - _audio_data_worker writing audio data into queue.
2026-08-19 23:09:51.137 - RealTimeSTT: realtimestt - DEBUG - _audio_data_worker writing audio data into queue.
2026-08-19 23:09:52.161 - RealTimeSTT: realtimestt - DEBUG - _audio_data_worker writing audio data into queue.
2026-08-19 23:09:53.185 - RealTimeSTT: realtimestt - DEBUG - _audio_data_worker writing audio data into queue.
2026-08-19 23:09:54.209 - RealTimeSTT: realtimestt - DEBUG - _audio_data_worker writing audio data into queue.
2026-08-19 23:09:55.233 - RealTimeSTT: realtimestt - DEBUG - _audio_data_worker writing audio data into queue.
2026-08-19 23:09:56.257 - RealTimeSTT: realtimestt - DEBUG - _audio_data_worker writing audio data into queue.
2026-08-19 23:09:57.281 - RealTimeSTT: realtimestt - DEBUG - _audio_data_worker writing audio data into queue.
2026-08-19 23:09:58.305 - RealTimeSTT: realtimestt - DEBUG - _audio_data_worker writing audio data into queue.
2026-08-19 23:09:59.329 - RealTimeSTT: realtimestt - DEBUG - _audio_data_worker writing audio data into queue.
2026-08-19 23:10:00.353 - RealTimeSTT: realtimestt - DEBUG - _audio_data_worker writing audio data into queue.
2026-08-19 23:10:01.377 - RealTimeSTT: realtimestt - DEBUG - _audio_data_worker writing audio data into queue.
2026-08-19 23:10:02.401 - RealTimeSTT: realtimestt - DEBUG - _audio_data_worker writing audio data into queue.
2026-08-19 23:10:03.425 - RealTimeSTT: realtimestt - DEBUG - _audio_data_worker writing audio data into queue.
2026-08-19 23:10:04.449 - RealTimeSTT: realtimestt - DEBUG - _audio_data_worker writing audio data into queue.
2026-08-19 23:10:05.473 - RealTimeSTT: realtimestt - DEBUG - _audio_data_worker writing audio data into queue.
2026-08-19 23:10:06.497 - RealTimeSTT: realtimestt - DEBUG - _audio_data_worker writing audio data into queue.
2026-08-19 23:10:07.521 - RealTimeSTT: realtimestt - DEBUG - _audio_data_worker writing audio data into queue.
2026-08-19 23:10:08.545 - RealTimeSTT: realtimestt - DEBUG - _audio_data_worker writing audio data into queue.
2026-08-19 23:10:09.569 - RealTimeSTT: realtimestt - DEBUG - _audio_data_worker writing audio data into queue.
2026-08-19 23:10:10.593 - RealTimeSTT: realtimestt - DEBUG - _audio_data_worker writing audio data into queue.
2026-08-19 23:10:11.617 - RealTimeSTT: realtimestt - DEBUG - _audio_data_worker writing audio data into queue.
2026-08-19 23:10:12.641 - RealTimeSTT: realtimestt - DEBUG - _audio_data_worker writing audio data into queue.
2026-08-19 23:10:13.665 - RealTimeSTT: realtimestt - DEBUG - _audio_data_worker writing audio data into queue.
2026-08-19 23:10:14.689 - RealTimeSTT: realtimestt - DEBUG - _audio_data_worker writing audio data into queue.
2026-08-19 23:10:15.713 - RealTimeSTT: realtimestt - DEBUG - _audio_data_worker writing audio data into queue.
2026-08-19 23:10:16.737 - RealTimeSTT: realtimestt - DEBUG - _audio_data_worker writing audio data into queue.
2026-08-19 23:10:17.761 - RealTimeSTT: realtimestt - DEBUG - _audio_data_worker writing audio data into queue.
2026-08-19 23:10:18.785 - RealTimeSTT: realtimestt - DEBUG - _audio_data_worker writing audio data into queue.
2026-08-19 23:10:19.809 - RealTimeSTT: realtimestt - DEBUG - _audio_data_worker writing audio data into queue.
2026-08-19 23:10:20.834 - RealTimeSTT: realtimestt - DEBUG - _audio_data_worker writing audio data into queue.
2026-08-19 23:10:21.857 - RealTimeSTT: realtimestt - DEBUG - _audio_data_worker writing audio data into queue.
2026-08-19 23:10:22.882 - RealTimeSTT: realtimestt - DEBUG - _audio_data_worker writing audio data into queue.
2026-08-19 23:10:23.906 - RealTimeSTT: realtimestt - DEBUG - _audio_data_worker writing audio data into queue.
2026-08-19 23:10:24.930 - RealTimeSTT: realtimestt - DEBUG - _audio_data_worker writing audio data into queue.
2026-08-19 23:10:25.954 - RealTimeSTT: realtimestt - DEBUG - _audio_data_worker writing audio data into queue.
2026-08-19 23:10:26.978 - RealTimeSTT: realtimestt - DEBUG - _audio_data_worker writing audio data into queue.
2026-08-19 23:10:28.002 - RealTimeSTT: realtimestt - DEBUG - _audio_data_worker writing audio data into queue.
2026-08-19 23:10:29.026 - RealTimeSTT: realtimestt - DEBUG - _audio_data_worker writing audio data into queue.
2026-08-19 23:10:30.050 - RealTimeSTT: realtimestt - DEBUG - _audio_data_worker writing audio data into queue.
2026-08-19 23:10:31.074 - RealTimeSTT: realtimestt - DEBUG - _audio_data_worker writing audio data into queue.
2026-08-19 23:10:32.098 - RealTimeSTT: realtimestt - DEBUG - _audio_data_worker writing audio data into queue.
2026-08-19 23:10:33.122 - RealTimeSTT: realtimestt - DEBUG - _audio_data_worker writing audio data into queue.
2026-08-19 23:10:34.146 - RealTimeSTT: realtimestt - DEBUG - _audio_data_worker writing audio data into queue.
2026-08-19 23:10:35.170 - RealTimeSTT: realtimestt - DEBUG - _audio_data_worker writing audio data into queue.
2026-08-19 23:10:36.194 - RealTimeSTT: realtimestt - DEBUG - _audio_data_worker writing audio data into queue.
2026-08-19 23:10:37.218 - RealTimeSTT: realtimestt - DEBUG - _audio_data_worker writing audio data into queue.
2026-08-19 23:10:38.242 - RealTimeSTT: realtimestt - DEBUG - _audio_data_worker writing audio data into queue.
2026-08-19 23:10:39.266 - RealTimeSTT: realtimestt - DEBUG - _audio_data_worker writing audio data into queue.
2026-08-19 23:10:40.290 - RealTimeSTT: realtimestt - DEBUG - _audio_data_worker writing audio data into queue.
2026-08-19 23:10:41.314 - RealTimeSTT: realtimestt - DEBUG - _audio_data_worker writing audio data into queue.
2026-08-19 23:10:42.338 - RealTimeSTT: realtimestt - DEBUG - _audio_data_worker writing audio data into queue.
2026-08-19 23:10:43.362 - RealTimeSTT: realtimestt - DEBUG - _audio_data_worker writing audio data into queue.
2026-08-19 23:10:44.386 - RealTimeSTT: realtimestt - DEBUG - _audio_data_worker writing audio data into queue.
2026-08-19 23:10:45.410 - RealTimeSTT: realtimestt - DEBUG - _audio_data_worker writing audio data into queue.
2026-08-19 23:10:46.435 - RealTimeSTT: realtimestt - DEBUG - _audio_data_worker writing audio data into queue.
2026-08-19 23:10:47.458 - RealTimeSTT: realtimestt - DEBUG - _audio_data_worker writing audio data into queue.
2026-08-19 23:10:48.482 - RealTimeSTT: realtimestt - DEBUG - _audio_data_worker writing audio data into queue.
2026-08-19 23:10:49.507 - RealTimeSTT: realtimestt - DEBUG - _audio_data_worker writing audio data into queue.
2026-08-19 23:10:50.531 - RealTimeSTT: realtimestt - DEBUG - _audio_data_worker writing audio data into queue.
2026-08-19 23:10:51.555 - RealTimeSTT: realtimestt - DEBUG - _audio_data_worker writing audio data into queue.
2026-08-19 23:10:52.579 - RealTimeSTT: realtimestt - DEBUG - _audio_data_worker writing audio data into queue.
2026-08-19 23:10:53.603 - RealTimeSTT: realtimestt - DEBUG - _audio_data_worker writing audio data into queue.
2026-08-19 23:10:54.627 - RealTimeSTT: realtimestt - DEBUG - _audio_data_worker writing audio data into queue.
2026-08-19 23:10:55.651 - RealTimeSTT: realtimestt - DEBUG - _audio_data_worker writing audio data into queue.
2026-08-19 23:10:56.675 - RealTimeSTT: realtimestt - DEBUG - _audio_data_worker writing audio data into queue.
2026-08-19 23:10:57.699 - RealTimeSTT: realtimestt - DEBUG - _audio_data_worker writing audio data into queue.
2026-08-19 23:10:58.723 - RealTimeSTT: realtimestt - DEBUG - _audio_data_worker writing audio data into queue.
2026-08-19 23:10:59.747 - RealTimeSTT: realtimestt - DEBUG - _audio_data_worker writing audio data into queue.
2026-08-19 23:11:00.771 - RealTimeSTT: realtimestt - DEBUG - _audio_data_worker writing audio data into queue.
2026-08-19 23:11:01.795 - RealTimeSTT: realtimestt - DEBUG - _audio_data_worker writing audio data into queue.
2026-08-19 23:11:02.819 - RealTimeSTT: realtimestt - DEBUG - _audio_data_worker writing audio data into queue.
2026-08-19 23:11:03.843 - RealTimeSTT: realtimestt - DEBUG - _audio_data_worker writing audio data into queue.
2026-08-19 23:11:04.867 - RealTimeSTT: realtimestt - DEBUG - _audio_data_worker writing audio data into queue.
2026-08-19 23:11:05.891 - RealTimeSTT: realtimestt - DEBUG - _audio_data_worker writing audio data into queue.
2026-08-19 23:11:06.915 - RealTimeSTT: realtimestt - DEBUG - _audio_data_worker writing audio data into queue.
2026-08-19 23:11:07.939 - RealTimeSTT: realtimestt - DEBUG - _audio_data_worker writing audio data into queue.
2026-08-19 23:11:08.963 - RealTimeSTT: realtimestt - DEBUG - _audio_data_worker writing audio data into queue.
2026-08-19 23:11:09.987 - RealTimeSTT: realtimestt - DEBUG - _audio_data_worker writing audio data into queue.
2026-08-19 23:11:11.011 - RealTimeSTT: realtimestt - DEBUG - _audio_data_worker writing audio data into queue.
2026-08-19 23:11:12.035 - RealTimeSTT: realtimestt - DEBUG - _audio_data_worker writing audio data into queue.
2026-08-19 23:11:13.059 - RealTimeSTT: realtimestt - DEBUG - _audio_data_worker writing audio data into queue.
2026-08-19 23:11:14.083 - RealTimeSTT: realtimestt - DEBUG - _audio_data_worker writing audio data into queue.
2026-08-19 23:11:15.108 - RealTimeSTT: realtimestt - DEBUG - _audio_data_worker writing audio data into queue.
2026-08-19 23:11:16.131 - RealTimeSTT: realtimestt - DEBUG - _audio_data_worker writing audio data into queue.
2026-08-19 23:11:17.156 - RealTimeSTT: realtimestt - DEBUG - _audio_data_worker writing audio data into queue.
2026-08-19 23:11:18.179 - RealTimeSTT: realtimestt - DEBUG - _audio_data_worker writing audio data into queue.
2026-08-19 23:11:19.203 - RealTimeSTT: realtimestt - DEBUG - _audio_data_worker writing audio data into queue.
2026-08-19 23:11:20.228 - RealTimeSTT: realtimestt - DEBUG - _audio_data_worker writing audio data into queue.
2026-08-19 23:11:21.252 - RealTimeSTT: realtimestt - DEBUG - _audio_data_worker writing audio data into queue.
2026-08-19 23:11:22.276 - RealTimeSTT: realtimestt - DEBUG - _audio_data_worker writing audio data into queue.
2026-08-19 23:11:23.300 - RealTimeSTT: realtimestt - DEBUG - _audio_data_worker writing audio data into queue.
2026-08-19 23:11:24.324 - RealTimeSTT: realtimestt - DEBUG - _audio_data_worker writing audio data into queue.
2026-08-19 23:11:25.348 - RealTimeSTT: realtimestt - DEBUG - _audio_data_worker writing audio data into queue.
2026-08-19 23:11:26.372 - RealTimeSTT: realtimestt - DEBUG - _audio_data_worker writing audio data into queue.
2026-08-19 23:11:27.396 - RealTimeSTT: realtimestt - DEBUG - _audio_data_worker writing audio data into queue.
2026-08-19 23:11:28.420 - RealTimeSTT: realtimestt - DEBUG - _audio_data_worker writing audio data into queue.
2026-08-19 23:11:29.444 - RealTimeSTT: realtimestt - DEBUG - _audio_data_worker writing audio data into queue.
2026-08-19 23:11:30.468 - RealTimeSTT: realtimestt - DEBUG - _audio_data_worker writing audio data into queue.
2026-08-19 23:11:31.492 - RealTimeSTT: realtimestt - DEBUG - _audio_data_worker writing audio data into queue.
2026-08-19 23:11:32.516 - RealTimeSTT: realtimestt - DEBUG - _audio_data_worker writing audio data into queue.
2026-08-19 23:11:33.540 - RealTimeSTT: realtimestt - DEBUG - _audio_data_worker writing audio data into queue.
2026-08-19 23:11:34.564 - RealTimeSTT: realtimestt - DEBUG - _audio_data_worker writing audio data into queue.
2026-08-19 23:11:35.587 - RealTimeSTT: realtimestt - DEBUG - _audio_data_worker writing audio data into queue.
2026-08-19 23:11:36.595 - RealTimeSTT: realtimestt - DEBUG - _audio_data_worker writing audio data into queue.
2026-08-19 23:11:37.598 - RealTimeSTT: realtimestt - DEBUG - _audio_data_worker writing audio data into queue.
2026-08-19 23:11:38.611 - RealTimeSTT: realtimestt - DEBUG - _audio_data_worker writing audio data into queue.
2026-08-19 23:11:39.628 - RealTimeSTT: realtimestt - DEBUG - _audio_data_worker writing audio data into queue.
2026-08-19 23:11:40.646 - RealTimeSTT: realtimestt - DEBUG - _audio_data_worker writing audio data into queue.
2026-08-19 23:11:41.664 - RealTimeSTT: realtimestt - DEBUG - _audio_data_worker writing audio data into queue.
2026-08-19 23:11:42.683 - RealTimeSTT: realtimestt - DEBUG - _audio_data_worker writing audio data into queue.
2026-08-19 23:11:43.702 - RealTimeSTT: realtimestt - DEBUG - _audio_data_worker writing audio data into queue.
2026-08-19 23:11:44.723 - RealTimeSTT: realtimestt - DEBUG - _audio_data_worker writing audio data into queue.
2026-08-19 23:11:45.743 - RealTimeSTT: realtimestt - DEBUG - _audio_data_worker writing audio data into queue.
2026-08-19 23:11:46.764 - RealTimeSTT: realtimestt - DEBUG - _audio_data_worker writing audio data into queue.
2026-08-19 23:11:47.785 - RealTimeSTT: realtimestt - DEBUG - _audio_data_worker writing audio data into queue.
2026-08-19 23:11:48.807 - RealTimeSTT: realtimestt - DEBUG - _audio_data_worker writing audio data into queue.
2026-08-19 23:11:49.828 - RealTimeSTT: realtimestt - DEBUG - _audio_data_worker writing audio data into queue.
2026-08-19 23:11:50.850 - RealTimeSTT: realtimestt - DEBUG - _audio_data_worker writing audio data into queue.
2026-08-19 23:11:51.872 - RealTimeSTT: realtimestt - DEBUG - _audio_data_worker writing audio data into queue.
2026-08-19 23:11:52.895 - RealTimeSTT: realtimestt - DEBUG - _audio_data_worker writing audio data into queue.
2026-08-19 23:11:53.917 - RealTimeSTT: realtimestt - DEBUG - _audio_data_worker writing audio data into queue.
2026-08-19 23:11:54.940 - RealTimeSTT: realtimestt - DEBUG - _audio_data_worker writing audio data into queue.
2026-08-19 23:11:55.963 - RealTimeSTT: realtimestt - DEBUG - _audio_data_worker writing audio data into queue.
2026-08-19 23:11:56.985 - RealTimeSTT: realtimestt - DEBUG - _audio_data_worker writing audio data into queue.
2026-08-19 23:11:58.008 - RealTimeSTT: realtimestt - DEBUG - _audio_data_worker writing audio data into queue.
2026-08-19 23:11:59.031 - RealTimeSTT: realtimestt - DEBUG - _audio_data_worker writing audio data into queue.
2026-08-19 23:12:00.054 - RealTimeSTT: realtimestt - DEBUG - _audio_data_worker writing audio data into queue.
2026-08-19 23:12:01.078 - RealTimeSTT: realtimestt - DEBUG - _audio_data_worker writing audio data into queue.
2026-08-19 23:12:02.101 - RealTimeSTT: realtimestt - DEBUG - _audio_data_worker writing audio data into queue.
2026-08-19 23:12:03.124 - RealTimeSTT: realtimestt - DEBUG - _audio_data_worker writing audio data into queue.
2026-08-19 23:12:04.147 - RealTimeSTT: realtimestt - DEBUG - _audio_data_worker writing audio data into queue.
2026-08-19 23:12:05.170 - RealTimeSTT: realtimestt - DEBUG - _audio_data_worker writing audio data into queue.
2026-08-19 23:12:06.194 - RealTimeSTT: realtimestt - DEBUG - _audio_data_worker writing audio data into queue.
2026-08-19 23:12:07.218 - RealTimeSTT: realtimestt - DEBUG - _audio_data_worker writing audio data into queue.
2026-08-19 23:12:08.243 - RealTimeSTT: realtimestt - DEBUG - _audio_data_worker writing audio data into queue.
2026-08-19 23:12:09.267 - RealTimeSTT: realtimestt - DEBUG - _audio_data_worker writing audio data into queue.
2026-08-19 23:12:10.292 - RealTimeSTT: realtimestt - DEBUG - _audio_data_worker writing audio data into queue.
2026-08-19 23:12:11.316 - RealTimeSTT: realtimestt - DEBUG - _audio_data_worker writing audio data into queue.
2026-08-19 23:12:12.341 - RealTimeSTT: realtimestt - DEBUG - _audio_data_worker writing audio data into queue.
2026-08-19 23:12:13.365 - RealTimeSTT: realtimestt - DEBUG - _audio_data_worker writing audio data into queue.
2026-08-19 23:12:14.389 - RealTimeSTT: realtimestt - DEBUG - _audio_data_worker writing audio data into queue.
2026-08-19 23:12:15.413 - RealTimeSTT: realtimestt - DEBUG - _audio_data_worker writing audio data into queue.
2026-08-19 23:12:16.438 - RealTimeSTT: realtimestt - DEBUG - _audio_data_worker writing audio data into queue.
2026-08-19 23:12:17.462 - RealTimeSTT: realtimestt - DEBUG - _audio_data_worker writing audio data into queue.
2026-08-19 23:12:18.486 - RealTimeSTT: realtimestt - DEBUG - _audio_data_worker writing audio data into queue.
2026-08-19 23:12:19.510 - RealTimeSTT: realtimestt - DEBUG - _audio_data_worker writing audio data into queue.
2026-08-19 23:12:20.534 - RealTimeSTT: realtimestt - DEBUG - _audio_data_worker writing audio data into queue.
2026-08-19 23:12:21.558 - RealTimeSTT: realtimestt - DEBUG - _audio_data_worker writing audio data into queue.
2026-08-19 23:12:22.582 - RealTimeSTT: realtimestt - DEBUG - _audio_data_worker writing audio data into queue.
2026-08-19 23:12:23.606 - RealTimeSTT: realtimestt - DEBUG - _audio_data_worker writing audio data into queue.
2026-08-19 23:12:24.630 - RealTimeSTT: realtimestt - DEBUG - _audio_data_worker writing audio data into queue.
2026-08-19 23:12:25.654 - RealTimeSTT: realtimestt - DEBUG - _audio_data_worker writing audio data into queue.
2026-08-19 23:12:26.677 - RealTimeSTT: realtimestt - DEBUG - _audio_data_worker writing audio data into queue.
2026-08-19 23:12:27.701 - RealTimeSTT: realtimestt - DEBUG - _audio_data_worker writing audio data into queue.
2026-08-19 23:12:28.725 - RealTimeSTT: realtimestt - DEBUG - _audio_data_worker writing audio data into queue.
2026-08-19 23:12:29.749 - RealTimeSTT: realtimestt - DEBUG - _audio_data_worker writing audio data into queue.
2026-08-19 23:12:30.773 - RealTimeSTT: realtimestt - DEBUG - _audio_data_worker writing audio data into queue.
2026-08-19 23:12:31.797 - RealTimeSTT: realtimestt - DEBUG - _audio_data_worker writing audio data into queue.
2026-08-19 23:12:32.820 - RealTimeSTT: realtimestt - DEBUG - _audio_data_worker writing audio data into queue.
2026-08-19 23:12:33.844 - RealTimeSTT: realtimestt - DEBUG - _audio_data_worker writing audio data into queue.
2026-08-19 23:12:34.868 - RealTimeSTT: realtimestt - DEBUG - _audio_data_worker writing audio data into queue.
2026-08-19 23:12:35.892 - RealTimeSTT: realtimestt - DEBUG - _audio_data_worker writing audio data into queue.
2026-08-19 23:12:36.916 - RealTimeSTT: realtimestt - DEBUG - _audio_data_worker writing audio data into queue.
2026-08-19 23:12:37.940 - RealTimeSTT: realtimestt - DEBUG - _audio_data_worker writing audio data into queue.
2026-08-19 23:12:38.963 - RealTimeSTT: realtimestt - DEBUG - _audio_data_worker writing audio data into queue.
2026-08-19 23:12:39.987 - RealTimeSTT: realtimestt - DEBUG - _audio_data_worker writing audio data into queue.
2026-08-19 23:12:41.011 - RealTimeSTT: realtimestt - DEBUG - _audio_data_worker writing audio data into queue.
2026-08-19 23:12:42.034 - RealTimeSTT: realtimestt - DEBUG - _audio_data_worker writing audio data into queue.
2026-08-19 23:12:43.058 - RealTimeSTT: realtimestt - DEBUG - _audio_data_worker writing audio data into queue.
2026-08-19 23:12:44.082 - RealTimeSTT: realtimestt - DEBUG - _audio_data_worker writing audio data into queue.
2026-08-19 23:12:45.105 - RealTimeSTT: realtimestt - DEBUG - _audio_data_worker writing audio data into queue.
2026-08-19 23:12:46.129 - RealTimeSTT: realtimestt - DEBUG - _audio_data_worker writing audio data into queue.
2026-08-19 23:12:47.153 - RealTimeSTT: realtimestt - DEBUG - _audio_data_worker writing audio data into queue.
2026-08-19 23:12:48.177 - RealTimeSTT: realtimestt - DEBUG - _audio_data_worker writing audio data into queue.
2026-08-19 23:12:49.200 - RealTimeSTT: realtimestt - DEBUG - _audio_data_worker writing audio data into queue.
2026-08-19 23:12:50.224 - RealTimeSTT: realtimestt - DEBUG - _audio_data_worker writing audio data into queue.
2026-08-19 23:12:51.248 - RealTimeSTT: realtimestt - DEBUG - _audio_data_worker writing audio data into queue.
2026-08-19 23:12:52.271 - RealTimeSTT: realtimestt - DEBUG - _audio_data_worker writing audio data into queue.
2026-08-19 23:12:53.295 - RealTimeSTT: realtimestt - DEBUG - _audio_data_worker writing audio data into queue.
2026-08-19 23:12:54.319 - RealTimeSTT: realtimestt - DEBUG - _audio_data_worker writing audio data into queue.
2026-08-19 23:12:55.342 - RealTimeSTT: realtimestt - DEBUG - _audio_data_worker writing audio data into queue.
2026-08-19 23:12:56.366 - RealTimeSTT: realtimestt - DEBUG - _audio_data_worker writing audio data into queue.
2026-08-19 23:12:57.390 - RealTimeSTT: realtimestt - DEBUG - _audio_data_worker writing audio data into queue.
2026-08-19 23:12:58.413 - RealTimeSTT: realtimestt - DEBUG - _audio_data_worker writing audio data into queue.
2026-08-19 23:12:59.437 - RealTimeSTT: realtimestt - DEBUG - _audio_data_worker writing audio data into queue.
2026-08-19 23:13:00.460 - RealTimeSTT: realtimestt - DEBUG - _audio_data_worker writing audio data into queue.
2026-08-19 23:13:01.484 - RealTimeSTT: realtimestt - DEBUG - _audio_data_worker writing audio data into queue.
2026-08-19 23:13:02.508 - RealTimeSTT: realtimestt - DEBUG - _audio_data_worker writing audio data into queue.
2026-08-19 23:13:03.531 - RealTimeSTT: realtimestt - DEBUG - _audio_data_worker writing audio data into queue.
2026-08-19 23:13:04.555 - RealTimeSTT: realtimestt - DEBUG - _audio_data_worker writing audio data into queue.
2026-08-19 23:13:05.579 - RealTimeSTT: realtimestt - DEBUG - _audio_data_worker writing audio data into queue.
2026-08-19 23:13:06.602 - RealTimeSTT: realtimestt - DEBUG - _audio_data_worker writing audio data into queue.
2026-08-19 23:13:07.626 - RealTimeSTT: realtimestt - DEBUG - _audio_data_worker writing audio data into queue.
2026-08-19 23:13:08.650 - RealTimeSTT: realtimestt - DEBUG - _audio_data_worker writing audio data into queue.
2026-08-19 23:13:09.673 - RealTimeSTT: realtimestt - DEBUG - _audio_data_worker writing audio data into queue.
2026-08-19 23:13:10.697 - RealTimeSTT: realtimestt - DEBUG - _audio_data_worker writing audio data into queue.
2026-08-19 23:13:11.722 - RealTimeSTT: realtimestt - DEBUG - _audio_data_worker writing audio data into queue.
2026-08-19 23:13:12.746 - RealTimeSTT: realtimestt - DEBUG - _audio_data_worker writing audio data into queue.
2026-08-19 23:13:13.771 - RealTimeSTT: realtimestt - DEBUG - _audio_data_worker writing audio data into queue.
2026-08-19 23:13:14.795 - RealTimeSTT: realtimestt - DEBUG - _audio_data_worker writing audio data into queue.
2026-08-19 23:13:15.819 - RealTimeSTT: realtimestt - DEBUG - _audio_data_worker writing audio data into queue.
2026-08-19 23:13:16.844 - RealTimeSTT: realtimestt - DEBUG - _audio_data_worker writing audio data into queue.
2026-08-19 23:13:17.868 - RealTimeSTT: realtimestt - DEBUG - _audio_data_worker writing audio data into queue.
2026-08-19 23:13:18.892 - RealTimeSTT: realtimestt - DEBUG - _audio_data_worker writing audio data into queue.
2026-08-19 23:13:19.917 - RealTimeSTT: realtimestt - DEBUG - _audio_data_worker writing audio data into queue.
2026-08-19 23:13:20.941 - RealTimeSTT: realtimestt - DEBUG - _audio_data_worker writing audio data into queue.
2026-08-19 23:13:21.965 - RealTimeSTT: realtimestt - DEBUG - _audio_data_worker writing audio data into queue.
2026-08-19 23:13:22.989 - RealTimeSTT: realtimestt - DEBUG - _audio_data_worker writing audio data into queue.
2026-08-19 23:13:24.013 - RealTimeSTT: realtimestt - DEBUG - _audio_data_worker writing audio data into queue.
2026-08-19 23:13:25.038 - RealTimeSTT: realtimestt - DEBUG - _audio_data_worker writing audio data into queue.
2026-08-19 23:13:26.062 - RealTimeSTT: realtimestt - DEBUG - _audio_data_worker writing audio data into queue.
2026-08-19 23:13:27.086 - RealTimeSTT: realtimestt - DEBUG - _audio_data_worker writing audio data into queue.
2026-08-19 23:13:28.110 - RealTimeSTT: realtimestt - DEBUG - _audio_data_worker writing audio data into queue.
2026-08-19 23:13:29.134 - RealTimeSTT: realtimestt - DEBUG - _audio_data_worker writing audio data into queue.
2026-08-19 23:13:30.158 - RealTimeSTT: realtimestt - DEBUG - _audio_data_worker writing audio data into queue.
2026-08-19 23:13:31.182 - RealTimeSTT: realtimestt - DEBUG - _audio_data_worker writing audio data into queue.
2026-08-19 23:13:32.206 - RealTimeSTT: realtimestt - DEBUG - _audio_data_worker writing audio data into queue.
2026-08-19 23:13:33.231 - RealTimeSTT: realtimestt - DEBUG - _audio_data_worker writing audio data into queue.
2026-08-19 23:13:34.255 - RealTimeSTT: realtimestt - DEBUG - _audio_data_worker writing audio data into queue.
2026-08-19 23:13:35.279 - RealTimeSTT: realtimestt - DEBUG - _audio_data_worker writing audio data into queue.
2026-08-19 23:13:36.303 - RealTimeSTT: realtimestt - DEBUG - _audio_data_worker writing audio data into queue.
2026-08-19 23:13:37.327 - RealTimeSTT: realtimestt - DEBUG - _audio_data_worker writing audio data into queue.
2026-08-19 23:13:38.351 - RealTimeSTT: realtimestt - DEBUG - _audio_data_worker writing audio data into queue.
2026-08-19 23:13:39.375 - RealTimeSTT: realtimestt - DEBUG - _audio_data_worker writing audio data into queue.
2026-08-19 23:13:40.399 - RealTimeSTT: realtimestt - DEBUG - _audio_data_worker writing audio data into queue.
2026-08-19 23:13:41.423 - RealTimeSTT: realtimestt - DEBUG - _audio_data_worker writing audio data into queue.
2026-08-19 23:13:42.447 - RealTimeSTT: realtimestt - DEBUG - _audio_data_worker writing audio data into queue.
2026-08-19 23:13:43.471 - RealTimeSTT: realtimestt - DEBUG - _audio_data_worker writing audio data into queue.
2026-08-19 23:13:44.495 - RealTimeSTT: realtimestt - DEBUG - _audio_data_worker writing audio data into queue.
2026-08-19 23:13:45.519 - RealTimeSTT: realtimestt - DEBUG - _audio_data_worker writing audio data into queue.
2026-08-19 23:13:46.542 - RealTimeSTT: realtimestt - DEBUG - _audio_data_worker writing audio data into queue.
2026-08-19 23:13:47.566 - RealTimeSTT: realtimestt - DEBUG - _audio_data_worker writing audio data into queue.
2026-08-19 23:13:48.590 - RealTimeSTT: realtimestt - DEBUG - _audio_data_worker writing audio data into queue.
2026-08-19 23:13:49.614 - RealTimeSTT: realtimestt - DEBUG - _audio_data_worker writing audio data into queue.
2026-08-19 23:13:50.638 - RealTimeSTT: realtimestt - DEBUG - _audio_data_worker writing audio data into queue.
2026-08-19 23:13:51.662 - RealTimeSTT: realtimestt - DEBUG - _audio_data_worker writing audio data into queue.
2026-08-19 23:13:52.686 - RealTimeSTT: realtimestt - DEBUG - _audio_data_worker writing audio data into queue.
2026-08-19 23:13:53.710 - RealTimeSTT: realtimestt - DEBUG - _audio_data_worker writing audio data into queue.
2026-08-19 23:13:54.734 - RealTimeSTT: realtimestt - DEBUG - _audio_data_worker writing audio data into queue.
2026-08-19 23:13:55.758 - RealTimeSTT: realtimestt - DEBUG - _audio_data_worker writing audio data into queue.
2026-08-19 23:13:56.781 - RealTimeSTT: realtimestt - DEBUG - _audio_data_worker writing audio data into queue.
2026-08-19 23:13:57.805 - RealTimeSTT: realtimestt - DEBUG - _audio_data_worker writing audio data into queue.
2026-08-19 23:13:58.829 - RealTimeSTT: realtimestt - DEBUG - _audio_data_worker writing audio data into queue.
2026-08-19 23:13:59.853 - RealTimeSTT: realtimestt - DEBUG - _audio_data_worker writing audio data into queue.
2026-08-19 23:14:00.877 - RealTimeSTT: realtimestt - DEBUG - _audio_data_worker writing audio data into queue.
2026-08-19 23:14:01.901 - RealTimeSTT: realtimestt - DEBUG - _audio_data_worker writing audio data into queue.
2026-08-19 23:14:02.925 - RealTimeSTT: realtimestt - DEBUG - _audio_data_worker writing audio data into queue.
2026-08-19 23:14:03.948 - RealTimeSTT: realtimestt - DEBUG - _audio_data_worker writing audio data into queue.
2026-08-19 23:14:04.972 - RealTimeSTT: realtimestt - DEBUG - _audio_data_worker writing audio data into queue.
2026-08-19 23:14:05.996 - RealTimeSTT: realtimestt - DEBUG - _audio_data_worker writing audio data into queue.
2026-08-19 23:14:07.020 - RealTimeSTT: realtimestt - DEBUG - _audio_data_worker writing audio data into queue.
2026-08-19 23:14:08.044 - RealTimeSTT: realtimestt - DEBUG - _audio_data_worker writing audio data into queue.
2026-08-19 23:14:09.068 - RealTimeSTT: realtimestt - DEBUG - _audio_data_worker writing audio data into queue.
2026-08-19 23:14:10.092 - RealTimeSTT: realtimestt - DEBUG - _audio_data_worker writing audio data into queue.
2026-08-19 23:14:11.115 - RealTimeSTT: realtimestt - DEBUG - _audio_data_worker writing audio data into queue.
2026-08-19 23:14:12.139 - RealTimeSTT: realtimestt - DEBUG - _audio_data_worker writing audio data into queue.
2026-08-19 23:14:13.163 - RealTimeSTT: realtimestt - DEBUG - _audio_data_worker writing audio data into queue.
2026-08-19 23:14:14.187 - RealTimeSTT: realtimestt - DEBUG - _audio_data_worker writing audio data into queue.
2026-08-19 23:14:15.211 - RealTimeSTT: realtimestt - DEBUG - _audio_data_worker writing audio data into queue.
2026-08-19 23:14:16.234 - RealTimeSTT: realtimestt - DEBUG - _audio_data_worker writing audio data into queue.
2026-08-19 23:14:17.258 - RealTimeSTT: realtimestt - DEBUG - _audio_data_worker writing audio data into queue.
2026-08-19 23:14:18.282 - RealTimeSTT: realtimestt - DEBUG - _audio_data_worker writing audio data into queue.
2026-08-19 23:14:19.306 - RealTimeSTT: realtimestt - DEBUG - _audio_data_worker writing audio data into queue.
2026-08-19 23:14:20.329 - RealTimeSTT: realtimestt - DEBUG - _audio_data_worker writing audio data into queue.
2026-08-19 23:14:21.353 - RealTimeSTT: realtimestt - DEBUG - _audio_data_worker writing audio data into queue.
2026-08-19 23:14:22.377 - RealTimeSTT: realtimestt - DEBUG - _audio_data_worker writing audio data into queue.
2026-08-19 23:14:23.401 - RealTimeSTT: realtimestt - DEBUG - _audio_data_worker writing audio data into queue.
2026-08-19 23:14:24.425 - RealTimeSTT: realtimestt - DEBUG - _audio_data_worker writing audio data into queue.
2026-08-19 23:14:25.448 - RealTimeSTT: realtimestt - DEBUG - _audio_data_worker writing audio data into queue.
2026-08-19 23:14:26.472 - RealTimeSTT: realtimestt - DEBUG - _audio_data_worker writing audio data into queue.
2026-08-19 23:14:27.496 - RealTimeSTT: realtimestt - DEBUG - _audio_data_worker writing audio data into queue.
2026-08-19 23:14:28.520 - RealTimeSTT: realtimestt - DEBUG - _audio_data_worker writing audio data into queue.
2026-08-19 23:14:29.543 - RealTimeSTT: realtimestt - DEBUG - _audio_data_worker writing audio data into queue.
2026-08-19 23:14:30.567 - RealTimeSTT: realtimestt - DEBUG - _audio_data_worker writing audio data into queue.
2026-08-19 23:14:31.591 - RealTimeSTT: realtimestt - DEBUG - _audio_data_worker writing audio data into queue.
2026-08-19 23:14:32.615 - RealTimeSTT: realtimestt - DEBUG - _audio_data_worker writing audio data into queue.
2026-08-19 23:14:33.639 - RealTimeSTT: realtimestt - DEBUG - _audio_data_worker writing audio data into queue.
2026-08-19 23:14:34.662 - RealTimeSTT: realtimestt - DEBUG - _audio_data_worker writing audio data into queue.
2026-08-19 23:14:35.686 - RealTimeSTT: realtimestt - DEBUG - _audio_data_worker writing audio data into queue.
2026-08-19 23:14:36.710 - RealTimeSTT: realtimestt - DEBUG - _audio_data_worker writing audio data into queue.
2026-08-19 23:14:37.734 - RealTimeSTT: realtimestt - DEBUG - _audio_data_worker writing audio data into queue.
2026-08-19 23:14:38.757 - RealTimeSTT: realtimestt - DEBUG - _audio_data_worker writing audio data into queue.
2026-08-19 23:14:39.781 - RealTimeSTT: realtimestt - DEBUG - _audio_data_worker writing audio data into queue.
2026-08-19 23:14:40.805 - RealTimeSTT: realtimestt - DEBUG - _audio_data_worker writing audio data into queue.
2026-08-19 23:14:41.829 - RealTimeSTT: realtimestt - DEBUG - _audio_data_worker writing audio data into queue.
2026-08-19 23:14:42.852 - RealTimeSTT: realtimestt - DEBUG - _audio_data_worker writing audio data into queue.
2026-08-19 23:14:43.876 - RealTimeSTT: realtimestt - DEBUG - _audio_data_worker writing audio data into queue.
2026-08-19 23:14:44.900 - RealTimeSTT: realtimestt - DEBUG - _audio_data_worker writing audio data into queue.
2026-08-19 23:14:45.924 - RealTimeSTT: realtimestt - DEBUG - _audio_data_worker writing audio data into queue.
2026-08-19 23:14:46.947 - RealTimeSTT: realtimestt - DEBUG - _audio_data_worker writing audio data into queue.
2026-08-19 23:14:47.971 - RealTimeSTT: realtimestt - DEBUG - _audio_data_worker writing audio data into queue.
2026-08-19 23:14:48.995 - RealTimeSTT: realtimestt - DEBUG - _audio_data_worker writing audio data into queue.
2026-08-19 23:14:50.019 - RealTimeSTT: realtimestt - DEBUG - _audio_data_worker writing audio data into queue.
2026-08-19 23:14:51.042 - RealTimeSTT: realtimestt - DEBUG - _audio_data_worker writing audio data into queue.
2026-08-19 23:14:52.066 - RealTimeSTT: realtimestt - DEBUG - _audio_data_worker writing audio data into queue.
2026-08-19 23:14:53.090 - RealTimeSTT: realtimestt - DEBUG - _audio_data_worker writing audio data into queue.
2026-08-19 23:14:54.114 - RealTimeSTT: realtimestt - DEBUG - _audio_data_worker writing audio data into queue.
2026-08-19 23:14:55.137 - RealTimeSTT: realtimestt - DEBUG - _audio_data_worker writing audio data into queue.
2026-08-19 23:14:56.161 - RealTimeSTT: realtimestt - DEBUG - _audio_data_worker writing audio data into queue.
2026-08-19 23:14:57.185 - RealTimeSTT: realtimestt - DEBUG - _audio_data_worker writing audio data into queue.
2026-08-19 23:14:58.208 - RealTimeSTT: realtimestt - DEBUG - _audio_data_worker writing audio data into queue.
2026-08-19 23:14:59.232 - RealTimeSTT: realtimestt - DEBUG - _audio_data_worker writing audio data into queue.
2026-08-19 23:15:00.256 - RealTimeSTT: realtimestt - DEBUG - _audio_data_worker writing audio data into queue.
2026-08-19 23:15:01.280 - RealTimeSTT: realtimestt - DEBUG - _audio_data_worker writing audio data into queue.
2026-08-19 23:15:02.303 - RealTimeSTT: realtimestt - DEBUG - _audio_data_worker writing audio data into queue.
2026-08-19 23:15:03.327 - RealTimeSTT: realtimestt - DEBUG - _audio_data_worker writing audio data into queue.
2026-08-19 23:15:04.351 - RealTimeSTT: realtimestt - DEBUG - _audio_data_worker writing audio data into queue.
2026-08-19 23:15:05.375 - RealTimeSTT: realtimestt - DEBUG - _audio_data_worker writing audio data into queue.
2026-08-19 23:15:06.398 - RealTimeSTT: realtimestt - DEBUG - _audio_data_worker writing audio data into queue.
2026-08-19 23:15:07.422 - RealTimeSTT: realtimestt - DEBUG - _audio_data_worker writing audio data into queue.
2026-08-19 23:15:08.446 - RealTimeSTT: realtimestt - DEBUG - _audio_data_worker writing audio data into queue.
2026-08-19 23:15:09.470 - RealTimeSTT: realtimestt - DEBUG - _audio_data_worker writing audio data into queue.
2026-08-19 23:15:10.493 - RealTimeSTT: realtimestt - DEBUG - _audio_data_worker writing audio data into queue.
2026-08-19 23:15:11.517 - RealTimeSTT: realtimestt - DEBUG - _audio_data_worker writing audio data into queue.
2026-08-19 23:15:12.541 - RealTimeSTT: realtimestt - DEBUG - _audio_data_worker writing audio data into queue.
2026-08-19 23:15:13.564 - RealTimeSTT: realtimestt - DEBUG - _audio_data_worker writing audio data into queue.
2026-08-19 23:15:14.588 - RealTimeSTT: realtimestt - DEBUG - _audio_data_worker writing audio data into queue.
2026-08-19 23:15:15.612 - RealTimeSTT: realtimestt - DEBUG - _audio_data_worker writing audio data into queue.
2026-08-19 23:15:16.635 - RealTimeSTT: realtimestt - DEBUG - _audio_data_worker writing audio data into queue.
2026-08-19 23:15:17.659 - RealTimeSTT: realtimestt - DEBUG - _audio_data_worker writing audio data into queue.
2026-08-19 23:15:18.683 - RealTimeSTT: realtimestt - DEBUG - _audio_data_worker writing audio data into queue.
2026-08-19 23:15:19.708 - RealTimeSTT: realtimestt - DEBUG - _audio_data_worker writing audio data into queue.
2026-08-19 23:15:20.732 - RealTimeSTT: realtimestt - DEBUG - _audio_data_worker writing audio data into queue.
2026-08-19 23:15:21.756 - RealTimeSTT: realtimestt - DEBUG - _audio_data_worker writing audio data into queue.
2026-08-19 23:15:22.781 - RealTimeSTT: realtimestt - DEBUG - _audio_data_worker writing audio data into queue.
2026-08-19 23:15:23.805 - RealTimeSTT: realtimestt - DEBUG - _audio_data_worker writing audio data into queue.
2026-08-19 23:15:24.829 - RealTimeSTT: realtimestt - DEBUG - _audio_data_worker writing audio data into queue.
2026-08-19 23:15:25.853 - RealTimeSTT: realtimestt - DEBUG - _audio_data_worker writing audio data into queue.
2026-08-19 23:15:26.878 - RealTimeSTT: realtimestt - DEBUG - _audio_data_worker writing audio data into queue.
2026-08-19 23:15:27.902 - RealTimeSTT: realtimestt - DEBUG - _audio_data_worker writing audio data into queue.
2026-08-19 23:15:28.926 - RealTimeSTT: realtimestt - DEBUG - _audio_data_worker writing audio data into queue.
2026-08-19 23:15:29.951 - RealTimeSTT: realtimestt - DEBUG - _audio_data_worker writing audio data into queue.
2026-08-19 23:15:30.975 - RealTimeSTT: realtimestt - DEBUG - _audio_data_worker writing audio data into queue.
2026-08-19 23:15:31.999 - RealTimeSTT: realtimestt - DEBUG - _audio_data_worker writing audio data into queue.
2026-08-19 23:15:33.023 - RealTimeSTT: realtimestt - DEBUG - _audio_data_worker writing audio data into queue.
2026-08-19 23:15:34.048 - RealTimeSTT: realtimestt - DEBUG - _audio_data_worker writing audio data into queue.
2026-08-19 23:15:35.072 - RealTimeSTT: realtimestt - DEBUG - _audio_data_worker writing audio data into queue.
2026-08-19 23:15:36.096 - RealTimeSTT: realtimestt - DEBUG - _audio_data_worker writing audio data into queue.
2026-08-19 23:15:37.120 - RealTimeSTT: realtimestt - DEBUG - _audio_data_worker writing audio data into queue.
2026-08-19 23:15:38.144 - RealTimeSTT: realtimestt - DEBUG - _audio_data_worker writing audio data into queue.
2026-08-19 23:15:39.169 - RealTimeSTT: realtimestt - DEBUG - _audio_data_worker writing audio data into queue.
2026-08-19 23:15:40.193 - RealTimeSTT: realtimestt - DEBUG - _audio_data_worker writing audio data into queue.
2026-08-19 23:15:41.217 - RealTimeSTT: realtimestt - DEBUG - _audio_data_worker writing audio data into queue.
2026-08-19 23:15:42.241 - RealTimeSTT: realtimestt - DEBUG - _audio_data_worker writing audio data into queue.
2026-08-19 23:15:43.265 - RealTimeSTT: realtimestt - DEBUG - _audio_data_worker writing audio data into queue.
2026-08-19 23:15:44.290 - RealTimeSTT: realtimestt - DEBUG - _audio_data_worker writing audio data into queue.
2026-08-19 23:15:45.314 - RealTimeSTT: realtimestt - DEBUG - _audio_data_worker writing audio data into queue.
2026-08-19 23:15:46.338 - RealTimeSTT: realtimestt - DEBUG - _audio_data_worker writing audio data into queue.
2026-08-19 23:15:47.362 - RealTimeSTT: realtimestt - DEBUG - _audio_data_worker writing audio data into queue.
2026-08-19 23:15:48.386 - RealTimeSTT: realtimestt - DEBUG - _audio_data_worker writing audio data into queue.
2026-08-19 23:15:49.410 - RealTimeSTT: realtimestt - DEBUG - _audio_data_worker writing audio data into queue.
2026-08-19 23:15:50.434 - RealTimeSTT: realtimestt - DEBUG - _audio_data_worker writing audio data into queue.
2026-08-19 23:15:51.459 - RealTimeSTT: realtimestt - DEBUG - _audio_data_worker writing audio data into queue.
2026-08-19 23:15:52.483 - RealTimeSTT: realtimestt - DEBUG - _audio_data_worker writing audio data into queue.
2026-08-19 23:15:53.507 - RealTimeSTT: realtimestt - DEBUG - _audio_data_worker writing audio data into queue.
2026-08-19 23:15:54.531 - RealTimeSTT: realtimestt - DEBUG - _audio_data_worker writing audio data into queue.
2026-08-19 23:15:55.555 - RealTimeSTT: realtimestt - DEBUG - _audio_data_worker writing audio data into queue.
2026-08-19 23:15:56.579 - RealTimeSTT: realtimestt - DEBUG - _audio_data_worker writing audio data into queue.
2026-08-19 23:15:57.603 - RealTimeSTT: realtimestt - DEBUG - _audio_data_worker writing audio data into queue.
2026-08-19 23:15:58.627 - RealTimeSTT: realtimestt - DEBUG - _audio_data_worker writing audio data into queue.
2026-08-19 23:15:59.651 - RealTimeSTT: realtimestt - DEBUG - _audio_data_worker writing audio data into queue.
2026-08-19 23:16:00.675 - RealTimeSTT: realtimestt - DEBUG - _audio_data_worker writing audio data into queue.
2026-08-19 23:16:01.700 - RealTimeSTT: realtimestt - DEBUG - _audio_data_worker writing audio data into queue.
2026-08-19 23:16:02.724 - RealTimeSTT: realtimestt - DEBUG - _audio_data_worker writing audio data into queue.
2026-08-19 23:16:03.748 - RealTimeSTT: realtimestt - DEBUG - _audio_data_worker writing audio data into queue.
2026-08-19 23:16:04.772 - RealTimeSTT: realtimestt - DEBUG - _audio_data_worker writing audio data into queue.
2026-08-19 23:16:05.796 - RealTimeSTT: realtimestt - DEBUG - _audio_data_worker writing audio data into queue.
2026-08-19 23:16:06.820 - RealTimeSTT: realtimestt - DEBUG - _audio_data_worker writing audio data into queue.
2026-08-19 23:16:07.844 - RealTimeSTT: realtimestt - DEBUG - _audio_data_worker writing audio data into queue.
2026-08-19 23:16:08.868 - RealTimeSTT: realtimestt - DEBUG - _audio_data_worker writing audio data into queue.
2026-08-19 23:16:09.892 - RealTimeSTT: realtimestt - DEBUG - _audio_data_worker writing audio data into queue.
2026-08-19 23:16:10.916 - RealTimeSTT: realtimestt - DEBUG - _audio_data_worker writing audio data into queue.
2026-08-19 23:16:11.940 - RealTimeSTT: realtimestt - DEBUG - _audio_data_worker writing audio data into queue.
2026-08-19 23:16:12.964 - RealTimeSTT: realtimestt - DEBUG - _audio_data_worker writing audio data into queue.
2026-08-19 23:16:13.988 - RealTimeSTT: realtimestt - DEBUG - _audio_data_worker writing audio data into queue.
2026-08-19 23:16:15.012 - RealTimeSTT: realtimestt - DEBUG - _audio_data_worker writing audio data into queue.
2026-08-19 23:16:16.036 - RealTimeSTT: realtimestt - DEBUG - _audio_data_worker writing audio data into queue.
2026-08-19 23:16:17.060 - RealTimeSTT: realtimestt - DEBUG - _audio_data_worker writing audio data into queue.
2026-08-19 23:16:18.084 - RealTimeSTT: realtimestt - DEBUG - _audio_data_worker writing audio data into queue.
2026-08-19 23:16:19.108 - RealTimeSTT: realtimestt - DEBUG - _audio_data_worker writing audio data into queue.
2026-08-19 23:16:20.132 - RealTimeSTT: realtimestt - DEBUG - _audio_data_worker writing audio data into queue.
2026-08-19 23:16:21.156 - RealTimeSTT: realtimestt - DEBUG - _audio_data_worker writing audio data into queue.
2026-08-19 23:16:22.180 - RealTimeSTT: realtimestt - DEBUG - _audio_data_worker writing audio data into queue.
2026-08-19 23:16:23.204 - RealTimeSTT: realtimestt - DEBUG - _audio_data_worker writing audio data into queue.
2026-08-19 23:16:24.228 - RealTimeSTT: realtimestt - DEBUG - _audio_data_worker writing audio data into queue.
2026-08-19 23:16:25.252 - RealTimeSTT: realtimestt - DEBUG - _audio_data_worker writing audio data into queue.
2026-08-19 23:16:26.276 - RealTimeSTT: realtimestt - DEBUG - _audio_data_worker writing audio data into queue.
2026-08-19 23:16:27.300 - RealTimeSTT: realtimestt - DEBUG - _audio_data_worker writing audio data into queue.
2026-08-19 23:16:28.324 - RealTimeSTT: realtimestt - DEBUG - _audio_data_worker writing audio data into queue.
2026-08-19 23:16:29.348 - RealTimeSTT: realtimestt - DEBUG - _audio_data_worker writing audio data into queue.
2026-08-19 23:16:30.372 - RealTimeSTT: realtimestt - DEBUG - _audio_data_worker writing audio data into queue.
2026-08-19 23:16:31.396 - RealTimeSTT: realtimestt - DEBUG - _audio_data_worker writing audio data into queue.
2026-08-19 23:16:32.420 - RealTimeSTT: realtimestt - DEBUG - _audio_data_worker writing audio data into queue.
2026-08-19 23:16:33.444 - RealTimeSTT: realtimestt - DEBUG - _audio_data_worker writing audio data into queue.
2026-08-19 23:16:34.468 - RealTimeSTT: realtimestt - DEBUG - _audio_data_worker writing audio data into queue.
2026-08-19 23:16:35.492 - RealTimeSTT: realtimestt - DEBUG - _audio_data_worker writing audio data into queue.
2026-08-19 23:16:36.516 - RealTimeSTT: realtimestt - DEBUG - _audio_data_worker writing audio data into queue.
2026-08-19 23:16:37.539 - RealTimeSTT: realtimestt - DEBUG - _audio_data_worker writing audio data into queue.
2026-08-19 23:16:38.563 - RealTimeSTT: realtimestt - DEBUG - _audio_data_worker writing audio data into queue.
2026-08-19 23:16:39.587 - RealTimeSTT: realtimestt - DEBUG - _audio_data_worker writing audio data into queue.
2026-08-19 23:16:40.611 - RealTimeSTT: realtimestt - DEBUG - _audio_data_worker writing audio data into queue.
2026-08-19 23:16:41.635 - RealTimeSTT: realtimestt - DEBUG - _audio_data_worker writing audio data into queue.
2026-08-19 23:16:42.659 - RealTimeSTT: realtimestt - DEBUG - _audio_data_worker writing audio data into queue.
2026-08-19 23:16:43.683 - RealTimeSTT: realtimestt - DEBUG - _audio_data_worker writing audio data into queue.
2026-08-19 23:16:44.707 - RealTimeSTT: realtimestt - DEBUG - _audio_data_worker writing audio data into queue.
2026-08-19 23:16:45.731 - RealTimeSTT: realtimestt - DEBUG - _audio_data_worker writing audio data into queue.
2026-08-19 23:16:46.755 - RealTimeSTT: realtimestt - DEBUG - _audio_data_worker writing audio data into queue.
2026-08-19 23:16:47.779 - RealTimeSTT: realtimestt - DEBUG - _audio_data_worker writing audio data into queue.
2026-08-19 23:16:48.803 - RealTimeSTT: realtimestt - DEBUG - _audio_data_worker writing audio data into queue.
2026-08-19 23:16:49.827 - RealTimeSTT: realtimestt - DEBUG - _audio_data_worker writing audio data into queue.
2026-08-19 23:16:50.851 - RealTimeSTT: realtimestt - DEBUG - _audio_data_worker writing audio data into queue.
2026-08-19 23:16:51.875 - RealTimeSTT: realtimestt - DEBUG - _audio_data_worker writing audio data into queue.
2026-08-19 23:16:52.898 - RealTimeSTT: realtimestt - DEBUG - _audio_data_worker writing audio data into queue.
2026-08-19 23:16:53.922 - RealTimeSTT: realtimestt - DEBUG - _audio_data_worker writing audio data into queue.
2026-08-19 23:16:54.946 - RealTimeSTT: realtimestt - DEBUG - _audio_data_worker writing audio data into queue.
2026-08-19 23:16:55.970 - RealTimeSTT: realtimestt - DEBUG - _audio_data_worker writing audio data into queue.
2026-08-19 23:16:56.994 - RealTimeSTT: realtimestt - DEBUG - _audio_data_worker writing audio data into queue.
2026-08-19 23:16:58.018 - RealTimeSTT: realtimestt - DEBUG - _audio_data_worker writing audio data into queue.
2026-08-19 23:16:59.042 - RealTimeSTT: realtimestt - DEBUG - _audio_data_worker writing audio data into queue.
2026-08-19 23:17:00.066 - RealTimeSTT: realtimestt - DEBUG - _audio_data_worker writing audio data into queue.
2026-08-19 23:17:01.090 - RealTimeSTT: realtimestt - DEBUG - _audio_data_worker writing audio data into queue.
2026-08-19 23:17:02.113 - RealTimeSTT: realtimestt - DEBUG - _audio_data_worker writing audio data into queue.
2026-08-19 23:17:03.137 - RealTimeSTT: realtimestt - DEBUG - _audio_data_worker writing audio data into queue.
2026-08-19 23:17:04.161 - RealTimeSTT: realtimestt - DEBUG - _audio_data_worker writing audio data into queue.
2026-08-19 23:17:05.185 - RealTimeSTT: realtimestt - DEBUG - _audio_data_worker writing audio data into queue.
2026-08-19 23:17:06.209 - RealTimeSTT: realtimestt - DEBUG - _audio_data_worker writing audio data into queue.
2026-08-19 23:17:07.233 - RealTimeSTT: realtimestt - DEBUG - _audio_data_worker writing audio data into queue.
2026-08-19 23:17:08.257 - RealTimeSTT: realtimestt - DEBUG - _audio_data_worker writing audio data into queue.
2026-08-19 23:17:09.281 - RealTimeSTT: realtimestt - DEBUG - _audio_data_worker writing audio data into queue.
2026-08-19 23:17:10.305 - RealTimeSTT: realtimestt - DEBUG - _audio_data_worker writing audio data into queue.
2026-08-19 23:17:11.329 - RealTimeSTT: realtimestt - DEBUG - _audio_data_worker writing audio data into queue.
2026-08-19 23:17:12.352 - RealTimeSTT: realtimestt - DEBUG - _audio_data_worker writing audio data into queue.
2026-08-19 23:17:13.376 - RealTimeSTT: realtimestt - DEBUG - _audio_data_worker writing audio data into queue.
2026-08-19 23:17:14.400 - RealTimeSTT: realtimestt - DEBUG - _audio_data_worker writing audio data into queue.
2026-08-19 23:17:15.424 - RealTimeSTT: realtimestt - DEBUG - _audio_data_worker writing audio data into queue.
2026-08-19 23:17:16.448 - RealTimeSTT: realtimestt - DEBUG - _audio_data_worker writing audio data into queue.
2026-08-19 23:17:17.472 - RealTimeSTT: realtimestt - DEBUG - _audio_data_worker writing audio data into queue.
2026-08-19 23:17:18.496 - RealTimeSTT: realtimestt - DEBUG - _audio_data_worker writing audio data into queue.
2026-08-19 23:17:19.520 - RealTimeSTT: realtimestt - DEBUG - _audio_data_worker writing audio data into queue.
2026-08-19 23:17:20.543 - RealTimeSTT: realtimestt - DEBUG - _audio_data_worker writing audio data into queue.
2026-08-19 23:17:21.567 - RealTimeSTT: realtimestt - DEBUG - _audio_data_worker writing audio data into queue.
2026-08-22 12:19:09.871 - RealTimeSTT: realtimestt - INFO - Starting RealTimeSTT
2026-08-22 12:19:09.872 - RealTimeSTT: realtimestt - INFO - Initializing audio recording (creating pyAudio input stream, sample rate: 16000 buffer size: 512
2026-08-22 12:19:09.872 - RealTimeSTT: realtimestt - INFO - Initializing WebRTC voice with Sensitivity 3
2026-08-22 12:19:09.872 - RealTimeSTT: realtimestt - DEBUG - WebRTC VAD voice activity detection engine initialized successfully
2026-08-22 12:19:09.881 - RealTimeSTT: realtimestt - DEBUG - Starting audio data worker with target_sample_rate=16000, buffer_size=512, input_device_index=None
2026-08-22 12:19:09.881 - RealTimeSTT: realtimestt - DEBUG - Creating PyAudio interface...
2026-08-22 12:19:09.976 - RealTimeSTT: realtimestt - DEBUG - Silero VAD voice activity detection engine initialized successfully with backend raw_onnx_ifless
2026-08-22 12:19:09.981 - RealTimeSTT: realtimestt - DEBUG - Starting realtime worker
2026-08-22 12:19:09.981 - RealTimeSTT: realtimestt - DEBUG - Waiting for main transcription model to start
2026-08-22 12:19:09.981 - RealTimeSTT: realtimestt - DEBUG - Realtime transcription disabled; realtime worker exits
2026-08-22 12:19:11.369 - RealTimeSTT: realtimestt - DEBUG - Main transcription model ready
2026-08-22 12:19:11.370 - RealTimeSTT: realtimestt - DEBUG - RealtimeSTT initialization completed successfully
2026-08-22 12:19:11.898 - RealTimeSTT: realtimestt - DEBUG - No device index supplied; using default device 14
2026-08-22 12:19:11.898 - RealTimeSTT: realtimestt - DEBUG - Retrieving highest sample rate for device index 14: {'index': 14, 'structVersion': 2, 'name': 'default', 'hostApi': 0, 'maxInputChannels': 128, 'maxOutputChannels': 128, 'defaultLowInputLatency': 0.008707482993197279, 'defaultLowOutputLatency': 0.008707482993197279, 'defaultHighInputLatency': 0.034829931972789115, 'defaultHighOutputLatency': 0.034829931972789115, 'defaultSampleRate': 44100.0}
2026-08-22 12:19:11.898 - RealTimeSTT: realtimestt - DEBUG - Highest supported sample rate for device index 14 is 44100
2026-08-22 12:19:11.898 - RealTimeSTT: realtimestt - DEBUG - Sample rates to try for device 14: [16000, 44100]
2026-08-22 12:19:11.898 - RealTimeSTT: realtimestt - DEBUG - Attempting to initialize audio stream at 16000 Hz.
2026-08-22 12:19:11.898 - RealTimeSTT: realtimestt - DEBUG - Found 15 total audio devices on the system.
2026-08-22 12:19:11.898 - RealTimeSTT: realtimestt - DEBUG - Available input devices with input channels: [4, 8, 9, 12, 13, 14]
2026-08-22 12:19:11.898 - RealTimeSTT: realtimestt - DEBUG - Validating device index 14 with info: {'index': 14, 'structVersion': 2, 'name': 'default', 'hostApi': 0, 'maxInputChannels': 128, 'maxOutputChannels': 128, 'defaultLowInputLatency': 0.008707482993197279, 'defaultLowOutputLatency': 0.008707482993197279, 'defaultHighInputLatency': 0.034829931972789115, 'defaultHighOutputLatency': 0.034829931972789115, 'defaultSampleRate': 44100.0}
2026-08-22 12:19:12.007 - RealTimeSTT: realtimestt - DEBUG - Device index 14 successfully validated.
2026-08-22 12:19:12.007 - RealTimeSTT: realtimestt - DEBUG - Opening stream with device index 14, sample_rate=16000, chunk_size=1024
2026-08-22 12:19:12.018 - RealTimeSTT: realtimestt - INFO - Microphone connected and validated (device index: 14, sample rate: 16000, chunk size: 1024)
2026-08-22 12:19:12.018 - RealTimeSTT: realtimestt - DEBUG - Audio recording initialized successfully at 16000 Hz, reading 1024 frames at a time
2026-08-22 12:19:13.114 - RealTimeSTT: realtimestt - DEBUG - _audio_data_worker writing audio data into queue.
2026-08-22 12:19:14.138 - RealTimeSTT: realtimestt - DEBUG - _audio_data_worker writing audio data into queue.
2026-08-22 12:19:15.162 - RealTimeSTT: realtimestt - DEBUG - _audio_data_worker writing audio data into queue.
2026-08-22 12:19:16.186 - RealTimeSTT: realtimestt - DEBUG - _audio_data_worker writing audio data into queue.
2026-08-22 12:19:17.210 - RealTimeSTT: realtimestt - DEBUG - _audio_data_worker writing audio data into queue.
2026-08-22 12:19:18.234 - RealTimeSTT: realtimestt - DEBUG - _audio_data_worker writing audio data into queue.
2026-08-22 12:19:19.258 - RealTimeSTT: realtimestt - DEBUG - _audio_data_worker writing audio data into queue.
2026-08-22 12:19:20.281 - RealTimeSTT: realtimestt - DEBUG - _audio_data_worker writing audio data into queue.
2026-08-22 12:19:21.306 - RealTimeSTT: realtimestt - DEBUG - _audio_data_worker writing audio data into queue.
2026-08-22 12:19:22.330 - RealTimeSTT: realtimestt - DEBUG - _audio_data_worker writing audio data into queue.
2026-08-22 12:19:22.776 - RealTimeSTT: realtimestt - INFO - recording started
2026-08-22 12:19:22.776 - RealTimeSTT: realtimestt - INFO - State changed from 'inactive' to 'recording'
2026-08-22 12:19:23.354 - RealTimeSTT: realtimestt - DEBUG - _audio_data_worker writing audio data into queue.
2026-08-22 12:19:24.378 - RealTimeSTT: realtimestt - DEBUG - _audio_data_worker writing audio data into queue.
2026-08-22 12:19:25.402 - RealTimeSTT: realtimestt - DEBUG - _audio_data_worker writing audio data into queue.
2026-08-22 12:19:26.426 - RealTimeSTT: realtimestt - DEBUG - _audio_data_worker writing audio data into queue.
2026-08-22 12:19:27.450 - RealTimeSTT: realtimestt - DEBUG - _audio_data_worker writing audio data into queue.
2026-08-22 12:19:28.200 - RealTimeSTT: realtimestt - INFO - recording stopped
2026-08-22 12:19:28.201 - RealTimeSTT: realtimestt - INFO - Setting listen time
2026-08-22 12:19:28.202 - RealTimeSTT: realtimestt - DEBUG - No samples removed, final audio length: 86016
2026-08-22 12:19:28.202 - RealTimeSTT: realtimestt - INFO - State changed from 'recording' to 'inactive'
2026-08-22 12:19:28.202 - RealTimeSTT: realtimestt - INFO - State changed from 'inactive' to 'transcribing'
2026-08-22 12:19:28.202 - RealTimeSTT: realtimestt - DEBUG - Adding transcription request, no early transcription started
2026-08-22 12:19:28.218 - RealTimeSTT: realtimestt - DEBUG - Receive from parent_transcription_pipe after sendiung transcription request, transcribe_count: 1
2026-08-22 12:19:28.322 - RealTimeSTT: realtimestt - DEBUG - Receive from parent_transcription_pipe after sendiung transcription request, transcribe_count: 1
2026-08-22 12:19:28.422 - RealTimeSTT: realtimestt - DEBUG - Receive from parent_transcription_pipe after sendiung transcription request, transcribe_count: 1
2026-08-22 12:19:28.473 - RealTimeSTT: realtimestt - DEBUG - _audio_data_worker writing audio data into queue.
2026-08-22 12:19:28.523 - RealTimeSTT: realtimestt - DEBUG - Receive from parent_transcription_pipe after sendiung transcription request, transcribe_count: 1
2026-08-22 12:19:28.534 - RealTimeSTT: realtimestt - INFO - State changed from 'transcribing' to 'inactive'
2026-08-22 12:19:28.535 - RealTimeSTT: realtimestt - DEBUG - Model tiny completed transcription in 0.33 seconds
2026-08-22 12:19:29.497 - RealTimeSTT: realtimestt - DEBUG - _audio_data_worker writing audio data into queue.
2026-08-22 12:19:30.522 - RealTimeSTT: realtimestt - DEBUG - _audio_data_worker writing audio data into queue.
2026-08-22 12:19:31.545 - RealTimeSTT: realtimestt - DEBUG - _audio_data_worker writing audio data into queue.
2026-08-22 12:19:32.569 - RealTimeSTT: realtimestt - DEBUG - _audio_data_worker writing audio data into queue.
2026-08-22 12:19:33.593 - RealTimeSTT: realtimestt - DEBUG - _audio_data_worker writing audio data into queue.
2026-08-22 12:19:34.617 - RealTimeSTT: realtimestt - DEBUG - _audio_data_worker writing audio data into queue.
2026-08-22 12:19:35.513 - RealTimeSTT: realtimestt - DEBUG - Finishing recording thread
2026-08-22 12:19:35.522 - RealTimeSTT: realtimestt - DEBUG - Terminating reader process
2026-08-22 12:19:35.565 - RealTimeSTT: realtimestt - DEBUG - Terminating transcription process
2026-08-22 12:19:35.565 - RealTimeSTT: realtimestt - DEBUG - Finishing realtime thread
2026-08-22 12:20:02.120 - RealTimeSTT: realtimestt - INFO - Starting RealTimeSTT
2026-08-22 12:20:02.121 - RealTimeSTT: realtimestt - INFO - Initializing audio recording (creating pyAudio input stream, sample rate: 16000 buffer size: 512
2026-08-22 12:20:02.121 - RealTimeSTT: realtimestt - INFO - Initializing WebRTC voice with Sensitivity 3
2026-08-22 12:20:02.121 - RealTimeSTT: realtimestt - DEBUG - WebRTC VAD voice activity detection engine initialized successfully
2026-08-22 12:20:02.123 - RealTimeSTT: realtimestt - DEBUG - Starting audio data worker with target_sample_rate=16000, buffer_size=512, input_device_index=None
2026-08-22 12:20:02.123 - RealTimeSTT: realtimestt - DEBUG - Creating PyAudio interface...
2026-08-22 12:20:02.177 - RealTimeSTT: realtimestt - DEBUG - Silero VAD voice activity detection engine initialized successfully with backend raw_onnx_ifless
2026-08-22 12:20:02.183 - RealTimeSTT: realtimestt - DEBUG - Starting realtime worker
2026-08-22 12:20:02.183 - RealTimeSTT: realtimestt - DEBUG - Realtime transcription disabled; realtime worker exits
2026-08-22 12:20:02.183 - RealTimeSTT: realtimestt - DEBUG - Waiting for main transcription model to start
2026-08-22 12:20:02.298 - RealTimeSTT: realtimestt - DEBUG - No device index supplied; using default device 14
2026-08-22 12:20:02.298 - RealTimeSTT: realtimestt - DEBUG - Retrieving highest sample rate for device index 14: {'index': 14, 'structVersion': 2, 'name': 'default', 'hostApi': 0, 'maxInputChannels': 128, 'maxOutputChannels': 128, 'defaultLowInputLatency': 0.008707482993197279, 'defaultLowOutputLatency': 0.008707482993197279, 'defaultHighInputLatency': 0.034829931972789115, 'defaultHighOutputLatency': 0.034829931972789115, 'defaultSampleRate': 44100.0}
2026-08-22 12:20:02.298 - RealTimeSTT: realtimestt - DEBUG - Highest supported sample rate for device index 14 is 44100
2026-08-22 12:20:02.298 - RealTimeSTT: realtimestt - DEBUG - Sample rates to try for device 14: [16000, 44100]
2026-08-22 12:20:02.298 - RealTimeSTT: realtimestt - DEBUG - Attempting to initialize audio stream at 16000 Hz.
2026-08-22 12:20:02.298 - RealTimeSTT: realtimestt - DEBUG - Found 15 total audio devices on the system.
2026-08-22 12:20:02.298 - RealTimeSTT: realtimestt - DEBUG - Available input devices with input channels: [4, 8, 9, 12, 13, 14]
2026-08-22 12:20:02.298 - RealTimeSTT: realtimestt - DEBUG - Validating device index 14 with info: {'index': 14, 'structVersion': 2, 'name': 'default', 'hostApi': 0, 'maxInputChannels': 128, 'maxOutputChannels': 128, 'defaultLowInputLatency': 0.008707482993197279, 'defaultLowOutputLatency': 0.008707482993197279, 'defaultHighInputLatency': 0.034829931972789115, 'defaultHighOutputLatency': 0.034829931972789115, 'defaultSampleRate': 44100.0}
2026-08-22 12:20:02.404 - RealTimeSTT: realtimestt - DEBUG - Device index 14 successfully validated.
2026-08-22 12:20:02.404 - RealTimeSTT: realtimestt - DEBUG - Opening stream with device index 14, sample_rate=16000, chunk_size=1024
2026-08-22 12:20:02.413 - RealTimeSTT: realtimestt - INFO - Microphone connected and validated (device index: 14, sample rate: 16000, chunk size: 1024)
2026-08-22 12:20:02.413 - RealTimeSTT: realtimestt - DEBUG - Audio recording initialized successfully at 16000 Hz, reading 1024 frames at a time
2026-08-22 12:20:03.359 - RealTimeSTT: realtimestt - DEBUG - Main transcription model ready
2026-08-22 12:20:03.359 - RealTimeSTT: realtimestt - DEBUG - RealtimeSTT initialization completed successfully
2026-08-22 12:20:03.511 - RealTimeSTT: realtimestt - DEBUG - _audio_data_worker writing audio data into queue.
2026-08-22 12:20:04.535 - RealTimeSTT: realtimestt - DEBUG - _audio_data_worker writing audio data into queue.
2026-08-22 12:20:05.559 - RealTimeSTT: realtimestt - DEBUG - _audio_data_worker writing audio data into queue.
2026-08-22 12:20:06.583 - RealTimeSTT: realtimestt - DEBUG - _audio_data_worker writing audio data into queue.
2026-08-22 12:20:07.607 - RealTimeSTT: realtimestt - DEBUG - _audio_data_worker writing audio data into queue.
2026-08-22 12:20:08.631 - RealTimeSTT: realtimestt - DEBUG - _audio_data_worker writing audio data into queue.
2026-08-22 12:20:09.655 - RealTimeSTT: realtimestt - DEBUG - _audio_data_worker writing audio data into queue.
2026-08-22 12:20:10.679 - RealTimeSTT: realtimestt - DEBUG - _audio_data_worker writing audio data into queue.
2026-08-22 12:20:11.703 - RealTimeSTT: realtimestt - DEBUG - _audio_data_worker writing audio data into queue.
2026-08-22 12:20:12.727 - RealTimeSTT: realtimestt - DEBUG - _audio_data_worker writing audio data into queue.
2026-08-22 12:20:13.751 - RealTimeSTT: realtimestt - DEBUG - _audio_data_worker writing audio data into queue.
2026-08-22 12:20:14.775 - RealTimeSTT: realtimestt - DEBUG - _audio_data_worker writing audio data into queue.
2026-08-22 12:20:15.799 - RealTimeSTT: realtimestt - DEBUG - _audio_data_worker writing audio data into queue.
2026-08-22 12:20:16.823 - RealTimeSTT: realtimestt - DEBUG - _audio_data_worker writing audio data into queue.
2026-08-22 12:20:17.847 - RealTimeSTT: realtimestt - DEBUG - _audio_data_worker writing audio data into queue.
2026-08-22 12:20:18.871 - RealTimeSTT: realtimestt - DEBUG - _audio_data_worker writing audio data into queue.
2026-08-22 12:20:19.895 - RealTimeSTT: realtimestt - DEBUG - _audio_data_worker writing audio data into queue.
2026-08-22 12:20:20.919 - RealTimeSTT: realtimestt - DEBUG - _audio_data_worker writing audio data into queue.
2026-08-22 12:20:21.943 - RealTimeSTT: realtimestt - DEBUG - _audio_data_worker writing audio data into queue.
2026-08-22 12:20:22.967 - RealTimeSTT: realtimestt - DEBUG - _audio_data_worker writing audio data into queue.
2026-08-22 12:20:23.991 - RealTimeSTT: realtimestt - DEBUG - _audio_data_worker writing audio data into queue.
2026-08-22 12:20:25.015 - RealTimeSTT: realtimestt - DEBUG - _audio_data_worker writing audio data into queue.
2026-08-22 12:20:26.039 - RealTimeSTT: realtimestt - DEBUG - _audio_data_worker writing audio data into queue.
2026-08-22 12:20:27.063 - RealTimeSTT: realtimestt - DEBUG - _audio_data_worker writing audio data into queue.
2026-08-22 12:20:28.087 - RealTimeSTT: realtimestt - DEBUG - _audio_data_worker writing audio data into queue.
2026-08-22 12:20:29.111 - RealTimeSTT: realtimestt - DEBUG - _audio_data_worker writing audio data into queue.
2026-08-22 12:20:30.135 - RealTimeSTT: realtimestt - DEBUG - _audio_data_worker writing audio data into queue.
2026-08-22 12:20:31.159 - RealTimeSTT: realtimestt - DEBUG - _audio_data_worker writing audio data into queue.
2026-08-22 12:20:32.183 - RealTimeSTT: realtimestt - DEBUG - _audio_data_worker writing audio data into queue.
2026-08-22 12:20:33.207 - RealTimeSTT: realtimestt - DEBUG - _audio_data_worker writing audio data into queue.
2026-08-22 12:20:34.231 - RealTimeSTT: realtimestt - DEBUG - _audio_data_worker writing audio data into queue.
2026-08-22 12:20:35.255 - RealTimeSTT: realtimestt - DEBUG - _audio_data_worker writing audio data into queue.
2026-08-22 12:20:36.279 - RealTimeSTT: realtimestt - DEBUG - _audio_data_worker writing audio data into queue.
2026-08-22 12:20:37.303 - RealTimeSTT: realtimestt - DEBUG - _audio_data_worker writing audio data into queue.
2026-08-22 12:20:38.327 - RealTimeSTT: realtimestt - DEBUG - _audio_data_worker writing audio data into queue.
2026-08-22 12:20:39.351 - RealTimeSTT: realtimestt - DEBUG - _audio_data_worker writing audio data into queue.
2026-08-22 12:20:40.375 - RealTimeSTT: realtimestt - DEBUG - _audio_data_worker writing audio data into queue.
2026-08-22 12:20:41.029 - RealTimeSTT: realtimestt - INFO - recording started
2026-08-22 12:20:41.029 - RealTimeSTT: realtimestt - INFO - State changed from 'inactive' to 'recording'
2026-08-22 12:20:41.399 - RealTimeSTT: realtimestt - DEBUG - _audio_data_worker writing audio data into queue.
2026-08-22 12:20:42.423 - RealTimeSTT: realtimestt - DEBUG - _audio_data_worker writing audio data into queue.
2026-08-22 12:20:43.447 - RealTimeSTT: realtimestt - DEBUG - _audio_data_worker writing audio data into queue.
2026-08-22 12:20:44.471 - RealTimeSTT: realtimestt - DEBUG - _audio_data_worker writing audio data into queue.
2026-08-22 12:20:45.494 - RealTimeSTT: realtimestt - DEBUG - _audio_data_worker writing audio data into queue.
2026-08-22 12:20:46.518 - RealTimeSTT: realtimestt - DEBUG - _audio_data_worker writing audio data into queue.
2026-08-22 12:20:47.543 - RealTimeSTT: realtimestt - DEBUG - _audio_data_worker writing audio data into queue.
2026-08-22 12:20:48.566 - RealTimeSTT: realtimestt - DEBUG - _audio_data_worker writing audio data into queue.
2026-08-22 12:20:49.591 - RealTimeSTT: realtimestt - DEBUG - _audio_data_worker writing audio data into queue.
2026-08-22 12:20:50.614 - RealTimeSTT: realtimestt - DEBUG - _audio_data_worker writing audio data into queue.
2026-08-22 12:20:51.638 - RealTimeSTT: realtimestt - DEBUG - _audio_data_worker writing audio data into queue.
2026-08-22 12:20:51.700 - RealTimeSTT: realtimestt - INFO - recording stopped
2026-08-22 12:20:51.703 - RealTimeSTT: realtimestt - INFO - Setting listen time
2026-08-22 12:20:51.704 - RealTimeSTT: realtimestt - DEBUG - No samples removed, final audio length: 171008
2026-08-22 12:20:51.704 - RealTimeSTT: realtimestt - INFO - State changed from 'recording' to 'inactive'
2026-08-22 12:20:51.704 - RealTimeSTT: realtimestt - INFO - State changed from 'inactive' to 'transcribing'
2026-08-22 12:20:51.704 - RealTimeSTT: realtimestt - DEBUG - Adding transcription request, no early transcription started
2026-08-22 12:20:51.712 - RealTimeSTT: realtimestt - DEBUG - Receive from parent_transcription_pipe after sendiung transcription request, transcribe_count: 1
2026-08-22 12:20:51.816 - RealTimeSTT: realtimestt - DEBUG - Receive from parent_transcription_pipe after sendiung transcription request, transcribe_count: 1
2026-08-22 12:20:51.917 - RealTimeSTT: realtimestt - DEBUG - Receive from parent_transcription_pipe after sendiung transcription request, transcribe_count: 1
2026-08-22 12:20:52.017 - RealTimeSTT: realtimestt - DEBUG - Receive from parent_transcription_pipe after sendiung transcription request, transcribe_count: 1
2026-08-22 12:20:52.095 - RealTimeSTT: realtimestt - INFO - State changed from 'transcribing' to 'inactive'
2026-08-22 12:20:52.096 - RealTimeSTT: realtimestt - DEBUG - Model tiny completed transcription in 0.39 seconds
2026-08-22 12:20:52.662 - RealTimeSTT: realtimestt - DEBUG - _audio_data_worker writing audio data into queue.
2026-08-22 12:20:53.686 - RealTimeSTT: realtimestt - DEBUG - _audio_data_worker writing audio data into queue.
2026-08-22 12:20:54.710 - RealTimeSTT: realtimestt - DEBUG - _audio_data_worker writing audio data into queue.
2026-08-22 12:20:55.031 - RealTimeSTT: realtimestt - DEBUG - Finishing recording thread
2026-08-22 12:20:55.038 - RealTimeSTT: realtimestt - DEBUG - Terminating reader process
2026-08-22 12:20:55.060 - RealTimeSTT: realtimestt - DEBUG - Terminating transcription process
2026-08-22 12:20:55.111 - RealTimeSTT: realtimestt - DEBUG - Finishing realtime thread
2026-08-25 21:45:23.205 - RealTimeSTT: realtimestt - INFO - Starting RealTimeSTT
2026-08-25 21:45:23.206 - RealTimeSTT: realtimestt - INFO - Initializing audio recording (creating pyAudio input stream, sample rate: 16000 buffer size: 512
2026-08-25 21:45:23.206 - RealTimeSTT: realtimestt - INFO - Initializing WebRTC voice with Sensitivity 3
2026-08-25 21:45:23.206 - RealTimeSTT: realtimestt - DEBUG - WebRTC VAD voice activity detection engine initialized successfully
2026-08-25 21:45:23.213 - RealTimeSTT: realtimestt - DEBUG - Starting audio data worker with target_sample_rate=16000, buffer_size=512, input_device_index=None
2026-08-25 21:45:23.213 - RealTimeSTT: realtimestt - DEBUG - Creating PyAudio interface...
2026-08-25 21:45:23.321 - RealTimeSTT: realtimestt - DEBUG - Silero VAD voice activity detection engine initialized successfully with backend raw_onnx_ifless
2026-08-25 21:45:23.327 - RealTimeSTT: realtimestt - DEBUG - Starting realtime worker
2026-08-25 21:45:23.327 - RealTimeSTT: realtimestt - DEBUG - Realtime transcription disabled; realtime worker exits
2026-08-25 21:45:23.327 - RealTimeSTT: realtimestt - DEBUG - Waiting for main transcription model to start
2026-08-25 21:45:25.098 - RealTimeSTT: realtimestt - DEBUG - Main transcription model ready
2026-08-25 21:45:25.098 - RealTimeSTT: realtimestt - DEBUG - RealtimeSTT initialization completed successfully
2026-08-25 21:45:25.164 - RealTimeSTT: realtimestt - DEBUG - No device index supplied; using default device 14
2026-08-25 21:45:25.164 - RealTimeSTT: realtimestt - DEBUG - Retrieving highest sample rate for device index 14: {'index': 14, 'structVersion': 2, 'name': 'default', 'hostApi': 0, 'maxInputChannels': 128, 'maxOutputChannels': 128, 'defaultLowInputLatency': 0.008707482993197279, 'defaultLowOutputLatency': 0.008707482993197279, 'defaultHighInputLatency': 0.034829931972789115, 'defaultHighOutputLatency': 0.034829931972789115, 'defaultSampleRate': 44100.0}
2026-08-25 21:45:25.164 - RealTimeSTT: realtimestt - DEBUG - Highest supported sample rate for device index 14 is 44100
2026-08-25 21:45:25.164 - RealTimeSTT: realtimestt - DEBUG - Sample rates to try for device 14: [16000, 44100]
2026-08-25 21:45:25.164 - RealTimeSTT: realtimestt - DEBUG - Attempting to initialize audio stream at 16000 Hz.
2026-08-25 21:45:25.164 - RealTimeSTT: realtimestt - DEBUG - Found 15 total audio devices on the system.
2026-08-25 21:45:25.164 - RealTimeSTT: realtimestt - DEBUG - Available input devices with input channels: [4, 8, 9, 12, 13, 14]
2026-08-25 21:45:25.164 - RealTimeSTT: realtimestt - DEBUG - Validating device index 14 with info: {'index': 14, 'structVersion': 2, 'name': 'default', 'hostApi': 0, 'maxInputChannels': 128, 'maxOutputChannels': 128, 'defaultLowInputLatency': 0.008707482993197279, 'defaultLowOutputLatency': 0.008707482993197279, 'defaultHighInputLatency': 0.034829931972789115, 'defaultHighOutputLatency': 0.034829931972789115, 'defaultSampleRate': 44100.0}
2026-08-25 21:45:25.271 - RealTimeSTT: realtimestt - DEBUG - Device index 14 successfully validated.
2026-08-25 21:45:25.272 - RealTimeSTT: realtimestt - DEBUG - Opening stream with device index 14, sample_rate=16000, chunk_size=1024
2026-08-25 21:45:25.285 - RealTimeSTT: realtimestt - INFO - Microphone connected and validated (device index: 14, sample rate: 16000, chunk size: 1024)
2026-08-25 21:45:25.285 - RealTimeSTT: realtimestt - DEBUG - Audio recording initialized successfully at 16000 Hz, reading 1024 frames at a time
2026-08-25 21:45:26.378 - RealTimeSTT: realtimestt - DEBUG - _audio_data_worker writing audio data into queue.
2026-08-25 21:45:27.402 - RealTimeSTT: realtimestt - DEBUG - _audio_data_worker writing audio data into queue.
2026-08-25 21:45:28.426 - RealTimeSTT: realtimestt - DEBUG - _audio_data_worker writing audio data into queue.
2026-08-25 21:45:29.450 - RealTimeSTT: realtimestt - DEBUG - _audio_data_worker writing audio data into queue.
2026-08-25 21:45:30.474 - RealTimeSTT: realtimestt - DEBUG - _audio_data_worker writing audio data into queue.
2026-08-25 21:45:31.498 - RealTimeSTT: realtimestt - DEBUG - _audio_data_worker writing audio data into queue.
2026-08-25 21:45:32.522 - RealTimeSTT: realtimestt - DEBUG - _audio_data_worker writing audio data into queue.
2026-08-25 21:45:33.546 - RealTimeSTT: realtimestt - DEBUG - _audio_data_worker writing audio data into queue.
2026-08-25 21:45:34.350 - RealTimeSTT: realtimestt - INFO - recording started
2026-08-25 21:45:34.350 - RealTimeSTT: realtimestt - INFO - State changed from 'inactive' to 'recording'
2026-08-25 21:45:34.570 - RealTimeSTT: realtimestt - DEBUG - _audio_data_worker writing audio data into queue.
2026-08-25 21:45:35.594 - RealTimeSTT: realtimestt - DEBUG - _audio_data_worker writing audio data into queue.
2026-08-25 21:45:36.618 - RealTimeSTT: realtimestt - DEBUG - _audio_data_worker writing audio data into queue.
2026-08-25 21:45:37.642 - RealTimeSTT: realtimestt - DEBUG - _audio_data_worker writing audio data into queue.
2026-08-25 21:45:38.666 - RealTimeSTT: realtimestt - DEBUG - _audio_data_worker writing audio data into queue.
2026-08-25 21:45:39.690 - RealTimeSTT: realtimestt - DEBUG - _audio_data_worker writing audio data into queue.
2026-08-25 21:45:40.542 - RealTimeSTT: realtimestt - INFO - recording stopped
2026-08-25 21:45:40.544 - RealTimeSTT: realtimestt - INFO - Setting listen time
2026-08-25 21:45:40.544 - RealTimeSTT: realtimestt - DEBUG - No samples removed, final audio length: 98304
2026-08-25 21:45:40.544 - RealTimeSTT: realtimestt - INFO - State changed from 'recording' to 'inactive'
2026-08-25 21:45:40.544 - RealTimeSTT: realtimestt - INFO - State changed from 'inactive' to 'transcribing'
2026-08-25 21:45:40.544 - RealTimeSTT: realtimestt - DEBUG - Adding transcription request, no early transcription started
2026-08-25 21:45:40.549 - RealTimeSTT: realtimestt - DEBUG - Receive from parent_transcription_pipe after sendiung transcription request, transcribe_count: 1
2026-08-25 21:45:40.650 - RealTimeSTT: realtimestt - DEBUG - Receive from parent_transcription_pipe after sendiung transcription request, transcribe_count: 1
2026-08-25 21:45:40.714 - RealTimeSTT: realtimestt - DEBUG - _audio_data_worker writing audio data into queue.
2026-08-25 21:45:40.752 - RealTimeSTT: realtimestt - DEBUG - Receive from parent_transcription_pipe after sendiung transcription request, transcribe_count: 1
2026-08-25 21:45:40.837 - RealTimeSTT: realtimestt - INFO - State changed from 'transcribing' to 'inactive'
2026-08-25 21:45:40.838 - RealTimeSTT: realtimestt - DEBUG - Model tiny completed transcription in 0.29 seconds
2026-08-25 21:45:41.738 - RealTimeSTT: realtimestt - DEBUG - _audio_data_worker writing audio data into queue.
2026-08-25 21:45:42.762 - RealTimeSTT: realtimestt - DEBUG - _audio_data_worker writing audio data into queue.
2026-08-25 21:45:43.801 - RealTimeSTT: realtimestt - DEBUG - _audio_data_worker writing audio data into queue.
2026-08-25 21:45:44.825 - RealTimeSTT: realtimestt - DEBUG - _audio_data_worker writing audio data into queue.
2026-08-25 21:45:45.849 - RealTimeSTT: realtimestt - DEBUG - _audio_data_worker writing audio data into queue.
2026-08-25 21:45:46.700 - RealTimeSTT: realtimestt - DEBUG - Finishing recording thread
2026-08-25 21:45:46.703 - RealTimeSTT: realtimestt - DEBUG - Terminating reader process
2026-08-25 21:45:46.708 - RealTimeSTT: realtimestt - DEBUG - Terminating transcription process
2026-08-25 21:45:46.748 - RealTimeSTT: realtimestt - DEBUG - Finishing realtime thread
2026-08-25 21:45:51.596 - RealTimeSTT: realtimestt - INFO - Starting RealTimeSTT
2026-08-25 21:45:51.597 - RealTimeSTT: realtimestt - INFO - Initializing audio recording (creating pyAudio input stream, sample rate: 16000 buffer size: 512
2026-08-25 21:45:51.598 - RealTimeSTT: realtimestt - INFO - Initializing WebRTC voice with Sensitivity 3
2026-08-25 21:45:51.600 - RealTimeSTT: realtimestt - DEBUG - Starting audio data worker with target_sample_rate=16000, buffer_size=512, input_device_index=None
2026-08-25 21:45:51.600 - RealTimeSTT: realtimestt - DEBUG - WebRTC VAD voice activity detection engine initialized successfully
2026-08-25 21:45:51.600 - RealTimeSTT: realtimestt - DEBUG - Creating PyAudio interface...
2026-08-25 21:45:51.641 - RealTimeSTT: realtimestt - DEBUG - Silero VAD voice activity detection engine initialized successfully with backend raw_onnx_ifless
2026-08-25 21:45:51.642 - RealTimeSTT: realtimestt - DEBUG - Starting realtime worker
2026-08-25 21:45:51.643 - RealTimeSTT: realtimestt - DEBUG - Realtime transcription disabled; realtime worker exits
2026-08-25 21:45:51.643 - RealTimeSTT: realtimestt - DEBUG - Waiting for main transcription model to start
2026-08-25 21:45:51.694 - RealTimeSTT: realtimestt - DEBUG - No device index supplied; using default device 14
2026-08-25 21:45:51.695 - RealTimeSTT: realtimestt - DEBUG - Retrieving highest sample rate for device index 14: {'index': 14, 'structVersion': 2, 'name': 'default', 'hostApi': 0, 'maxInputChannels': 128, 'maxOutputChannels': 128, 'defaultLowInputLatency': 0.008707482993197279, 'defaultLowOutputLatency': 0.008707482993197279, 'defaultHighInputLatency': 0.034829931972789115, 'defaultHighOutputLatency': 0.034829931972789115, 'defaultSampleRate': 44100.0}
2026-08-25 21:45:51.695 - RealTimeSTT: realtimestt - DEBUG - Highest supported sample rate for device index 14 is 44100
2026-08-25 21:45:51.695 - RealTimeSTT: realtimestt - DEBUG - Sample rates to try for device 14: [16000, 44100]
2026-08-25 21:45:51.695 - RealTimeSTT: realtimestt - DEBUG - Attempting to initialize audio stream at 16000 Hz.
2026-08-25 21:45:51.695 - RealTimeSTT: realtimestt - DEBUG - Found 15 total audio devices on the system.
2026-08-25 21:45:51.695 - RealTimeSTT: realtimestt - DEBUG - Available input devices with input channels: [8, 9, 12, 13, 14]
2026-08-25 21:45:51.695 - RealTimeSTT: realtimestt - DEBUG - Validating device index 14 with info: {'index': 14, 'structVersion': 2, 'name': 'default', 'hostApi': 0, 'maxInputChannels': 128, 'maxOutputChannels': 128, 'defaultLowInputLatency': 0.008707482993197279, 'defaultLowOutputLatency': 0.008707482993197279, 'defaultHighInputLatency': 0.034829931972789115, 'defaultHighOutputLatency': 0.034829931972789115, 'defaultSampleRate': 44100.0}
2026-08-25 21:45:51.802 - RealTimeSTT: realtimestt - DEBUG - Device index 14 successfully validated.
2026-08-25 21:45:51.802 - RealTimeSTT: realtimestt - DEBUG - Opening stream with device index 14, sample_rate=16000, chunk_size=1024
2026-08-25 21:45:51.811 - RealTimeSTT: realtimestt - INFO - Microphone connected and validated (device index: 14, sample rate: 16000, chunk size: 1024)
2026-08-25 21:45:51.811 - RealTimeSTT: realtimestt - DEBUG - Audio recording initialized successfully at 16000 Hz, reading 1024 frames at a time
2026-08-25 21:45:52.429 - RealTimeSTT: realtimestt - DEBUG - Main transcription model ready
2026-08-25 21:45:52.429 - RealTimeSTT: realtimestt - DEBUG - RealtimeSTT initialization completed successfully
2026-08-25 21:45:52.910 - RealTimeSTT: realtimestt - DEBUG - _audio_data_worker writing audio data into queue.
2026-08-25 21:45:53.573 - RealTimeSTT: realtimestt - INFO - recording started
2026-08-25 21:45:53.573 - RealTimeSTT: realtimestt - INFO - State changed from 'inactive' to 'recording'
2026-08-25 21:45:53.934 - RealTimeSTT: realtimestt - DEBUG - _audio_data_worker writing audio data into queue.
2026-08-25 21:45:54.958 - RealTimeSTT: realtimestt - DEBUG - _audio_data_worker writing audio data into queue.
2026-08-25 21:45:55.982 - RealTimeSTT: realtimestt - DEBUG - _audio_data_worker writing audio data into queue.
2026-08-25 21:45:57.006 - RealTimeSTT: realtimestt - DEBUG - _audio_data_worker writing audio data into queue.
2026-08-25 21:45:58.030 - RealTimeSTT: realtimestt - DEBUG - _audio_data_worker writing audio data into queue.
2026-08-25 21:45:58.302 - RealTimeSTT: realtimestt - INFO - recording stopped
2026-08-25 21:45:58.304 - RealTimeSTT: realtimestt - INFO - Setting listen time
2026-08-25 21:45:58.304 - RealTimeSTT: realtimestt - DEBUG - No samples removed, final audio length: 76800
2026-08-25 21:45:58.304 - RealTimeSTT: realtimestt - INFO - State changed from 'recording' to 'inactive'
2026-08-25 21:45:58.304 - RealTimeSTT: realtimestt - INFO - State changed from 'inactive' to 'transcribing'
2026-08-25 21:45:58.304 - RealTimeSTT: realtimestt - DEBUG - Adding transcription request, no early transcription started
2026-08-25 21:45:58.305 - RealTimeSTT: realtimestt - DEBUG - Receive from parent_transcription_pipe after sendiung transcription request, transcribe_count: 1
2026-08-25 21:45:58.405 - RealTimeSTT: realtimestt - DEBUG - Receive from parent_transcription_pipe after sendiung transcription request, transcribe_count: 1
2026-08-25 21:45:58.506 - RealTimeSTT: realtimestt - DEBUG - Receive from parent_transcription_pipe after sendiung transcription request, transcribe_count: 1
2026-08-25 21:45:58.606 - RealTimeSTT: realtimestt - DEBUG - Receive from parent_transcription_pipe after sendiung transcription request, transcribe_count: 1
2026-08-25 21:45:58.615 - RealTimeSTT: realtimestt - INFO - State changed from 'transcribing' to 'inactive'
2026-08-25 21:45:58.616 - RealTimeSTT: realtimestt - DEBUG - Model tiny completed transcription in 0.31 seconds
2026-08-25 21:45:59.054 - RealTimeSTT: realtimestt - DEBUG - _audio_data_worker writing audio data into queue.
2026-08-25 21:45:59.393 - RealTimeSTT: realtimestt - DEBUG - Finishing recording thread
2026-08-25 21:45:59.396 - RealTimeSTT: realtimestt - DEBUG - Terminating reader process
2026-08-25 21:45:59.403 - RealTimeSTT: realtimestt - DEBUG - Terminating transcription process
2026-08-25 21:45:59.428 - RealTimeSTT: realtimestt - DEBUG - Finishing realtime thread
2026-08-25 22:04:15.038 - RealTimeSTT: realtimestt - INFO - Starting RealTimeSTT
2026-08-25 22:04:15.038 - RealTimeSTT: realtimestt - INFO - Initializing audio recording (creating pyAudio input stream, sample rate: 16000 buffer size: 512
2026-08-25 22:04:15.039 - RealTimeSTT: realtimestt - INFO - Initializing WebRTC voice with Sensitivity 3
2026-08-25 22:04:15.039 - RealTimeSTT: realtimestt - DEBUG - WebRTC VAD voice activity detection engine initialized successfully
2026-08-25 22:04:15.044 - RealTimeSTT: realtimestt - DEBUG - Starting audio data worker with target_sample_rate=16000, buffer_size=512, input_device_index=None
2026-08-25 22:04:15.044 - RealTimeSTT: realtimestt - DEBUG - Creating PyAudio interface...
2026-08-25 22:04:15.157 - RealTimeSTT: realtimestt - DEBUG - Silero VAD voice activity detection engine initialized successfully with backend raw_onnx_ifless
2026-08-25 22:04:15.162 - RealTimeSTT: realtimestt - DEBUG - Starting realtime worker
2026-08-25 22:04:15.164 - RealTimeSTT: realtimestt - DEBUG - Waiting for main transcription model to start
2026-08-25 22:04:15.164 - RealTimeSTT: realtimestt - DEBUG - Realtime transcription disabled; realtime worker exits
2026-08-25 22:04:16.216 - RealTimeSTT: realtimestt - DEBUG - Main transcription model ready
2026-08-25 22:04:16.216 - RealTimeSTT: realtimestt - DEBUG - RealtimeSTT initialization completed successfully
2026-08-25 22:04:16.982 - RealTimeSTT: realtimestt - DEBUG - No device index supplied; using default device 14
2026-08-25 22:04:16.982 - RealTimeSTT: realtimestt - DEBUG - Retrieving highest sample rate for device index 14: {'index': 14, 'structVersion': 2, 'name': 'default', 'hostApi': 0, 'maxInputChannels': 128, 'maxOutputChannels': 128, 'defaultLowInputLatency': 0.008707482993197279, 'defaultLowOutputLatency': 0.008707482993197279, 'defaultHighInputLatency': 0.034829931972789115, 'defaultHighOutputLatency': 0.034829931972789115, 'defaultSampleRate': 44100.0}
2026-08-25 22:04:16.982 - RealTimeSTT: realtimestt - DEBUG - Highest supported sample rate for device index 14 is 44100
2026-08-25 22:04:16.982 - RealTimeSTT: realtimestt - DEBUG - Sample rates to try for device 14: [16000, 44100]
2026-08-25 22:04:16.982 - RealTimeSTT: realtimestt - DEBUG - Attempting to initialize audio stream at 16000 Hz.
2026-08-25 22:04:16.982 - RealTimeSTT: realtimestt - DEBUG - Found 15 total audio devices on the system.
2026-08-25 22:04:16.982 - RealTimeSTT: realtimestt - DEBUG - Available input devices with input channels: [4, 8, 9, 12, 13, 14]
2026-08-25 22:04:16.982 - RealTimeSTT: realtimestt - DEBUG - Validating device index 14 with info: {'index': 14, 'structVersion': 2, 'name': 'default', 'hostApi': 0, 'maxInputChannels': 128, 'maxOutputChannels': 128, 'defaultLowInputLatency': 0.008707482993197279, 'defaultLowOutputLatency': 0.008707482993197279, 'defaultHighInputLatency': 0.034829931972789115, 'defaultHighOutputLatency': 0.034829931972789115, 'defaultSampleRate': 44100.0}
2026-08-25 22:04:17.089 - RealTimeSTT: realtimestt - DEBUG - Device index 14 successfully validated.
2026-08-25 22:04:17.089 - RealTimeSTT: realtimestt - DEBUG - Opening stream with device index 14, sample_rate=16000, chunk_size=1024
2026-08-25 22:04:17.101 - RealTimeSTT: realtimestt - INFO - Microphone connected and validated (device index: 14, sample rate: 16000, chunk size: 1024)
2026-08-25 22:04:17.101 - RealTimeSTT: realtimestt - DEBUG - Audio recording initialized successfully at 16000 Hz, reading 1024 frames at a time
2026-08-25 22:04:18.196 - RealTimeSTT: realtimestt - DEBUG - _audio_data_worker writing audio data into queue.
2026-08-25 22:04:19.220 - RealTimeSTT: realtimestt - DEBUG - _audio_data_worker writing audio data into queue.
2026-08-25 22:04:20.244 - RealTimeSTT: realtimestt - DEBUG - _audio_data_worker writing audio data into queue.
2026-08-25 22:04:21.268 - RealTimeSTT: realtimestt - DEBUG - _audio_data_worker writing audio data into queue.
2026-08-25 22:04:22.292 - RealTimeSTT: realtimestt - DEBUG - _audio_data_worker writing audio data into queue.
2026-08-25 22:04:23.316 - RealTimeSTT: realtimestt - DEBUG - _audio_data_worker writing audio data into queue.
2026-08-25 22:04:24.340 - RealTimeSTT: realtimestt - DEBUG - _audio_data_worker writing audio data into queue.
2026-08-25 22:04:25.329 - RealTimeSTT: realtimestt - INFO - recording started
2026-08-25 22:04:25.329 - RealTimeSTT: realtimestt - INFO - State changed from 'inactive' to 'recording'
2026-08-25 22:04:25.364 - RealTimeSTT: realtimestt - DEBUG - _audio_data_worker writing audio data into queue.
2026-08-25 22:04:26.388 - RealTimeSTT: realtimestt - DEBUG - _audio_data_worker writing audio data into queue.
2026-08-25 22:04:27.412 - RealTimeSTT: realtimestt - DEBUG - _audio_data_worker writing audio data into queue.
2026-08-25 22:04:28.436 - RealTimeSTT: realtimestt - DEBUG - _audio_data_worker writing audio data into queue.
2026-08-25 22:04:29.460 - RealTimeSTT: realtimestt - DEBUG - _audio_data_worker writing audio data into queue.
2026-08-25 22:04:30.484 - RealTimeSTT: realtimestt - DEBUG - _audio_data_worker writing audio data into queue.
2026-08-25 22:04:31.508 - RealTimeSTT: realtimestt - DEBUG - _audio_data_worker writing audio data into queue.
2026-08-25 22:04:32.532 - RealTimeSTT: realtimestt - DEBUG - _audio_data_worker writing audio data into queue.
2026-08-25 22:04:33.556 - RealTimeSTT: realtimestt - DEBUG - _audio_data_worker writing audio data into queue.
2026-08-25 22:04:34.580 - RealTimeSTT: realtimestt - DEBUG - _audio_data_worker writing audio data into queue.
2026-08-25 22:04:35.604 - RealTimeSTT: realtimestt - DEBUG - _audio_data_worker writing audio data into queue.
2026-08-25 22:04:36.627 - RealTimeSTT: realtimestt - DEBUG - _audio_data_worker writing audio data into queue.
2026-08-25 22:04:37.097 - RealTimeSTT: realtimestt - INFO - recording stopped
2026-08-25 22:04:37.100 - RealTimeSTT: realtimestt - INFO - Setting listen time
2026-08-25 22:04:37.101 - RealTimeSTT: realtimestt - DEBUG - No samples removed, final audio length: 188416
2026-08-25 22:04:37.101 - RealTimeSTT: realtimestt - INFO - State changed from 'recording' to 'inactive'
2026-08-25 22:04:37.101 - RealTimeSTT: realtimestt - INFO - State changed from 'inactive' to 'transcribing'
2026-08-25 22:04:37.101 - RealTimeSTT: realtimestt - DEBUG - Adding transcription request, no early transcription started
2026-08-25 22:04:37.121 - RealTimeSTT: realtimestt - DEBUG - Receive from parent_transcription_pipe after sendiung transcription request, transcribe_count: 1
2026-08-25 22:04:37.223 - RealTimeSTT: realtimestt - DEBUG - Receive from parent_transcription_pipe after sendiung transcription request, transcribe_count: 1
2026-08-25 22:04:37.324 - RealTimeSTT: realtimestt - DEBUG - Receive from parent_transcription_pipe after sendiung transcription request, transcribe_count: 1
2026-08-25 22:04:37.424 - RealTimeSTT: realtimestt - DEBUG - Receive from parent_transcription_pipe after sendiung transcription request, transcribe_count: 1
2026-08-25 22:04:37.525 - RealTimeSTT: realtimestt - DEBUG - Receive from parent_transcription_pipe after sendiung transcription request, transcribe_count: 1
2026-08-25 22:04:37.530 - RealTimeSTT: realtimestt - INFO - State changed from 'transcribing' to 'inactive'
2026-08-25 22:04:37.533 - RealTimeSTT: realtimestt - DEBUG - Model tiny completed transcription in 0.43 seconds
2026-08-25 22:04:37.651 - RealTimeSTT: realtimestt - DEBUG - _audio_data_worker writing audio data into queue.
2026-08-25 22:04:38.675 - RealTimeSTT: realtimestt - DEBUG - _audio_data_worker writing audio data into queue.
2026-08-25 22:04:39.699 - RealTimeSTT: realtimestt - DEBUG - _audio_data_worker writing audio data into queue.
2026-08-25 22:04:40.723 - RealTimeSTT: realtimestt - DEBUG - _audio_data_worker writing audio data into queue.
2026-08-25 22:04:41.747 - RealTimeSTT: realtimestt - DEBUG - _audio_data_worker writing audio data into queue.
2026-08-25 22:04:42.771 - RealTimeSTT: realtimestt - DEBUG - _audio_data_worker writing audio data into queue.
2026-08-25 22:04:43.795 - RealTimeSTT: realtimestt - DEBUG - _audio_data_worker writing audio data into queue.
2026-08-25 22:04:44.820 - RealTimeSTT: realtimestt - DEBUG - _audio_data_worker writing audio data into queue.
2026-08-25 22:04:44.972 - RealTimeSTT: realtimestt - DEBUG - Finishing recording thread
2026-08-25 22:04:44.976 - RealTimeSTT: realtimestt - DEBUG - Terminating reader process
2026-08-25 22:04:44.996 - RealTimeSTT: realtimestt - DEBUG - Terminating transcription process
2026-08-25 22:04:45.050 - RealTimeSTT: realtimestt - DEBUG - Finishing realtime thread
2026-08-25 22:05:04.774 - RealTimeSTT: realtimestt - INFO - Starting RealTimeSTT
2026-08-25 22:05:04.775 - RealTimeSTT: realtimestt - INFO - Initializing audio recording (creating pyAudio input stream, sample rate: 16000 buffer size: 512
2026-08-25 22:05:04.776 - RealTimeSTT: realtimestt - INFO - Initializing WebRTC voice with Sensitivity 3
2026-08-25 22:05:04.776 - RealTimeSTT: realtimestt - DEBUG - WebRTC VAD voice activity detection engine initialized successfully
2026-08-25 22:05:04.778 - RealTimeSTT: realtimestt - DEBUG - Starting audio data worker with target_sample_rate=16000, buffer_size=512, input_device_index=None
2026-08-25 22:05:04.778 - RealTimeSTT: realtimestt - DEBUG - Creating PyAudio interface...
2026-08-25 22:05:04.829 - RealTimeSTT: realtimestt - DEBUG - Silero VAD voice activity detection engine initialized successfully with backend raw_onnx_ifless
2026-08-25 22:05:04.831 - RealTimeSTT: realtimestt - DEBUG - Starting realtime worker
2026-08-25 22:05:04.831 - RealTimeSTT: realtimestt - DEBUG - Waiting for main transcription model to start
2026-08-25 22:05:04.831 - RealTimeSTT: realtimestt - DEBUG - Realtime transcription disabled; realtime worker exits
2026-08-25 22:05:05.110 - RealTimeSTT: realtimestt - DEBUG - No device index supplied; using default device 14
2026-08-25 22:05:05.110 - RealTimeSTT: realtimestt - DEBUG - Retrieving highest sample rate for device index 14: {'index': 14, 'structVersion': 2, 'name': 'default', 'hostApi': 0, 'maxInputChannels': 128, 'maxOutputChannels': 128, 'defaultLowInputLatency': 0.008707482993197279, 'defaultLowOutputLatency': 0.008707482993197279, 'defaultHighInputLatency': 0.034829931972789115, 'defaultHighOutputLatency': 0.034829931972789115, 'defaultSampleRate': 44100.0}
2026-08-25 22:05:05.110 - RealTimeSTT: realtimestt - DEBUG - Highest supported sample rate for device index 14 is 44100
2026-08-25 22:05:05.110 - RealTimeSTT: realtimestt - DEBUG - Sample rates to try for device 14: [16000, 44100]
2026-08-25 22:05:05.110 - RealTimeSTT: realtimestt - DEBUG - Attempting to initialize audio stream at 16000 Hz.
2026-08-25 22:05:05.110 - RealTimeSTT: realtimestt - DEBUG - Found 15 total audio devices on the system.
2026-08-25 22:05:05.110 - RealTimeSTT: realtimestt - DEBUG - Available input devices with input channels: [4, 8, 9, 12, 13, 14]
2026-08-25 22:05:05.110 - RealTimeSTT: realtimestt - DEBUG - Validating device index 14 with info: {'index': 14, 'structVersion': 2, 'name': 'default', 'hostApi': 0, 'maxInputChannels': 128, 'maxOutputChannels': 128, 'defaultLowInputLatency': 0.008707482993197279, 'defaultLowOutputLatency': 0.008707482993197279, 'defaultHighInputLatency': 0.034829931972789115, 'defaultHighOutputLatency': 0.034829931972789115, 'defaultSampleRate': 44100.0}
2026-08-25 22:05:05.214 - RealTimeSTT: realtimestt - DEBUG - Device index 14 successfully validated.
2026-08-25 22:05:05.214 - RealTimeSTT: realtimestt - DEBUG - Opening stream with device index 14, sample_rate=16000, chunk_size=1024
2026-08-25 22:05:05.226 - RealTimeSTT: realtimestt - INFO - Microphone connected and validated (device index: 14, sample rate: 16000, chunk size: 1024)
2026-08-25 22:05:05.226 - RealTimeSTT: realtimestt - DEBUG - Audio recording initialized successfully at 16000 Hz, reading 1024 frames at a time
2026-08-25 22:05:05.848 - RealTimeSTT: realtimestt - DEBUG - Main transcription model ready
2026-08-25 22:05:05.849 - RealTimeSTT: realtimestt - DEBUG - RealtimeSTT initialization completed successfully
2026-08-25 22:05:06.321 - RealTimeSTT: realtimestt - DEBUG - _audio_data_worker writing audio data into queue.
2026-08-25 22:05:07.346 - RealTimeSTT: realtimestt - DEBUG - _audio_data_worker writing audio data into queue.
2026-08-25 22:05:07.722 - RealTimeSTT: realtimestt - INFO - recording started
2026-08-25 22:05:07.723 - RealTimeSTT: realtimestt - INFO - State changed from 'inactive' to 'recording'
2026-08-25 22:05:08.370 - RealTimeSTT: realtimestt - DEBUG - _audio_data_worker writing audio data into queue.
2026-08-25 22:05:09.394 - RealTimeSTT: realtimestt - DEBUG - _audio_data_worker writing audio data into queue.
2026-08-25 22:05:10.418 - RealTimeSTT: realtimestt - DEBUG - _audio_data_worker writing audio data into queue.
2026-08-25 22:05:11.441 - RealTimeSTT: realtimestt - DEBUG - _audio_data_worker writing audio data into queue.
2026-08-25 22:05:12.076 - RealTimeSTT: realtimestt - INFO - recording stopped
2026-08-25 22:05:12.079 - RealTimeSTT: realtimestt - INFO - Setting listen time
2026-08-25 22:05:12.079 - RealTimeSTT: realtimestt - DEBUG - No samples removed, final audio length: 69632
2026-08-25 22:05:12.079 - RealTimeSTT: realtimestt - INFO - State changed from 'recording' to 'inactive'
2026-08-25 22:05:12.079 - RealTimeSTT: realtimestt - INFO - State changed from 'inactive' to 'transcribing'
2026-08-25 22:05:12.079 - RealTimeSTT: realtimestt - DEBUG - Adding transcription request, no early transcription started
2026-08-25 22:05:12.080 - RealTimeSTT: realtimestt - DEBUG - Receive from parent_transcription_pipe after sendiung transcription request, transcribe_count: 1
2026-08-25 22:05:12.182 - RealTimeSTT: realtimestt - DEBUG - Receive from parent_transcription_pipe after sendiung transcription request, transcribe_count: 1
2026-08-25 22:05:12.282 - RealTimeSTT: realtimestt - DEBUG - Receive from parent_transcription_pipe after sendiung transcription request, transcribe_count: 1
2026-08-25 22:05:12.383 - RealTimeSTT: realtimestt - DEBUG - Receive from parent_transcription_pipe after sendiung transcription request, transcribe_count: 1
2026-08-25 22:05:12.408 - RealTimeSTT: realtimestt - INFO - State changed from 'transcribing' to 'inactive'
2026-08-25 22:05:12.409 - RealTimeSTT: realtimestt - DEBUG - Model tiny completed transcription in 0.33 seconds
2026-08-25 22:05:12.465 - RealTimeSTT: realtimestt - DEBUG - _audio_data_worker writing audio data into queue.
2026-08-25 22:05:13.158 - RealTimeSTT: realtimestt - DEBUG - Finishing recording thread
2026-08-25 22:05:13.159 - RealTimeSTT: realtimestt - DEBUG - Terminating reader process
2026-08-25 22:05:13.241 - RealTimeSTT: realtimestt - DEBUG - Terminating transcription process
2026-08-25 22:05:13.241 - RealTimeSTT: realtimestt - DEBUG - Finishing realtime thread
2026-08-25 22:22:18.213 - RealTimeSTT: realtimestt - INFO - Starting RealTimeSTT
2026-08-25 22:22:18.214 - RealTimeSTT: realtimestt - INFO - Initializing audio recording (creating pyAudio input stream, sample rate: 16000 buffer size: 512
2026-08-25 22:22:18.215 - RealTimeSTT: realtimestt - INFO - Initializing WebRTC voice with Sensitivity 3
2026-08-25 22:22:18.215 - RealTimeSTT: realtimestt - DEBUG - WebRTC VAD voice activity detection engine initialized successfully
2026-08-25 22:22:18.217 - RealTimeSTT: realtimestt - DEBUG - Starting audio data worker with target_sample_rate=16000, buffer_size=512, input_device_index=None
2026-08-25 22:22:18.217 - RealTimeSTT: realtimestt - DEBUG - Creating PyAudio interface...
2026-08-25 22:22:18.255 - RealTimeSTT: realtimestt - DEBUG - Silero VAD voice activity detection engine initialized successfully with backend raw_onnx_ifless
2026-08-25 22:22:18.258 - RealTimeSTT: realtimestt - DEBUG - Starting realtime worker
2026-08-25 22:22:18.259 - RealTimeSTT: realtimestt - DEBUG - Realtime transcription disabled; realtime worker exits
2026-08-25 22:22:18.259 - RealTimeSTT: realtimestt - DEBUG - Waiting for main transcription model to start
2026-08-25 22:22:18.392 - RealTimeSTT: realtimestt - DEBUG - No device index supplied; using default device 14
2026-08-25 22:22:18.392 - RealTimeSTT: realtimestt - DEBUG - Retrieving highest sample rate for device index 14: {'index': 14, 'structVersion': 2, 'name': 'default', 'hostApi': 0, 'maxInputChannels': 128, 'maxOutputChannels': 128, 'defaultLowInputLatency': 0.008707482993197279, 'defaultLowOutputLatency': 0.008707482993197279, 'defaultHighInputLatency': 0.034829931972789115, 'defaultHighOutputLatency': 0.034829931972789115, 'defaultSampleRate': 44100.0}
2026-08-25 22:22:18.392 - RealTimeSTT: realtimestt - DEBUG - Highest supported sample rate for device index 14 is 44100
2026-08-25 22:22:18.392 - RealTimeSTT: realtimestt - DEBUG - Sample rates to try for device 14: [16000, 44100]
2026-08-25 22:22:18.392 - RealTimeSTT: realtimestt - DEBUG - Attempting to initialize audio stream at 16000 Hz.
2026-08-25 22:22:18.392 - RealTimeSTT: realtimestt - DEBUG - Found 15 total audio devices on the system.
2026-08-25 22:22:18.392 - RealTimeSTT: realtimestt - DEBUG - Available input devices with input channels: [4, 8, 9, 12, 13, 14]
2026-08-25 22:22:18.392 - RealTimeSTT: realtimestt - DEBUG - Validating device index 14 with info: {'index': 14, 'structVersion': 2, 'name': 'default', 'hostApi': 0, 'maxInputChannels': 128, 'maxOutputChannels': 128, 'defaultLowInputLatency': 0.008707482993197279, 'defaultLowOutputLatency': 0.008707482993197279, 'defaultHighInputLatency': 0.034829931972789115, 'defaultHighOutputLatency': 0.034829931972789115, 'defaultSampleRate': 44100.0}
2026-08-25 22:22:18.493 - RealTimeSTT: realtimestt - DEBUG - Device index 14 successfully validated.
2026-08-25 22:22:18.493 - RealTimeSTT: realtimestt - DEBUG - Opening stream with device index 14, sample_rate=16000, chunk_size=1024
2026-08-25 22:22:18.504 - RealTimeSTT: realtimestt - INFO - Microphone connected and validated (device index: 14, sample rate: 16000, chunk size: 1024)
2026-08-25 22:22:18.504 - RealTimeSTT: realtimestt - DEBUG - Audio recording initialized successfully at 16000 Hz, reading 1024 frames at a time
2026-08-25 22:22:19.156 - RealTimeSTT: realtimestt - DEBUG - Main transcription model ready
2026-08-25 22:22:19.156 - RealTimeSTT: realtimestt - DEBUG - RealtimeSTT initialization completed successfully
2026-08-25 22:22:19.601 - RealTimeSTT: realtimestt - DEBUG - _audio_data_worker writing audio data into queue.
2026-08-25 22:22:20.625 - RealTimeSTT: realtimestt - DEBUG - _audio_data_worker writing audio data into queue.
2026-08-25 22:22:21.649 - RealTimeSTT: realtimestt - DEBUG - _audio_data_worker writing audio data into queue.
2026-08-25 22:22:22.673 - RealTimeSTT: realtimestt - DEBUG - _audio_data_worker writing audio data into queue.
2026-08-25 22:22:23.697 - RealTimeSTT: realtimestt - DEBUG - _audio_data_worker writing audio data into queue.
2026-08-25 22:22:23.985 - RealTimeSTT: realtimestt - INFO - recording started
2026-08-25 22:22:23.985 - RealTimeSTT: realtimestt - INFO - State changed from 'inactive' to 'recording'
2026-08-25 22:22:24.721 - RealTimeSTT: realtimestt - DEBUG - _audio_data_worker writing audio data into queue.
2026-08-25 22:22:25.745 - RealTimeSTT: realtimestt - DEBUG - _audio_data_worker writing audio data into queue.
2026-08-25 22:22:26.769 - RealTimeSTT: realtimestt - DEBUG - _audio_data_worker writing audio data into queue.
2026-08-25 22:22:27.793 - RealTimeSTT: realtimestt - DEBUG - _audio_data_worker writing audio data into queue.
2026-08-25 22:22:28.817 - RealTimeSTT: realtimestt - DEBUG - _audio_data_worker writing audio data into queue.
2026-08-25 22:22:28.943 - RealTimeSTT: realtimestt - INFO - recording stopped
2026-08-25 22:22:28.944 - RealTimeSTT: realtimestt - INFO - Setting listen time
2026-08-25 22:22:28.945 - RealTimeSTT: realtimestt - DEBUG - No samples removed, final audio length: 78848
2026-08-25 22:22:28.945 - RealTimeSTT: realtimestt - INFO - State changed from 'recording' to 'inactive'
2026-08-25 22:22:28.945 - RealTimeSTT: realtimestt - INFO - State changed from 'inactive' to 'transcribing'
2026-08-25 22:22:28.945 - RealTimeSTT: realtimestt - DEBUG - Adding transcription request, no early transcription started
2026-08-25 22:22:28.946 - RealTimeSTT: realtimestt - DEBUG - Receive from parent_transcription_pipe after sendiung transcription request, transcribe_count: 1
2026-08-25 22:22:29.046 - RealTimeSTT: realtimestt - DEBUG - Receive from parent_transcription_pipe after sendiung transcription request, transcribe_count: 1
2026-08-25 22:22:29.148 - RealTimeSTT: realtimestt - DEBUG - Receive from parent_transcription_pipe after sendiung transcription request, transcribe_count: 1
2026-08-25 22:22:29.249 - RealTimeSTT: realtimestt - DEBUG - Receive from parent_transcription_pipe after sendiung transcription request, transcribe_count: 1
2026-08-25 22:22:29.311 - RealTimeSTT: realtimestt - INFO - State changed from 'transcribing' to 'inactive'
2026-08-25 22:22:29.312 - RealTimeSTT: realtimestt - DEBUG - Model tiny completed transcription in 0.37 seconds
2026-08-25 22:22:29.841 - RealTimeSTT: realtimestt - DEBUG - _audio_data_worker writing audio data into queue.
2026-08-25 22:22:30.683 - RealTimeSTT: realtimestt - DEBUG - Finishing recording thread
2026-08-25 22:22:30.691 - RealTimeSTT: realtimestt - DEBUG - Terminating reader process
2026-08-25 22:22:30.701 - RealTimeSTT: realtimestt - DEBUG - Terminating transcription process
2026-08-25 22:22:30.718 - RealTimeSTT: realtimestt - DEBUG - Finishing realtime thread
2026-08-25 22:23:48.322 - RealTimeSTT: realtimestt - INFO - Starting RealTimeSTT
2026-08-25 22:23:48.323 - RealTimeSTT: realtimestt - INFO - Initializing audio recording (creating pyAudio input stream, sample rate: 16000 buffer size: 512
2026-08-25 22:23:48.323 - RealTimeSTT: realtimestt - INFO - Initializing WebRTC voice with Sensitivity 3
2026-08-25 22:23:48.323 - RealTimeSTT: realtimestt - DEBUG - WebRTC VAD voice activity detection engine initialized successfully
2026-08-25 22:23:48.324 - RealTimeSTT: realtimestt - DEBUG - Starting audio data worker with target_sample_rate=16000, buffer_size=512, input_device_index=None
2026-08-25 22:23:48.325 - RealTimeSTT: realtimestt - DEBUG - Creating PyAudio interface...
2026-08-25 22:23:48.363 - RealTimeSTT: realtimestt - DEBUG - Silero VAD voice activity detection engine initialized successfully with backend raw_onnx_ifless
2026-08-25 22:23:48.365 - RealTimeSTT: realtimestt - DEBUG - Starting realtime worker
2026-08-25 22:23:48.365 - RealTimeSTT: realtimestt - DEBUG - Waiting for main transcription model to start
2026-08-25 22:23:48.365 - RealTimeSTT: realtimestt - DEBUG - Realtime transcription disabled; realtime worker exits
2026-08-25 22:23:48.480 - RealTimeSTT: realtimestt - DEBUG - No device index supplied; using default device 14
2026-08-25 22:23:48.480 - RealTimeSTT: realtimestt - DEBUG - Retrieving highest sample rate for device index 14: {'index': 14, 'structVersion': 2, 'name': 'default', 'hostApi': 0, 'maxInputChannels': 128, 'maxOutputChannels': 128, 'defaultLowInputLatency': 0.008707482993197279, 'defaultLowOutputLatency': 0.008707482993197279, 'defaultHighInputLatency': 0.034829931972789115, 'defaultHighOutputLatency': 0.034829931972789115, 'defaultSampleRate': 44100.0}
2026-08-25 22:23:48.480 - RealTimeSTT: realtimestt - DEBUG - Highest supported sample rate for device index 14 is 44100
2026-08-25 22:23:48.480 - RealTimeSTT: realtimestt - DEBUG - Sample rates to try for device 14: [16000, 44100]
2026-08-25 22:23:48.480 - RealTimeSTT: realtimestt - DEBUG - Attempting to initialize audio stream at 16000 Hz.
2026-08-25 22:23:48.480 - RealTimeSTT: realtimestt - DEBUG - Found 15 total audio devices on the system.
2026-08-25 22:23:48.480 - RealTimeSTT: realtimestt - DEBUG - Available input devices with input channels: [4, 8, 9, 12, 13, 14]
2026-08-25 22:23:48.480 - RealTimeSTT: realtimestt - DEBUG - Validating device index 14 with info: {'index': 14, 'structVersion': 2, 'name': 'default', 'hostApi': 0, 'maxInputChannels': 128, 'maxOutputChannels': 128, 'defaultLowInputLatency': 0.008707482993197279, 'defaultLowOutputLatency': 0.008707482993197279, 'defaultHighInputLatency': 0.034829931972789115, 'defaultHighOutputLatency': 0.034829931972789115, 'defaultSampleRate': 44100.0}
2026-08-25 22:23:48.582 - RealTimeSTT: realtimestt - DEBUG - Device index 14 successfully validated.
2026-08-25 22:23:48.582 - RealTimeSTT: realtimestt - DEBUG - Opening stream with device index 14, sample_rate=16000, chunk_size=1024
2026-08-25 22:23:48.594 - RealTimeSTT: realtimestt - INFO - Microphone connected and validated (device index: 14, sample rate: 16000, chunk size: 1024)
2026-08-25 22:23:48.594 - RealTimeSTT: realtimestt - DEBUG - Audio recording initialized successfully at 16000 Hz, reading 1024 frames at a time
2026-08-25 22:23:49.395 - RealTimeSTT: realtimestt - DEBUG - Main transcription model ready
2026-08-25 22:23:49.395 - RealTimeSTT: realtimestt - DEBUG - RealtimeSTT initialization completed successfully
2026-08-25 22:23:49.396 - RealTimeSTT: realtimestt - DEBUG - Finishing recording thread
2026-08-25 22:23:49.400 - RealTimeSTT: realtimestt - DEBUG - Terminating reader process
2026-08-25 22:23:49.441 - RealTimeSTT: realtimestt - DEBUG - Terminating transcription process
2026-08-25 22:23:49.496 - RealTimeSTT: realtimestt - DEBUG - Receive from stdout pipe
2026-08-25 22:23:49.496 - RealTimeSTT: realtimestt - INFO - None
2026-08-25 22:23:49.502 - RealTimeSTT: realtimestt - DEBUG - Finishing realtime thread
2026-08-25 22:24:38.091 - RealTimeSTT: realtimestt - INFO - Starting RealTimeSTT
2026-08-25 22:24:38.092 - RealTimeSTT: realtimestt - INFO - Initializing audio recording (creating pyAudio input stream, sample rate: 16000 buffer size: 512
2026-08-25 22:24:38.092 - RealTimeSTT: realtimestt - INFO - Initializing WebRTC voice with Sensitivity 3
2026-08-25 22:24:38.092 - RealTimeSTT: realtimestt - DEBUG - WebRTC VAD voice activity detection engine initialized successfully
2026-08-25 22:24:38.098 - RealTimeSTT: realtimestt - DEBUG - Starting audio data worker with target_sample_rate=16000, buffer_size=512, input_device_index=None
2026-08-25 22:24:38.099 - RealTimeSTT: realtimestt - DEBUG - Creating PyAudio interface...
2026-08-25 22:24:38.134 - RealTimeSTT: realtimestt - DEBUG - Silero VAD voice activity detection engine initialized successfully with backend raw_onnx_ifless
2026-08-25 22:24:38.138 - RealTimeSTT: realtimestt - DEBUG - Starting realtime worker
2026-08-25 22:24:38.138 - RealTimeSTT: realtimestt - DEBUG - Waiting for main transcription model to start
2026-08-25 22:24:38.138 - RealTimeSTT: realtimestt - DEBUG - Realtime transcription disabled; realtime worker exits
2026-08-25 22:24:38.257 - RealTimeSTT: realtimestt - DEBUG - No device index supplied; using default device 14
2026-08-25 22:24:38.257 - RealTimeSTT: realtimestt - DEBUG - Retrieving highest sample rate for device index 14: {'index': 14, 'structVersion': 2, 'name': 'default', 'hostApi': 0, 'maxInputChannels': 128, 'maxOutputChannels': 128, 'defaultLowInputLatency': 0.008707482993197279, 'defaultLowOutputLatency': 0.008707482993197279, 'defaultHighInputLatency': 0.034829931972789115, 'defaultHighOutputLatency': 0.034829931972789115, 'defaultSampleRate': 44100.0}
2026-08-25 22:24:38.257 - RealTimeSTT: realtimestt - DEBUG - Highest supported sample rate for device index 14 is 44100
2026-08-25 22:24:38.257 - RealTimeSTT: realtimestt - DEBUG - Sample rates to try for device 14: [16000, 44100]
2026-08-25 22:24:38.257 - RealTimeSTT: realtimestt - DEBUG - Attempting to initialize audio stream at 16000 Hz.
2026-08-25 22:24:38.257 - RealTimeSTT: realtimestt - DEBUG - Found 15 total audio devices on the system.
2026-08-25 22:24:38.257 - RealTimeSTT: realtimestt - DEBUG - Available input devices with input channels: [4, 8, 9, 12, 13, 14]
2026-08-25 22:24:38.257 - RealTimeSTT: realtimestt - DEBUG - Validating device index 14 with info: {'index': 14, 'structVersion': 2, 'name': 'default', 'hostApi': 0, 'maxInputChannels': 128, 'maxOutputChannels': 128, 'defaultLowInputLatency': 0.008707482993197279, 'defaultLowOutputLatency': 0.008707482993197279, 'defaultHighInputLatency': 0.034829931972789115, 'defaultHighOutputLatency': 0.034829931972789115, 'defaultSampleRate': 44100.0}
2026-08-25 22:24:38.361 - RealTimeSTT: realtimestt - DEBUG - Device index 14 successfully validated.
2026-08-25 22:24:38.361 - RealTimeSTT: realtimestt - DEBUG - Opening stream with device index 14, sample_rate=16000, chunk_size=1024
2026-08-25 22:24:38.374 - RealTimeSTT: realtimestt - INFO - Microphone connected and validated (device index: 14, sample rate: 16000, chunk size: 1024)
2026-08-25 22:24:38.374 - RealTimeSTT: realtimestt - DEBUG - Audio recording initialized successfully at 16000 Hz, reading 1024 frames at a time
2026-08-25 22:24:38.976 - RealTimeSTT: realtimestt - DEBUG - Main transcription model ready
2026-08-25 22:24:38.976 - RealTimeSTT: realtimestt - DEBUG - RealtimeSTT initialization completed successfully
2026-08-25 22:24:39.277 - RealTimeSTT: realtimestt - INFO - recording started
2026-08-25 22:24:39.277 - RealTimeSTT: realtimestt - INFO - State changed from 'inactive' to 'recording'
2026-08-25 22:24:39.469 - RealTimeSTT: realtimestt - DEBUG - _audio_data_worker writing audio data into queue.
2026-08-25 22:24:40.493 - RealTimeSTT: realtimestt - DEBUG - _audio_data_worker writing audio data into queue.
2026-08-25 22:24:41.517 - RealTimeSTT: realtimestt - DEBUG - _audio_data_worker writing audio data into queue.
2026-08-25 22:24:42.278 - RealTimeSTT: realtimestt - INFO - recording stopped
2026-08-25 22:24:42.278 - RealTimeSTT: realtimestt - INFO - Setting listen time
2026-08-25 22:24:42.279 - RealTimeSTT: realtimestt - DEBUG - No samples removed, final audio length: 47104
2026-08-25 22:24:42.279 - RealTimeSTT: realtimestt - INFO - State changed from 'recording' to 'inactive'
2026-08-25 22:24:42.279 - RealTimeSTT: realtimestt - INFO - State changed from 'inactive' to 'transcribing'
2026-08-25 22:24:42.279 - RealTimeSTT: realtimestt - DEBUG - Adding transcription request, no early transcription started
2026-08-25 22:24:42.279 - RealTimeSTT: realtimestt - DEBUG - Receive from parent_transcription_pipe after sendiung transcription request, transcribe_count: 1
2026-08-25 22:24:42.380 - RealTimeSTT: realtimestt - DEBUG - Receive from parent_transcription_pipe after sendiung transcription request, transcribe_count: 1
2026-08-25 22:24:42.481 - RealTimeSTT: realtimestt - DEBUG - Receive from parent_transcription_pipe after sendiung transcription request, transcribe_count: 1
2026-08-25 22:24:42.541 - RealTimeSTT: realtimestt - DEBUG - _audio_data_worker writing audio data into queue.
2026-08-25 22:24:42.581 - RealTimeSTT: realtimestt - DEBUG - Receive from parent_transcription_pipe after sendiung transcription request, transcribe_count: 1
2026-08-25 22:24:42.676 - RealTimeSTT: realtimestt - INFO - State changed from 'transcribing' to 'inactive'
2026-08-25 22:24:42.677 - RealTimeSTT: realtimestt - DEBUG - Model tiny completed transcription in 0.40 seconds
2026-08-25 22:24:43.565 - RealTimeSTT: realtimestt - DEBUG - _audio_data_worker writing audio data into queue.
2026-08-25 22:24:44.589 - RealTimeSTT: realtimestt - DEBUG - _audio_data_worker writing audio data into queue.
2026-08-25 22:24:45.613 - RealTimeSTT: realtimestt - DEBUG - _audio_data_worker writing audio data into queue.
2026-08-25 22:24:45.975 - RealTimeSTT: realtimestt - DEBUG - Finishing recording thread
2026-08-25 22:24:45.985 - RealTimeSTT: realtimestt - DEBUG - Terminating reader process
2026-08-25 22:24:46.048 - RealTimeSTT: realtimestt - DEBUG - Terminating transcription process
2026-08-25 22:24:46.049 - RealTimeSTT: realtimestt - DEBUG - Finishing realtime thread
2026-08-25 22:25:11.534 - RealTimeSTT: realtimestt - INFO - Starting RealTimeSTT
2026-08-25 22:25:11.535 - RealTimeSTT: realtimestt - INFO - Initializing audio recording (creating pyAudio input stream, sample rate: 16000 buffer size: 512
2026-08-25 22:25:11.535 - RealTimeSTT: realtimestt - INFO - Initializing WebRTC voice with Sensitivity 3
2026-08-25 22:25:11.535 - RealTimeSTT: realtimestt - DEBUG - WebRTC VAD voice activity detection engine initialized successfully
2026-08-25 22:25:11.536 - RealTimeSTT: realtimestt - DEBUG - Starting audio data worker with target_sample_rate=16000, buffer_size=512, input_device_index=None
2026-08-25 22:25:11.536 - RealTimeSTT: realtimestt - DEBUG - Creating PyAudio interface...
2026-08-25 22:25:11.575 - RealTimeSTT: realtimestt - DEBUG - Silero VAD voice activity detection engine initialized successfully with backend raw_onnx_ifless
2026-08-25 22:25:11.580 - RealTimeSTT: realtimestt - DEBUG - Starting realtime worker
2026-08-25 22:25:11.580 - RealTimeSTT: realtimestt - DEBUG - Waiting for main transcription model to start
2026-08-25 22:25:11.580 - RealTimeSTT: realtimestt - DEBUG - Realtime transcription disabled; realtime worker exits
2026-08-25 22:25:11.698 - RealTimeSTT: realtimestt - DEBUG - No device index supplied; using default device 14
2026-08-25 22:25:11.698 - RealTimeSTT: realtimestt - DEBUG - Retrieving highest sample rate for device index 14: {'index': 14, 'structVersion': 2, 'name': 'default', 'hostApi': 0, 'maxInputChannels': 128, 'maxOutputChannels': 128, 'defaultLowInputLatency': 0.008707482993197279, 'defaultLowOutputLatency': 0.008707482993197279, 'defaultHighInputLatency': 0.034829931972789115, 'defaultHighOutputLatency': 0.034829931972789115, 'defaultSampleRate': 44100.0}
2026-08-25 22:25:11.698 - RealTimeSTT: realtimestt - DEBUG - Highest supported sample rate for device index 14 is 44100
2026-08-25 22:25:11.698 - RealTimeSTT: realtimestt - DEBUG - Sample rates to try for device 14: [16000, 44100]
2026-08-25 22:25:11.698 - RealTimeSTT: realtimestt - DEBUG - Attempting to initialize audio stream at 16000 Hz.
2026-08-25 22:25:11.698 - RealTimeSTT: realtimestt - DEBUG - Found 15 total audio devices on the system.
2026-08-25 22:25:11.698 - RealTimeSTT: realtimestt - DEBUG - Available input devices with input channels: [4, 8, 9, 12, 13, 14]
2026-08-25 22:25:11.698 - RealTimeSTT: realtimestt - DEBUG - Validating device index 14 with info: {'index': 14, 'structVersion': 2, 'name': 'default', 'hostApi': 0, 'maxInputChannels': 128, 'maxOutputChannels': 128, 'defaultLowInputLatency': 0.008707482993197279, 'defaultLowOutputLatency': 0.008707482993197279, 'defaultHighInputLatency': 0.034829931972789115, 'defaultHighOutputLatency': 0.034829931972789115, 'defaultSampleRate': 44100.0}
2026-08-25 22:25:11.802 - RealTimeSTT: realtimestt - DEBUG - Device index 14 successfully validated.
2026-08-25 22:25:11.802 - RealTimeSTT: realtimestt - DEBUG - Opening stream with device index 14, sample_rate=16000, chunk_size=1024
2026-08-25 22:25:11.815 - RealTimeSTT: realtimestt - INFO - Microphone connected and validated (device index: 14, sample rate: 16000, chunk size: 1024)
2026-08-25 22:25:11.815 - RealTimeSTT: realtimestt - DEBUG - Audio recording initialized successfully at 16000 Hz, reading 1024 frames at a time
2026-08-25 22:25:12.455 - RealTimeSTT: realtimestt - DEBUG - Main transcription model ready
2026-08-25 22:25:12.456 - RealTimeSTT: realtimestt - DEBUG - RealtimeSTT initialization completed successfully
2026-08-25 22:25:12.910 - RealTimeSTT: realtimestt - DEBUG - _audio_data_worker writing audio data into queue.
2026-08-25 22:25:13.380 - RealTimeSTT: realtimestt - INFO - recording started
2026-08-25 22:25:13.380 - RealTimeSTT: realtimestt - INFO - State changed from 'inactive' to 'recording'
2026-08-25 22:25:13.934 - RealTimeSTT: realtimestt - DEBUG - _audio_data_worker writing audio data into queue.
2026-08-25 22:25:14.958 - RealTimeSTT: realtimestt - DEBUG - _audio_data_worker writing audio data into queue.
2026-08-25 22:25:15.982 - RealTimeSTT: realtimestt - DEBUG - _audio_data_worker writing audio data into queue.
2026-08-25 22:25:17.006 - RealTimeSTT: realtimestt - DEBUG - _audio_data_worker writing audio data into queue.
2026-08-25 22:25:17.457 - RealTimeSTT: realtimestt - INFO - recording stopped
2026-08-25 22:25:17.458 - RealTimeSTT: realtimestt - INFO - Setting listen time
2026-08-25 22:25:17.459 - RealTimeSTT: realtimestt - DEBUG - No samples removed, final audio length: 65536
2026-08-25 22:25:17.459 - RealTimeSTT: realtimestt - INFO - State changed from 'recording' to 'inactive'
2026-08-25 22:25:17.459 - RealTimeSTT: realtimestt - INFO - State changed from 'inactive' to 'transcribing'
2026-08-25 22:25:17.459 - RealTimeSTT: realtimestt - DEBUG - Adding transcription request, no early transcription started
2026-08-25 22:25:17.471 - RealTimeSTT: realtimestt - DEBUG - Receive from parent_transcription_pipe after sendiung transcription request, transcribe_count: 1
2026-08-25 22:25:17.573 - RealTimeSTT: realtimestt - DEBUG - Receive from parent_transcription_pipe after sendiung transcription request, transcribe_count: 1
2026-08-25 22:25:17.673 - RealTimeSTT: realtimestt - DEBUG - Receive from parent_transcription_pipe after sendiung transcription request, transcribe_count: 1
2026-08-25 22:25:17.774 - RealTimeSTT: realtimestt - DEBUG - Receive from parent_transcription_pipe after sendiung transcription request, transcribe_count: 1
2026-08-25 22:25:17.795 - RealTimeSTT: realtimestt - INFO - State changed from 'transcribing' to 'inactive'
2026-08-25 22:25:17.796 - RealTimeSTT: realtimestt - DEBUG - Model tiny completed transcription in 0.34 seconds
2026-08-25 22:25:18.030 - RealTimeSTT: realtimestt - DEBUG - _audio_data_worker writing audio data into queue.
2026-08-25 22:25:19.054 - RealTimeSTT: realtimestt - DEBUG - _audio_data_worker writing audio data into queue.
2026-08-25 22:25:20.078 - RealTimeSTT: realtimestt - DEBUG - _audio_data_worker writing audio data into queue.
2026-08-25 22:25:20.974 - RealTimeSTT: realtimestt - DEBUG - Finishing recording thread
2026-08-25 22:25:20.982 - RealTimeSTT: realtimestt - DEBUG - Terminating reader process
2026-08-25 22:25:21.022 - RealTimeSTT: realtimestt - DEBUG - Terminating transcription process
2026-08-25 22:25:21.023 - RealTimeSTT: realtimestt - DEBUG - Finishing realtime thread
2026-08-26 22:44:57.173 - RealTimeSTT: realtimestt - INFO - Starting RealTimeSTT
2026-08-26 22:44:57.175 - RealTimeSTT: realtimestt - INFO - Initializing audio recording (creating pyAudio input stream, sample rate: 16000 buffer size: 512
2026-08-26 22:44:57.175 - RealTimeSTT: realtimestt - INFO - Initializing WebRTC voice with Sensitivity 3
2026-08-26 22:44:57.175 - RealTimeSTT: realtimestt - DEBUG - WebRTC VAD voice activity detection engine initialized successfully
2026-08-26 22:44:57.180 - RealTimeSTT: realtimestt - DEBUG - Starting audio data worker with target_sample_rate=16000, buffer_size=512, input_device_index=None
2026-08-26 22:44:57.180 - RealTimeSTT: realtimestt - DEBUG - Creating PyAudio interface...
2026-08-26 22:44:57.281 - RealTimeSTT: realtimestt - DEBUG - Silero VAD voice activity detection engine initialized successfully with backend raw_onnx_ifless
2026-08-26 22:44:57.284 - RealTimeSTT: realtimestt - DEBUG - Starting realtime worker
2026-08-26 22:44:57.286 - RealTimeSTT: realtimestt - DEBUG - Waiting for main transcription model to start
2026-08-26 22:44:57.286 - RealTimeSTT: realtimestt - DEBUG - Realtime transcription disabled; realtime worker exits
2026-08-26 22:44:58.703 - RealTimeSTT: realtimestt - DEBUG - Main transcription model ready
2026-08-26 22:44:58.704 - RealTimeSTT: realtimestt - DEBUG - RealtimeSTT initialization completed successfully
2026-08-26 22:44:59.341 - RealTimeSTT: realtimestt - DEBUG - No device index supplied; using default device 14
2026-08-26 22:44:59.341 - RealTimeSTT: realtimestt - DEBUG - Retrieving highest sample rate for device index 14: {'index': 14, 'structVersion': 2, 'name': 'default', 'hostApi': 0, 'maxInputChannels': 128, 'maxOutputChannels': 128, 'defaultLowInputLatency': 0.008707482993197279, 'defaultLowOutputLatency': 0.008707482993197279, 'defaultHighInputLatency': 0.034829931972789115, 'defaultHighOutputLatency': 0.034829931972789115, 'defaultSampleRate': 44100.0}
2026-08-26 22:44:59.341 - RealTimeSTT: realtimestt - DEBUG - Highest supported sample rate for device index 14 is 44100
2026-08-26 22:44:59.341 - RealTimeSTT: realtimestt - DEBUG - Sample rates to try for device 14: [16000, 44100]
2026-08-26 22:44:59.341 - RealTimeSTT: realtimestt - DEBUG - Attempting to initialize audio stream at 16000 Hz.
2026-08-26 22:44:59.341 - RealTimeSTT: realtimestt - DEBUG - Found 15 total audio devices on the system.
2026-08-26 22:44:59.341 - RealTimeSTT: realtimestt - DEBUG - Available input devices with input channels: [4, 8, 9, 12, 13, 14]
2026-08-26 22:44:59.341 - RealTimeSTT: realtimestt - DEBUG - Validating device index 14 with info: {'index': 14, 'structVersion': 2, 'name': 'default', 'hostApi': 0, 'maxInputChannels': 128, 'maxOutputChannels': 128, 'defaultLowInputLatency': 0.008707482993197279, 'defaultLowOutputLatency': 0.008707482993197279, 'defaultHighInputLatency': 0.034829931972789115, 'defaultHighOutputLatency': 0.034829931972789115, 'defaultSampleRate': 44100.0}
2026-08-26 22:44:59.447 - RealTimeSTT: realtimestt - DEBUG - Device index 14 successfully validated.
2026-08-26 22:44:59.447 - RealTimeSTT: realtimestt - DEBUG - Opening stream with device index 14, sample_rate=16000, chunk_size=1024
2026-08-26 22:44:59.458 - RealTimeSTT: realtimestt - INFO - Microphone connected and validated (device index: 14, sample rate: 16000, chunk size: 1024)
2026-08-26 22:44:59.458 - RealTimeSTT: realtimestt - DEBUG - Audio recording initialized successfully at 16000 Hz, reading 1024 frames at a time
2026-08-26 22:45:00.553 - RealTimeSTT: realtimestt - DEBUG - _audio_data_worker writing audio data into queue.
2026-08-26 22:45:01.577 - RealTimeSTT: realtimestt - DEBUG - _audio_data_worker writing audio data into queue.
2026-08-26 22:45:02.601 - RealTimeSTT: realtimestt - DEBUG - _audio_data_worker writing audio data into queue.
2026-08-26 22:45:03.625 - RealTimeSTT: realtimestt - DEBUG - _audio_data_worker writing audio data into queue.
2026-08-26 22:45:04.649 - RealTimeSTT: realtimestt - DEBUG - _audio_data_worker writing audio data into queue.
2026-08-26 22:45:05.673 - RealTimeSTT: realtimestt - DEBUG - _audio_data_worker writing audio data into queue.
2026-08-26 22:45:06.697 - RealTimeSTT: realtimestt - DEBUG - _audio_data_worker writing audio data into queue.
2026-08-26 22:45:07.722 - RealTimeSTT: realtimestt - DEBUG - _audio_data_worker writing audio data into queue.
2026-08-26 22:45:08.745 - RealTimeSTT: realtimestt - DEBUG - _audio_data_worker writing audio data into queue.
2026-08-26 22:45:09.769 - RealTimeSTT: realtimestt - DEBUG - _audio_data_worker writing audio data into queue.
2026-08-26 22:45:10.793 - RealTimeSTT: realtimestt - DEBUG - _audio_data_worker writing audio data into queue.
2026-08-26 22:45:11.817 - RealTimeSTT: realtimestt - DEBUG - _audio_data_worker writing audio data into queue.
2026-08-26 22:45:12.841 - RealTimeSTT: realtimestt - DEBUG - _audio_data_worker writing audio data into queue.
2026-08-26 22:45:13.865 - RealTimeSTT: realtimestt - DEBUG - _audio_data_worker writing audio data into queue.
2026-08-26 22:45:14.889 - RealTimeSTT: realtimestt - DEBUG - _audio_data_worker writing audio data into queue.
2026-08-26 22:45:15.913 - RealTimeSTT: realtimestt - DEBUG - _audio_data_worker writing audio data into queue.
2026-08-26 22:45:16.937 - RealTimeSTT: realtimestt - DEBUG - _audio_data_worker writing audio data into queue.
2026-08-26 22:45:17.961 - RealTimeSTT: realtimestt - DEBUG - _audio_data_worker writing audio data into queue.
2026-08-26 22:45:18.985 - RealTimeSTT: realtimestt - DEBUG - _audio_data_worker writing audio data into queue.
2026-08-26 22:45:20.009 - RealTimeSTT: realtimestt - DEBUG - _audio_data_worker writing audio data into queue.
2026-08-26 22:45:21.033 - RealTimeSTT: realtimestt - DEBUG - _audio_data_worker writing audio data into queue.
2026-08-26 22:45:22.057 - RealTimeSTT: realtimestt - DEBUG - _audio_data_worker writing audio data into queue.
2026-08-26 22:45:23.082 - RealTimeSTT: realtimestt - DEBUG - _audio_data_worker writing audio data into queue.
2026-08-26 22:45:23.999 - RealTimeSTT: realtimestt - INFO - recording started
2026-08-26 22:45:23.999 - RealTimeSTT: realtimestt - INFO - State changed from 'inactive' to 'recording'
2026-08-26 22:45:24.105 - RealTimeSTT: realtimestt - DEBUG - _audio_data_worker writing audio data into queue.
2026-08-26 22:45:24.927 - RealTimeSTT: realtimestt - INFO - recording stopped
2026-08-26 22:45:24.927 - RealTimeSTT: realtimestt - INFO - Setting listen time
2026-08-26 22:45:24.928 - RealTimeSTT: realtimestt - DEBUG - No samples removed, final audio length: 15360
2026-08-26 22:45:24.928 - RealTimeSTT: realtimestt - INFO - State changed from 'recording' to 'inactive'
2026-08-26 22:45:24.928 - RealTimeSTT: realtimestt - INFO - State changed from 'inactive' to 'transcribing'
2026-08-26 22:45:24.928 - RealTimeSTT: realtimestt - DEBUG - Adding transcription request, no early transcription started
2026-08-26 22:45:24.928 - RealTimeSTT: realtimestt - DEBUG - Receive from parent_transcription_pipe after sendiung transcription request, transcribe_count: 1
2026-08-26 22:45:25.028 - RealTimeSTT: realtimestt - DEBUG - Receive from parent_transcription_pipe after sendiung transcription request, transcribe_count: 1
2026-08-26 22:45:25.129 - RealTimeSTT: realtimestt - DEBUG - Receive from parent_transcription_pipe after sendiung transcription request, transcribe_count: 1
2026-08-26 22:45:25.129 - RealTimeSTT: realtimestt - DEBUG - _audio_data_worker writing audio data into queue.
2026-08-26 22:45:25.221 - RealTimeSTT: realtimestt - INFO - State changed from 'transcribing' to 'inactive'
2026-08-26 22:45:25.221 - RealTimeSTT: realtimestt - DEBUG - Model tiny completed transcription in 0.29 seconds
2026-08-26 22:45:26.153 - RealTimeSTT: realtimestt - DEBUG - _audio_data_worker writing audio data into queue.
2026-08-26 22:45:27.177 - RealTimeSTT: realtimestt - DEBUG - _audio_data_worker writing audio data into queue.
2026-08-26 22:45:28.201 - RealTimeSTT: realtimestt - DEBUG - _audio_data_worker writing audio data into queue.
2026-08-26 22:45:29.058 - RealTimeSTT: realtimestt - DEBUG - Finishing recording thread
2026-08-26 22:45:29.065 - RealTimeSTT: realtimestt - DEBUG - Terminating reader process
2026-08-26 22:45:29.145 - RealTimeSTT: realtimestt - DEBUG - Terminating transcription process
2026-08-26 22:45:29.145 - RealTimeSTT: realtimestt - DEBUG - Finishing realtime thread
2026-08-26 22:45:33.061 - RealTimeSTT: realtimestt - INFO - Starting RealTimeSTT
2026-08-26 22:45:33.062 - RealTimeSTT: realtimestt - INFO - Initializing audio recording (creating pyAudio input stream, sample rate: 16000 buffer size: 512
2026-08-26 22:45:33.063 - RealTimeSTT: realtimestt - INFO - Initializing WebRTC voice with Sensitivity 3
2026-08-26 22:45:33.063 - RealTimeSTT: realtimestt - DEBUG - WebRTC VAD voice activity detection engine initialized successfully
2026-08-26 22:45:33.069 - RealTimeSTT: realtimestt - DEBUG - Starting audio data worker with target_sample_rate=16000, buffer_size=512, input_device_index=None
2026-08-26 22:45:33.069 - RealTimeSTT: realtimestt - DEBUG - Creating PyAudio interface...
2026-08-26 22:45:33.128 - RealTimeSTT: realtimestt - DEBUG - Silero VAD voice activity detection engine initialized successfully with backend raw_onnx_ifless
2026-08-26 22:45:33.130 - RealTimeSTT: realtimestt - DEBUG - Starting realtime worker
2026-08-26 22:45:33.130 - RealTimeSTT: realtimestt - DEBUG - Realtime transcription disabled; realtime worker exits
2026-08-26 22:45:33.130 - RealTimeSTT: realtimestt - DEBUG - Waiting for main transcription model to start
2026-08-26 22:45:33.153 - RealTimeSTT: realtimestt - DEBUG - No device index supplied; using default device 14
2026-08-26 22:45:33.153 - RealTimeSTT: realtimestt - DEBUG - Retrieving highest sample rate for device index 14: {'index': 14, 'structVersion': 2, 'name': 'default', 'hostApi': 0, 'maxInputChannels': 128, 'maxOutputChannels': 128, 'defaultLowInputLatency': 0.008707482993197279, 'defaultLowOutputLatency': 0.008707482993197279, 'defaultHighInputLatency': 0.034829931972789115, 'defaultHighOutputLatency': 0.034829931972789115, 'defaultSampleRate': 44100.0}
2026-08-26 22:45:33.153 - RealTimeSTT: realtimestt - DEBUG - Highest supported sample rate for device index 14 is 44100
2026-08-26 22:45:33.153 - RealTimeSTT: realtimestt - DEBUG - Sample rates to try for device 14: [16000, 44100]
2026-08-26 22:45:33.153 - RealTimeSTT: realtimestt - DEBUG - Attempting to initialize audio stream at 16000 Hz.
2026-08-26 22:45:33.153 - RealTimeSTT: realtimestt - DEBUG - Found 15 total audio devices on the system.
2026-08-26 22:45:33.153 - RealTimeSTT: realtimestt - DEBUG - Available input devices with input channels: [8, 9, 12, 13, 14]
2026-08-26 22:45:33.153 - RealTimeSTT: realtimestt - DEBUG - Validating device index 14 with info: {'index': 14, 'structVersion': 2, 'name': 'default', 'hostApi': 0, 'maxInputChannels': 128, 'maxOutputChannels': 128, 'defaultLowInputLatency': 0.008707482993197279, 'defaultLowOutputLatency': 0.008707482993197279, 'defaultHighInputLatency': 0.034829931972789115, 'defaultHighOutputLatency': 0.034829931972789115, 'defaultSampleRate': 44100.0}
2026-08-26 22:45:33.246 - RealTimeSTT: realtimestt - DEBUG - Device index 14 successfully validated.
2026-08-26 22:45:33.252 - RealTimeSTT: realtimestt - DEBUG - Opening stream with device index 14, sample_rate=16000, chunk_size=1024
2026-08-26 22:45:33.262 - RealTimeSTT: realtimestt - INFO - Microphone connected and validated (device index: 14, sample rate: 16000, chunk size: 1024)
2026-08-26 22:45:33.262 - RealTimeSTT: realtimestt - DEBUG - Audio recording initialized successfully at 16000 Hz, reading 1024 frames at a time
2026-08-26 22:45:34.030 - RealTimeSTT: realtimestt - DEBUG - Main transcription model ready
2026-08-26 22:45:34.031 - RealTimeSTT: realtimestt - DEBUG - RealtimeSTT initialization completed successfully
2026-08-26 22:45:34.345 - RealTimeSTT: realtimestt - DEBUG - _audio_data_worker writing audio data into queue.
2026-08-26 22:45:34.554 - RealTimeSTT: realtimestt - DEBUG - Finishing recording thread
2026-08-26 22:45:34.558 - RealTimeSTT: realtimestt - DEBUG - Terminating reader process
2026-08-26 22:45:34.608 - RealTimeSTT: realtimestt - DEBUG - Terminating transcription process
2026-08-26 22:45:34.640 - RealTimeSTT: realtimestt - DEBUG - Finishing realtime thread
2026-08-26 22:56:02.448 - RealTimeSTT: realtimestt - INFO - Starting RealTimeSTT
2026-08-26 22:56:02.449 - RealTimeSTT: realtimestt - INFO - Initializing audio recording (creating pyAudio input stream, sample rate: 16000 buffer size: 512
2026-08-26 22:56:02.449 - RealTimeSTT: realtimestt - INFO - Initializing WebRTC voice with Sensitivity 3
2026-08-26 22:56:02.450 - RealTimeSTT: realtimestt - DEBUG - WebRTC VAD voice activity detection engine initialized successfully
2026-08-26 22:56:02.452 - RealTimeSTT: realtimestt - DEBUG - Starting audio data worker with target_sample_rate=16000, buffer_size=512, input_device_index=None
2026-08-26 22:56:02.452 - RealTimeSTT: realtimestt - DEBUG - Creating PyAudio interface...
2026-08-26 22:56:02.499 - RealTimeSTT: realtimestt - DEBUG - Silero VAD voice activity detection engine initialized successfully with backend raw_onnx_ifless
2026-08-26 22:56:02.502 - RealTimeSTT: realtimestt - DEBUG - Starting realtime worker
2026-08-26 22:56:02.502 - RealTimeSTT: realtimestt - DEBUG - Waiting for main transcription model to start
2026-08-26 22:56:02.502 - RealTimeSTT: realtimestt - DEBUG - Realtime transcription disabled; realtime worker exits
2026-08-26 22:56:03.331 - RealTimeSTT: realtimestt - DEBUG - Main transcription model ready
2026-08-26 22:56:03.332 - RealTimeSTT: realtimestt - DEBUG - RealtimeSTT initialization completed successfully
2026-08-26 22:56:04.608 - RealTimeSTT: realtimestt - DEBUG - No device index supplied; using default device 14
2026-08-26 22:56:04.608 - RealTimeSTT: realtimestt - DEBUG - Retrieving highest sample rate for device index 14: {'index': 14, 'structVersion': 2, 'name': 'default', 'hostApi': 0, 'maxInputChannels': 128, 'maxOutputChannels': 128, 'defaultLowInputLatency': 0.008707482993197279, 'defaultLowOutputLatency': 0.008707482993197279, 'defaultHighInputLatency': 0.034829931972789115, 'defaultHighOutputLatency': 0.034829931972789115, 'defaultSampleRate': 44100.0}
2026-08-26 22:56:04.608 - RealTimeSTT: realtimestt - DEBUG - Highest supported sample rate for device index 14 is 44100
2026-08-26 22:56:04.608 - RealTimeSTT: realtimestt - DEBUG - Sample rates to try for device 14: [16000, 44100]
2026-08-26 22:56:04.608 - RealTimeSTT: realtimestt - DEBUG - Attempting to initialize audio stream at 16000 Hz.
2026-08-26 22:56:04.608 - RealTimeSTT: realtimestt - DEBUG - Found 15 total audio devices on the system.
2026-08-26 22:56:04.608 - RealTimeSTT: realtimestt - DEBUG - Available input devices with input channels: [4, 8, 9, 12, 13, 14]
2026-08-26 22:56:04.608 - RealTimeSTT: realtimestt - DEBUG - Validating device index 14 with info: {'index': 14, 'structVersion': 2, 'name': 'default', 'hostApi': 0, 'maxInputChannels': 128, 'maxOutputChannels': 128, 'defaultLowInputLatency': 0.008707482993197279, 'defaultLowOutputLatency': 0.008707482993197279, 'defaultHighInputLatency': 0.034829931972789115, 'defaultHighOutputLatency': 0.034829931972789115, 'defaultSampleRate': 44100.0}
2026-08-26 22:56:04.715 - RealTimeSTT: realtimestt - DEBUG - Device index 14 successfully validated.
2026-08-26 22:56:04.715 - RealTimeSTT: realtimestt - DEBUG - Opening stream with device index 14, sample_rate=16000, chunk_size=1024
2026-08-26 22:56:04.723 - RealTimeSTT: realtimestt - INFO - Microphone connected and validated (device index: 14, sample rate: 16000, chunk size: 1024)
2026-08-26 22:56:04.723 - RealTimeSTT: realtimestt - DEBUG - Audio recording initialized successfully at 16000 Hz, reading 1024 frames at a time
2026-08-26 22:56:05.820 - RealTimeSTT: realtimestt - DEBUG - _audio_data_worker writing audio data into queue.
2026-08-26 22:56:06.844 - RealTimeSTT: realtimestt - DEBUG - _audio_data_worker writing audio data into queue.
2026-08-26 22:56:07.868 - RealTimeSTT: realtimestt - DEBUG - _audio_data_worker writing audio data into queue.
2026-08-26 22:56:08.892 - RealTimeSTT: realtimestt - DEBUG - _audio_data_worker writing audio data into queue.
2026-08-26 22:56:09.916 - RealTimeSTT: realtimestt - DEBUG - _audio_data_worker writing audio data into queue.
2026-08-26 22:56:10.940 - RealTimeSTT: realtimestt - DEBUG - _audio_data_worker writing audio data into queue.
2026-08-26 22:56:11.964 - RealTimeSTT: realtimestt - DEBUG - _audio_data_worker writing audio data into queue.
2026-08-26 22:56:12.988 - RealTimeSTT: realtimestt - DEBUG - _audio_data_worker writing audio data into queue.
2026-08-26 22:56:14.012 - RealTimeSTT: realtimestt - DEBUG - _audio_data_worker writing audio data into queue.
2026-08-26 22:56:15.036 - RealTimeSTT: realtimestt - DEBUG - _audio_data_worker writing audio data into queue.
2026-08-26 22:56:16.060 - RealTimeSTT: realtimestt - DEBUG - _audio_data_worker writing audio data into queue.
2026-08-26 22:56:17.084 - RealTimeSTT: realtimestt - DEBUG - _audio_data_worker writing audio data into queue.
2026-08-26 22:56:18.108 - RealTimeSTT: realtimestt - DEBUG - _audio_data_worker writing audio data into queue.
2026-08-26 22:56:19.132 - RealTimeSTT: realtimestt - DEBUG - _audio_data_worker writing audio data into queue.
2026-08-26 22:56:20.156 - RealTimeSTT: realtimestt - DEBUG - _audio_data_worker writing audio data into queue.
2026-08-26 22:56:21.180 - RealTimeSTT: realtimestt - DEBUG - _audio_data_worker writing audio data into queue.
2026-08-26 22:56:22.204 - RealTimeSTT: realtimestt - DEBUG - _audio_data_worker writing audio data into queue.
2026-08-26 22:56:23.228 - RealTimeSTT: realtimestt - DEBUG - _audio_data_worker writing audio data into queue.
2026-08-26 22:56:24.252 - RealTimeSTT: realtimestt - DEBUG - _audio_data_worker writing audio data into queue.
2026-08-26 22:56:25.276 - RealTimeSTT: realtimestt - DEBUG - _audio_data_worker writing audio data into queue.
2026-08-26 22:56:26.300 - RealTimeSTT: realtimestt - DEBUG - _audio_data_worker writing audio data into queue.
2026-08-26 22:56:27.324 - RealTimeSTT: realtimestt - DEBUG - _audio_data_worker writing audio data into queue.
2026-08-26 22:56:28.348 - RealTimeSTT: realtimestt - DEBUG - _audio_data_worker writing audio data into queue.
2026-08-26 22:56:29.372 - RealTimeSTT: realtimestt - DEBUG - _audio_data_worker writing audio data into queue.
2026-08-26 22:56:30.396 - RealTimeSTT: realtimestt - DEBUG - _audio_data_worker writing audio data into queue.
2026-08-26 22:56:31.420 - RealTimeSTT: realtimestt - DEBUG - _audio_data_worker writing audio data into queue.
2026-08-26 22:56:32.444 - RealTimeSTT: realtimestt - DEBUG - _audio_data_worker writing audio data into queue.
2026-08-26 22:56:33.468 - RealTimeSTT: realtimestt - DEBUG - _audio_data_worker writing audio data into queue.
2026-08-26 22:56:34.492 - RealTimeSTT: realtimestt - DEBUG - _audio_data_worker writing audio data into queue.
2026-08-26 22:56:35.516 - RealTimeSTT: realtimestt - DEBUG - _audio_data_worker writing audio data into queue.
2026-08-26 22:56:36.540 - RealTimeSTT: realtimestt - DEBUG - _audio_data_worker writing audio data into queue.
2026-08-26 22:56:37.564 - RealTimeSTT: realtimestt - DEBUG - _audio_data_worker writing audio data into queue.
2026-08-26 22:56:38.588 - RealTimeSTT: realtimestt - DEBUG - _audio_data_worker writing audio data into queue.
2026-08-26 22:56:38.613 - RealTimeSTT: realtimestt - INFO - recording started
2026-08-26 22:56:38.613 - RealTimeSTT: realtimestt - INFO - State changed from 'inactive' to 'recording'
2026-08-26 22:56:39.612 - RealTimeSTT: realtimestt - DEBUG - _audio_data_worker writing audio data into queue.
2026-08-26 22:56:40.636 - RealTimeSTT: realtimestt - DEBUG - _audio_data_worker writing audio data into queue.
2026-08-26 22:56:41.660 - RealTimeSTT: realtimestt - DEBUG - _audio_data_worker writing audio data into queue.
2026-08-26 22:56:42.588 - RealTimeSTT: realtimestt - INFO - recording stopped
2026-08-26 22:56:42.590 - RealTimeSTT: realtimestt - INFO - Setting listen time
2026-08-26 22:56:42.590 - RealTimeSTT: realtimestt - DEBUG - No samples removed, final audio length: 62464
2026-08-26 22:56:42.590 - RealTimeSTT: realtimestt - INFO - State changed from 'recording' to 'inactive'
2026-08-26 22:56:42.590 - RealTimeSTT: realtimestt - INFO - State changed from 'inactive' to 'transcribing'
2026-08-26 22:56:42.590 - RealTimeSTT: realtimestt - DEBUG - Adding transcription request, no early transcription started
2026-08-26 22:56:42.590 - RealTimeSTT: realtimestt - DEBUG - Receive from parent_transcription_pipe after sendiung transcription request, transcribe_count: 1
2026-08-26 22:56:42.685 - RealTimeSTT: realtimestt - DEBUG - _audio_data_worker writing audio data into queue.
2026-08-26 22:56:42.693 - RealTimeSTT: realtimestt - DEBUG - Receive from parent_transcription_pipe after sendiung transcription request, transcribe_count: 1
2026-08-26 22:56:42.794 - RealTimeSTT: realtimestt - DEBUG - Receive from parent_transcription_pipe after sendiung transcription request, transcribe_count: 1
2026-08-26 22:56:42.857 - RealTimeSTT: realtimestt - INFO - State changed from 'transcribing' to 'inactive'
2026-08-26 22:56:42.858 - RealTimeSTT: realtimestt - DEBUG - Model tiny completed transcription in 0.27 seconds
2026-08-26 22:56:43.708 - RealTimeSTT: realtimestt - DEBUG - _audio_data_worker writing audio data into queue.
2026-08-26 22:56:44.732 - RealTimeSTT: realtimestt - DEBUG - _audio_data_worker writing audio data into queue.
2026-08-26 22:56:45.756 - RealTimeSTT: realtimestt - DEBUG - _audio_data_worker writing audio data into queue.
2026-08-26 22:56:46.780 - RealTimeSTT: realtimestt - DEBUG - _audio_data_worker writing audio data into queue.
2026-08-26 22:56:47.804 - RealTimeSTT: realtimestt - DEBUG - _audio_data_worker writing audio data into queue.
2026-08-26 22:56:48.828 - RealTimeSTT: realtimestt - DEBUG - _audio_data_worker writing audio data into queue.
2026-08-26 22:56:49.852 - RealTimeSTT: realtimestt - DEBUG - _audio_data_worker writing audio data into queue.
2026-08-26 22:56:50.309 - RealTimeSTT: realtimestt - DEBUG - Finishing recording thread
2026-08-26 22:56:50.319 - RealTimeSTT: realtimestt - DEBUG - Terminating reader process
2026-08-26 22:56:50.366 - RealTimeSTT: realtimestt - DEBUG - Receive from stdout pipe
2026-08-26 22:56:50.366 - RealTimeSTT: realtimestt - INFO - None
2026-08-26 22:56:50.374 - RealTimeSTT: realtimestt - DEBUG - Terminating transcription process
2026-08-26 22:56:50.374 - RealTimeSTT: realtimestt - DEBUG - Finishing realtime thread
2026-08-26 22:57:51.665 - RealTimeSTT: realtimestt - INFO - Starting RealTimeSTT
2026-08-26 22:57:51.665 - RealTimeSTT: realtimestt - INFO - Initializing audio recording (creating pyAudio input stream, sample rate: 16000 buffer size: 512
2026-08-26 22:57:51.666 - RealTimeSTT: realtimestt - INFO - Initializing WebRTC voice with Sensitivity 3
2026-08-26 22:57:51.666 - RealTimeSTT: realtimestt - DEBUG - WebRTC VAD voice activity detection engine initialized successfully
2026-08-26 22:57:51.668 - RealTimeSTT: realtimestt - DEBUG - Starting audio data worker with target_sample_rate=16000, buffer_size=512, input_device_index=None
2026-08-26 22:57:51.668 - RealTimeSTT: realtimestt - DEBUG - Creating PyAudio interface...
2026-08-26 22:57:51.718 - RealTimeSTT: realtimestt - DEBUG - Silero VAD voice activity detection engine initialized successfully with backend raw_onnx_ifless
2026-08-26 22:57:51.720 - RealTimeSTT: realtimestt - DEBUG - Starting realtime worker
2026-08-26 22:57:51.721 - RealTimeSTT: realtimestt - DEBUG - Realtime transcription disabled; realtime worker exits
2026-08-26 22:57:51.721 - RealTimeSTT: realtimestt - DEBUG - Waiting for main transcription model to start
2026-08-26 22:57:52.005 - RealTimeSTT: realtimestt - DEBUG - No device index supplied; using default device 14
2026-08-26 22:57:52.005 - RealTimeSTT: realtimestt - DEBUG - Retrieving highest sample rate for device index 14: {'index': 14, 'structVersion': 2, 'name': 'default', 'hostApi': 0, 'maxInputChannels': 128, 'maxOutputChannels': 128, 'defaultLowInputLatency': 0.008707482993197279, 'defaultLowOutputLatency': 0.008707482993197279, 'defaultHighInputLatency': 0.034829931972789115, 'defaultHighOutputLatency': 0.034829931972789115, 'defaultSampleRate': 44100.0}
2026-08-26 22:57:52.005 - RealTimeSTT: realtimestt - DEBUG - Highest supported sample rate for device index 14 is 44100
2026-08-26 22:57:52.005 - RealTimeSTT: realtimestt - DEBUG - Sample rates to try for device 14: [16000, 44100]
2026-08-26 22:57:52.005 - RealTimeSTT: realtimestt - DEBUG - Attempting to initialize audio stream at 16000 Hz.
2026-08-26 22:57:52.005 - RealTimeSTT: realtimestt - DEBUG - Found 15 total audio devices on the system.
2026-08-26 22:57:52.005 - RealTimeSTT: realtimestt - DEBUG - Available input devices with input channels: [4, 8, 9, 12, 13, 14]
2026-08-26 22:57:52.005 - RealTimeSTT: realtimestt - DEBUG - Validating device index 14 with info: {'index': 14, 'structVersion': 2, 'name': 'default', 'hostApi': 0, 'maxInputChannels': 128, 'maxOutputChannels': 128, 'defaultLowInputLatency': 0.008707482993197279, 'defaultLowOutputLatency': 0.008707482993197279, 'defaultHighInputLatency': 0.034829931972789115, 'defaultHighOutputLatency': 0.034829931972789115, 'defaultSampleRate': 44100.0}
2026-08-26 22:57:52.112 - RealTimeSTT: realtimestt - DEBUG - Device index 14 successfully validated.
2026-08-26 22:57:52.112 - RealTimeSTT: realtimestt - DEBUG - Opening stream with device index 14, sample_rate=16000, chunk_size=1024
2026-08-26 22:57:52.120 - RealTimeSTT: realtimestt - INFO - Microphone connected and validated (device index: 14, sample rate: 16000, chunk size: 1024)
2026-08-26 22:57:52.120 - RealTimeSTT: realtimestt - DEBUG - Audio recording initialized successfully at 16000 Hz, reading 1024 frames at a time
2026-08-26 22:57:52.680 - RealTimeSTT: realtimestt - DEBUG - Main transcription model ready
2026-08-26 22:57:52.680 - RealTimeSTT: realtimestt - DEBUG - RealtimeSTT initialization completed successfully
2026-08-26 22:57:53.220 - RealTimeSTT: realtimestt - DEBUG - _audio_data_worker writing audio data into queue.
2026-08-26 22:57:53.759 - RealTimeSTT: realtimestt - INFO - recording started
2026-08-26 22:57:53.759 - RealTimeSTT: realtimestt - INFO - State changed from 'inactive' to 'recording'
2026-08-26 22:57:54.244 - RealTimeSTT: realtimestt - DEBUG - _audio_data_worker writing audio data into queue.
2026-08-26 22:57:55.268 - RealTimeSTT: realtimestt - DEBUG - _audio_data_worker writing audio data into queue.
2026-08-26 22:57:56.292 - RealTimeSTT: realtimestt - DEBUG - _audio_data_worker writing audio data into queue.
2026-08-26 22:57:57.316 - RealTimeSTT: realtimestt - DEBUG - _audio_data_worker writing audio data into queue.
2026-08-26 22:57:57.433 - RealTimeSTT: realtimestt - INFO - recording stopped
2026-08-26 22:57:57.434 - RealTimeSTT: realtimestt - INFO - Setting listen time
2026-08-26 22:57:57.434 - RealTimeSTT: realtimestt - DEBUG - No samples removed, final audio length: 58368
2026-08-26 22:57:57.434 - RealTimeSTT: realtimestt - INFO - State changed from 'recording' to 'inactive'
2026-08-26 22:57:57.435 - RealTimeSTT: realtimestt - INFO - State changed from 'inactive' to 'transcribing'
2026-08-26 22:57:57.435 - RealTimeSTT: realtimestt - DEBUG - Adding transcription request, no early transcription started
2026-08-26 22:57:57.442 - RealTimeSTT: realtimestt - DEBUG - Receive from parent_transcription_pipe after sendiung transcription request, transcribe_count: 1
2026-08-26 22:57:57.545 - RealTimeSTT: realtimestt - DEBUG - Receive from parent_transcription_pipe after sendiung transcription request, transcribe_count: 1
2026-08-26 22:57:57.646 - RealTimeSTT: realtimestt - DEBUG - Receive from parent_transcription_pipe after sendiung transcription request, transcribe_count: 1
2026-08-26 22:57:57.724 - RealTimeSTT: realtimestt - INFO - State changed from 'transcribing' to 'inactive'
2026-08-26 22:57:57.725 - RealTimeSTT: realtimestt - DEBUG - Model tiny completed transcription in 0.29 seconds
2026-08-26 22:57:58.287 - RealTimeSTT: realtimestt - DEBUG - Finishing recording thread
2026-08-26 22:57:58.296 - RealTimeSTT: realtimestt - DEBUG - Terminating reader process
2026-08-26 22:57:58.340 - RealTimeSTT: realtimestt - DEBUG - _audio_data_worker writing audio data into queue.
2026-08-26 22:57:58.348 - RealTimeSTT: realtimestt - DEBUG - Terminating transcription process
2026-08-26 22:57:58.349 - RealTimeSTT: realtimestt - DEBUG - Finishing realtime thread
2026-08-26 22:58:28.208 - RealTimeSTT: realtimestt - INFO - Starting RealTimeSTT
2026-08-26 22:58:28.208 - RealTimeSTT: realtimestt - INFO - Initializing audio recording (creating pyAudio input stream, sample rate: 16000 buffer size: 512
2026-08-26 22:58:28.209 - RealTimeSTT: realtimestt - INFO - Initializing WebRTC voice with Sensitivity 3
2026-08-26 22:58:28.209 - RealTimeSTT: realtimestt - DEBUG - WebRTC VAD voice activity detection engine initialized successfully
2026-08-26 22:58:28.215 - RealTimeSTT: realtimestt - DEBUG - Starting audio data worker with target_sample_rate=16000, buffer_size=512, input_device_index=None
2026-08-26 22:58:28.216 - RealTimeSTT: realtimestt - DEBUG - Creating PyAudio interface...
2026-08-26 22:58:28.256 - RealTimeSTT: realtimestt - DEBUG - Silero VAD voice activity detection engine initialized successfully with backend raw_onnx_ifless
2026-08-26 22:58:28.258 - RealTimeSTT: realtimestt - DEBUG - Starting realtime worker
2026-08-26 22:58:28.259 - RealTimeSTT: realtimestt - DEBUG - Realtime transcription disabled; realtime worker exits
2026-08-26 22:58:28.259 - RealTimeSTT: realtimestt - DEBUG - Waiting for main transcription model to start
2026-08-26 22:58:28.545 - RealTimeSTT: realtimestt - DEBUG - No device index supplied; using default device 14
2026-08-26 22:58:28.545 - RealTimeSTT: realtimestt - DEBUG - Retrieving highest sample rate for device index 14: {'index': 14, 'structVersion': 2, 'name': 'default', 'hostApi': 0, 'maxInputChannels': 128, 'maxOutputChannels': 128, 'defaultLowInputLatency': 0.008707482993197279, 'defaultLowOutputLatency': 0.008707482993197279, 'defaultHighInputLatency': 0.034829931972789115, 'defaultHighOutputLatency': 0.034829931972789115, 'defaultSampleRate': 44100.0}
2026-08-26 22:58:28.545 - RealTimeSTT: realtimestt - DEBUG - Highest supported sample rate for device index 14 is 44100
2026-08-26 22:58:28.545 - RealTimeSTT: realtimestt - DEBUG - Sample rates to try for device 14: [16000, 44100]
2026-08-26 22:58:28.545 - RealTimeSTT: realtimestt - DEBUG - Attempting to initialize audio stream at 16000 Hz.
2026-08-26 22:58:28.545 - RealTimeSTT: realtimestt - DEBUG - Found 15 total audio devices on the system.
2026-08-26 22:58:28.545 - RealTimeSTT: realtimestt - DEBUG - Available input devices with input channels: [4, 8, 9, 12, 13, 14]
2026-08-26 22:58:28.545 - RealTimeSTT: realtimestt - DEBUG - Validating device index 14 with info: {'index': 14, 'structVersion': 2, 'name': 'default', 'hostApi': 0, 'maxInputChannels': 128, 'maxOutputChannels': 128, 'defaultLowInputLatency': 0.008707482993197279, 'defaultLowOutputLatency': 0.008707482993197279, 'defaultHighInputLatency': 0.034829931972789115, 'defaultHighOutputLatency': 0.034829931972789115, 'defaultSampleRate': 44100.0}
2026-08-26 22:58:28.647 - RealTimeSTT: realtimestt - DEBUG - Device index 14 successfully validated.
2026-08-26 22:58:28.647 - RealTimeSTT: realtimestt - DEBUG - Opening stream with device index 14, sample_rate=16000, chunk_size=1024
2026-08-26 22:58:28.656 - RealTimeSTT: realtimestt - INFO - Microphone connected and validated (device index: 14, sample rate: 16000, chunk size: 1024)
2026-08-26 22:58:28.656 - RealTimeSTT: realtimestt - DEBUG - Audio recording initialized successfully at 16000 Hz, reading 1024 frames at a time
2026-08-26 22:58:29.153 - RealTimeSTT: realtimestt - DEBUG - Main transcription model ready
2026-08-26 22:58:29.154 - RealTimeSTT: realtimestt - DEBUG - RealtimeSTT initialization completed successfully
2026-08-26 22:58:29.755 - RealTimeSTT: realtimestt - DEBUG - _audio_data_worker writing audio data into queue.
2026-08-26 22:58:30.779 - RealTimeSTT: realtimestt - DEBUG - _audio_data_worker writing audio data into queue.
2026-08-26 22:58:31.803 - RealTimeSTT: realtimestt - DEBUG - _audio_data_worker writing audio data into queue.
2026-08-26 22:58:32.827 - RealTimeSTT: realtimestt - DEBUG - _audio_data_worker writing audio data into queue.
2026-08-26 22:58:33.851 - RealTimeSTT: realtimestt - DEBUG - _audio_data_worker writing audio data into queue.
2026-08-26 22:58:34.875 - RealTimeSTT: realtimestt - DEBUG - _audio_data_worker writing audio data into queue.
2026-08-26 22:58:35.899 - RealTimeSTT: realtimestt - DEBUG - _audio_data_worker writing audio data into queue.
2026-08-26 22:58:36.923 - RealTimeSTT: realtimestt - DEBUG - _audio_data_worker writing audio data into queue.
2026-08-26 22:58:37.578 - RealTimeSTT: realtimestt - INFO - recording started
2026-08-26 22:58:37.578 - RealTimeSTT: realtimestt - INFO - State changed from 'inactive' to 'recording'
2026-08-26 22:58:37.947 - RealTimeSTT: realtimestt - DEBUG - _audio_data_worker writing audio data into queue.
2026-08-26 22:58:38.514 - RealTimeSTT: realtimestt - INFO - recording stopped
2026-08-26 22:58:38.514 - RealTimeSTT: realtimestt - INFO - Setting listen time
2026-08-26 22:58:38.514 - RealTimeSTT: realtimestt - DEBUG - No samples removed, final audio length: 15360
2026-08-26 22:58:38.515 - RealTimeSTT: realtimestt - INFO - State changed from 'recording' to 'inactive'
2026-08-26 22:58:38.515 - RealTimeSTT: realtimestt - INFO - State changed from 'inactive' to 'transcribing'
2026-08-26 22:58:38.515 - RealTimeSTT: realtimestt - DEBUG - Adding transcription request, no early transcription started
2026-08-26 22:58:38.515 - RealTimeSTT: realtimestt - DEBUG - Receive from parent_transcription_pipe after sendiung transcription request, transcribe_count: 1
2026-08-26 22:58:38.615 - RealTimeSTT: realtimestt - DEBUG - Receive from parent_transcription_pipe after sendiung transcription request, transcribe_count: 1
2026-08-26 22:58:38.716 - RealTimeSTT: realtimestt - DEBUG - Receive from parent_transcription_pipe after sendiung transcription request, transcribe_count: 1
2026-08-26 22:58:38.780 - RealTimeSTT: realtimestt - INFO - State changed from 'transcribing' to 'inactive'
2026-08-26 22:58:38.780 - RealTimeSTT: realtimestt - DEBUG - Model tiny completed transcription in 0.27 seconds
2026-08-26 22:58:38.971 - RealTimeSTT: realtimestt - DEBUG - _audio_data_worker writing audio data into queue.
2026-08-26 22:58:39.995 - RealTimeSTT: realtimestt - DEBUG - _audio_data_worker writing audio data into queue.
2026-08-26 22:58:41.019 - RealTimeSTT: realtimestt - DEBUG - _audio_data_worker writing audio data into queue.
2026-08-26 22:58:42.011 - RealTimeSTT: realtimestt - DEBUG - Finishing recording thread
2026-08-26 22:58:42.019 - RealTimeSTT: realtimestt - DEBUG - Terminating reader process
2026-08-26 22:58:42.043 - RealTimeSTT: realtimestt - DEBUG - _audio_data_worker writing audio data into queue.
2026-08-26 22:58:42.050 - RealTimeSTT: realtimestt - DEBUG - Terminating transcription process
2026-08-26 22:58:42.083 - RealTimeSTT: realtimestt - DEBUG - Receive from stdout pipe
2026-08-26 22:58:42.083 - RealTimeSTT: realtimestt - INFO - None
2026-08-26 22:58:42.088 - RealTimeSTT: realtimestt - DEBUG - Finishing realtime thread
2026-08-26 22:58:54.861 - RealTimeSTT: realtimestt - INFO - Starting RealTimeSTT
2026-08-26 22:58:54.863 - RealTimeSTT: realtimestt - INFO - Initializing audio recording (creating pyAudio input stream, sample rate: 16000 buffer size: 512
2026-08-26 22:58:54.863 - RealTimeSTT: realtimestt - INFO - Initializing WebRTC voice with Sensitivity 3
2026-08-26 22:58:54.863 - RealTimeSTT: realtimestt - DEBUG - WebRTC VAD voice activity detection engine initialized successfully
2026-08-26 22:58:54.865 - RealTimeSTT: realtimestt - DEBUG - Starting audio data worker with target_sample_rate=16000, buffer_size=512, input_device_index=None
2026-08-26 22:58:54.865 - RealTimeSTT: realtimestt - DEBUG - Creating PyAudio interface...
2026-08-26 22:58:54.907 - RealTimeSTT: realtimestt - DEBUG - Silero VAD voice activity detection engine initialized successfully with backend raw_onnx_ifless
2026-08-26 22:58:54.909 - RealTimeSTT: realtimestt - DEBUG - Starting realtime worker
2026-08-26 22:58:54.909 - RealTimeSTT: realtimestt - DEBUG - Waiting for main transcription model to start
2026-08-26 22:58:54.909 - RealTimeSTT: realtimestt - DEBUG - Realtime transcription disabled; realtime worker exits
2026-08-26 22:58:55.188 - RealTimeSTT: realtimestt - DEBUG - No device index supplied; using default device 14
2026-08-26 22:58:55.188 - RealTimeSTT: realtimestt - DEBUG - Retrieving highest sample rate for device index 14: {'index': 14, 'structVersion': 2, 'name': 'default', 'hostApi': 0, 'maxInputChannels': 128, 'maxOutputChannels': 128, 'defaultLowInputLatency': 0.008707482993197279, 'defaultLowOutputLatency': 0.008707482993197279, 'defaultHighInputLatency': 0.034829931972789115, 'defaultHighOutputLatency': 0.034829931972789115, 'defaultSampleRate': 44100.0}
2026-08-26 22:58:55.188 - RealTimeSTT: realtimestt - DEBUG - Highest supported sample rate for device index 14 is 44100
2026-08-26 22:58:55.188 - RealTimeSTT: realtimestt - DEBUG - Sample rates to try for device 14: [16000, 44100]
2026-08-26 22:58:55.188 - RealTimeSTT: realtimestt - DEBUG - Attempting to initialize audio stream at 16000 Hz.
2026-08-26 22:58:55.188 - RealTimeSTT: realtimestt - DEBUG - Found 15 total audio devices on the system.
2026-08-26 22:58:55.188 - RealTimeSTT: realtimestt - DEBUG - Available input devices with input channels: [4, 8, 9, 12, 13, 14]
2026-08-26 22:58:55.188 - RealTimeSTT: realtimestt - DEBUG - Validating device index 14 with info: {'index': 14, 'structVersion': 2, 'name': 'default', 'hostApi': 0, 'maxInputChannels': 128, 'maxOutputChannels': 128, 'defaultLowInputLatency': 0.008707482993197279, 'defaultLowOutputLatency': 0.008707482993197279, 'defaultHighInputLatency': 0.034829931972789115, 'defaultHighOutputLatency': 0.034829931972789115, 'defaultSampleRate': 44100.0}
2026-08-26 22:58:55.290 - RealTimeSTT: realtimestt - DEBUG - Device index 14 successfully validated.
2026-08-26 22:58:55.290 - RealTimeSTT: realtimestt - DEBUG - Opening stream with device index 14, sample_rate=16000, chunk_size=1024
2026-08-26 22:58:55.300 - RealTimeSTT: realtimestt - INFO - Microphone connected and validated (device index: 14, sample rate: 16000, chunk size: 1024)
2026-08-26 22:58:55.300 - RealTimeSTT: realtimestt - DEBUG - Audio recording initialized successfully at 16000 Hz, reading 1024 frames at a time
2026-08-26 22:58:55.781 - RealTimeSTT: realtimestt - DEBUG - Main transcription model ready
2026-08-26 22:58:55.781 - RealTimeSTT: realtimestt - DEBUG - RealtimeSTT initialization completed successfully
2026-08-26 22:58:56.398 - RealTimeSTT: realtimestt - DEBUG - _audio_data_worker writing audio data into queue.
2026-08-26 22:58:56.418 - RealTimeSTT: realtimestt - INFO - recording started
2026-08-26 22:58:56.419 - RealTimeSTT: realtimestt - INFO - State changed from 'inactive' to 'recording'
2026-08-26 22:58:57.422 - RealTimeSTT: realtimestt - DEBUG - _audio_data_worker writing audio data into queue.
2026-08-26 22:58:58.446 - RealTimeSTT: realtimestt - DEBUG - _audio_data_worker writing audio data into queue.
2026-08-26 22:58:59.470 - RealTimeSTT: realtimestt - DEBUG - _audio_data_worker writing audio data into queue.
2026-08-26 22:59:00.494 - RealTimeSTT: realtimestt - DEBUG - _audio_data_worker writing audio data into queue.
2026-08-26 22:59:01.518 - RealTimeSTT: realtimestt - DEBUG - _audio_data_worker writing audio data into queue.
2026-08-26 22:59:02.542 - RealTimeSTT: realtimestt - DEBUG - _audio_data_worker writing audio data into queue.
2026-08-26 22:59:03.566 - RealTimeSTT: realtimestt - DEBUG - _audio_data_worker writing audio data into queue.
2026-08-26 22:59:04.590 - RealTimeSTT: realtimestt - DEBUG - _audio_data_worker writing audio data into queue.
2026-08-26 22:59:05.614 - RealTimeSTT: realtimestt - DEBUG - _audio_data_worker writing audio data into queue.
2026-08-26 22:59:06.605 - RealTimeSTT: realtimestt - INFO - recording stopped
2026-08-26 22:59:06.608 - RealTimeSTT: realtimestt - INFO - Setting listen time
2026-08-26 22:59:06.608 - RealTimeSTT: realtimestt - DEBUG - No samples removed, final audio length: 161792
2026-08-26 22:59:06.609 - RealTimeSTT: realtimestt - INFO - State changed from 'recording' to 'inactive'
2026-08-26 22:59:06.609 - RealTimeSTT: realtimestt - INFO - State changed from 'inactive' to 'transcribing'
2026-08-26 22:59:06.609 - RealTimeSTT: realtimestt - DEBUG - Adding transcription request, no early transcription started
2026-08-26 22:59:06.619 - RealTimeSTT: realtimestt - DEBUG - Receive from parent_transcription_pipe after sendiung transcription request, transcribe_count: 1
2026-08-26 22:59:06.638 - RealTimeSTT: realtimestt - DEBUG - _audio_data_worker writing audio data into queue.
2026-08-26 22:59:06.721 - RealTimeSTT: realtimestt - DEBUG - Receive from parent_transcription_pipe after sendiung transcription request, transcribe_count: 1
2026-08-26 22:59:06.821 - RealTimeSTT: realtimestt - DEBUG - Receive from parent_transcription_pipe after sendiung transcription request, transcribe_count: 1
2026-08-26 22:59:06.922 - RealTimeSTT: realtimestt - DEBUG - Receive from parent_transcription_pipe after sendiung transcription request, transcribe_count: 1
2026-08-26 22:59:06.994 - RealTimeSTT: realtimestt - INFO - State changed from 'transcribing' to 'inactive'
2026-08-26 22:59:06.996 - RealTimeSTT: realtimestt - DEBUG - Model tiny completed transcription in 0.39 seconds
2026-08-26 22:59:07.662 - RealTimeSTT: realtimestt - DEBUG - _audio_data_worker writing audio data into queue.
2026-08-26 22:59:08.558 - RealTimeSTT: realtimestt - DEBUG - Finishing recording thread
2026-08-26 22:59:08.567 - RealTimeSTT: realtimestt - DEBUG - Terminating reader process
2026-08-26 22:59:08.611 - RealTimeSTT: realtimestt - DEBUG - Terminating transcription process
2026-08-26 22:59:08.612 - RealTimeSTT: realtimestt - DEBUG - Finishing realtime thread
2026-08-26 23:06:13.741 - RealTimeSTT: realtimestt - INFO - Starting RealTimeSTT
2026-08-26 23:06:13.742 - RealTimeSTT: realtimestt - INFO - Initializing audio recording (creating pyAudio input stream, sample rate: 16000 buffer size: 512
2026-08-26 23:06:13.743 - RealTimeSTT: realtimestt - INFO - Initializing WebRTC voice with Sensitivity 3
2026-08-26 23:06:13.743 - RealTimeSTT: realtimestt - DEBUG - WebRTC VAD voice activity detection engine initialized successfully
2026-08-26 23:06:13.745 - RealTimeSTT: realtimestt - DEBUG - Starting audio data worker with target_sample_rate=16000, buffer_size=512, input_device_index=None
2026-08-26 23:06:13.745 - RealTimeSTT: realtimestt - DEBUG - Creating PyAudio interface...
2026-08-26 23:06:13.787 - RealTimeSTT: realtimestt - DEBUG - Silero VAD voice activity detection engine initialized successfully with backend raw_onnx_ifless
2026-08-26 23:06:13.790 - RealTimeSTT: realtimestt - DEBUG - Starting realtime worker
2026-08-26 23:06:13.790 - RealTimeSTT: realtimestt - DEBUG - Waiting for main transcription model to start
2026-08-26 23:06:13.790 - RealTimeSTT: realtimestt - DEBUG - Realtime transcription disabled; realtime worker exits
2026-08-26 23:06:14.683 - RealTimeSTT: realtimestt - DEBUG - Main transcription model ready
2026-08-26 23:06:14.684 - RealTimeSTT: realtimestt - DEBUG - RealtimeSTT initialization completed successfully
2026-08-26 23:06:15.900 - RealTimeSTT: realtimestt - DEBUG - No device index supplied; using default device 14
2026-08-26 23:06:15.900 - RealTimeSTT: realtimestt - DEBUG - Retrieving highest sample rate for device index 14: {'index': 14, 'structVersion': 2, 'name': 'default', 'hostApi': 0, 'maxInputChannels': 128, 'maxOutputChannels': 128, 'defaultLowInputLatency': 0.008707482993197279, 'defaultLowOutputLatency': 0.008707482993197279, 'defaultHighInputLatency': 0.034829931972789115, 'defaultHighOutputLatency': 0.034829931972789115, 'defaultSampleRate': 44100.0}
2026-08-26 23:06:15.900 - RealTimeSTT: realtimestt - DEBUG - Highest supported sample rate for device index 14 is 44100
2026-08-26 23:06:15.900 - RealTimeSTT: realtimestt - DEBUG - Sample rates to try for device 14: [16000, 44100]
2026-08-26 23:06:15.900 - RealTimeSTT: realtimestt - DEBUG - Attempting to initialize audio stream at 16000 Hz.
2026-08-26 23:06:15.900 - RealTimeSTT: realtimestt - DEBUG - Found 15 total audio devices on the system.
2026-08-26 23:06:15.900 - RealTimeSTT: realtimestt - DEBUG - Available input devices with input channels: [4, 8, 9, 12, 13, 14]
2026-08-26 23:06:15.900 - RealTimeSTT: realtimestt - DEBUG - Validating device index 14 with info: {'index': 14, 'structVersion': 2, 'name': 'default', 'hostApi': 0, 'maxInputChannels': 128, 'maxOutputChannels': 128, 'defaultLowInputLatency': 0.008707482993197279, 'defaultLowOutputLatency': 0.008707482993197279, 'defaultHighInputLatency': 0.034829931972789115, 'defaultHighOutputLatency': 0.034829931972789115, 'defaultSampleRate': 44100.0}
2026-08-26 23:06:15.984 - RealTimeSTT: realtimestt - INFO - recording started
2026-08-26 23:06:15.984 - RealTimeSTT: realtimestt - INFO - State changed from 'inactive' to 'recording'
2026-08-26 23:06:16.008 - RealTimeSTT: realtimestt - DEBUG - Device index 14 successfully validated.
2026-08-26 23:06:16.008 - RealTimeSTT: realtimestt - DEBUG - Opening stream with device index 14, sample_rate=16000, chunk_size=1024
2026-08-26 23:06:16.016 - RealTimeSTT: realtimestt - INFO - Microphone connected and validated (device index: 14, sample rate: 16000, chunk size: 1024)
2026-08-26 23:06:16.016 - RealTimeSTT: realtimestt - DEBUG - Audio recording initialized successfully at 16000 Hz, reading 1024 frames at a time
2026-08-26 23:06:17.113 - RealTimeSTT: realtimestt - DEBUG - _audio_data_worker writing audio data into queue.
2026-08-26 23:06:18.137 - RealTimeSTT: realtimestt - DEBUG - _audio_data_worker writing audio data into queue.
2026-08-26 23:06:19.161 - RealTimeSTT: realtimestt - DEBUG - _audio_data_worker writing audio data into queue.
2026-08-26 23:06:19.518 - RealTimeSTT: realtimestt - INFO - recording stopped
2026-08-26 23:06:19.521 - RealTimeSTT: realtimestt - INFO - Setting listen time
2026-08-26 23:06:19.521 - RealTimeSTT: realtimestt - DEBUG - No samples removed, final audio length: 55296
2026-08-26 23:06:19.521 - RealTimeSTT: realtimestt - INFO - State changed from 'recording' to 'inactive'
2026-08-26 23:06:19.521 - RealTimeSTT: realtimestt - INFO - State changed from 'inactive' to 'transcribing'
2026-08-26 23:06:19.521 - RealTimeSTT: realtimestt - DEBUG - Adding transcription request, no early transcription started
2026-08-26 23:06:19.542 - RealTimeSTT: realtimestt - DEBUG - Receive from parent_transcription_pipe after sendiung transcription request, transcribe_count: 1
2026-08-26 23:06:19.643 - RealTimeSTT: realtimestt - DEBUG - Receive from parent_transcription_pipe after sendiung transcription request, transcribe_count: 1
2026-08-26 23:06:19.744 - RealTimeSTT: realtimestt - DEBUG - Receive from parent_transcription_pipe after sendiung transcription request, transcribe_count: 1
2026-08-26 23:06:19.789 - RealTimeSTT: realtimestt - INFO - State changed from 'transcribing' to 'inactive'
2026-08-26 23:06:19.790 - RealTimeSTT: realtimestt - DEBUG - Model tiny completed transcription in 0.27 seconds
2026-08-26 23:06:20.185 - RealTimeSTT: realtimestt - DEBUG - _audio_data_worker writing audio data into queue.
2026-08-26 23:06:21.210 - RealTimeSTT: realtimestt - DEBUG - _audio_data_worker writing audio data into queue.
2026-08-26 23:06:22.233 - RealTimeSTT: realtimestt - DEBUG - _audio_data_worker writing audio data into queue.
2026-08-26 23:06:23.257 - RealTimeSTT: realtimestt - DEBUG - _audio_data_worker writing audio data into queue.
2026-08-26 23:06:24.281 - RealTimeSTT: realtimestt - DEBUG - _audio_data_worker writing audio data into queue.
2026-08-26 23:06:25.305 - RealTimeSTT: realtimestt - DEBUG - _audio_data_worker writing audio data into queue.
2026-08-26 23:06:26.329 - RealTimeSTT: realtimestt - DEBUG - _audio_data_worker writing audio data into queue.
2026-08-26 23:06:27.353 - RealTimeSTT: realtimestt - DEBUG - _audio_data_worker writing audio data into queue.
2026-08-26 23:06:28.377 - RealTimeSTT: realtimestt - DEBUG - _audio_data_worker writing audio data into queue.
2026-08-26 23:06:28.863 - RealTimeSTT: realtimestt - DEBUG - Finishing recording thread
2026-08-26 23:06:28.865 - RealTimeSTT: realtimestt - DEBUG - Terminating reader process
2026-08-26 23:06:28.895 - RealTimeSTT: realtimestt - DEBUG - Terminating transcription process
2026-08-26 23:06:28.902 - RealTimeSTT: realtimestt - DEBUG - Finishing realtime thread
2026-08-26 23:06:38.311 - RealTimeSTT: realtimestt - INFO - Starting RealTimeSTT
2026-08-26 23:06:38.312 - RealTimeSTT: realtimestt - INFO - Initializing audio recording (creating pyAudio input stream, sample rate: 16000 buffer size: 512
2026-08-26 23:06:38.312 - RealTimeSTT: realtimestt - INFO - Initializing WebRTC voice with Sensitivity 3
2026-08-26 23:06:38.312 - RealTimeSTT: realtimestt - DEBUG - WebRTC VAD voice activity detection engine initialized successfully
2026-08-26 23:06:38.314 - RealTimeSTT: realtimestt - DEBUG - Starting audio data worker with target_sample_rate=16000, buffer_size=512, input_device_index=None
2026-08-26 23:06:38.314 - RealTimeSTT: realtimestt - DEBUG - Creating PyAudio interface...
2026-08-26 23:06:38.357 - RealTimeSTT: realtimestt - DEBUG - Silero VAD voice activity detection engine initialized successfully with backend raw_onnx_ifless
2026-08-26 23:06:38.360 - RealTimeSTT: realtimestt - DEBUG - Starting realtime worker
2026-08-26 23:06:38.360 - RealTimeSTT: realtimestt - DEBUG - Waiting for main transcription model to start
2026-08-26 23:06:38.360 - RealTimeSTT: realtimestt - DEBUG - Realtime transcription disabled; realtime worker exits
2026-08-26 23:06:38.638 - RealTimeSTT: realtimestt - DEBUG - No device index supplied; using default device 14
2026-08-26 23:06:38.638 - RealTimeSTT: realtimestt - DEBUG - Retrieving highest sample rate for device index 14: {'index': 14, 'structVersion': 2, 'name': 'default', 'hostApi': 0, 'maxInputChannels': 128, 'maxOutputChannels': 128, 'defaultLowInputLatency': 0.008707482993197279, 'defaultLowOutputLatency': 0.008707482993197279, 'defaultHighInputLatency': 0.034829931972789115, 'defaultHighOutputLatency': 0.034829931972789115, 'defaultSampleRate': 44100.0}
2026-08-26 23:06:38.638 - RealTimeSTT: realtimestt - DEBUG - Highest supported sample rate for device index 14 is 44100
2026-08-26 23:06:38.638 - RealTimeSTT: realtimestt - DEBUG - Sample rates to try for device 14: [16000, 44100]
2026-08-26 23:06:38.638 - RealTimeSTT: realtimestt - DEBUG - Attempting to initialize audio stream at 16000 Hz.
2026-08-26 23:06:38.638 - RealTimeSTT: realtimestt - DEBUG - Found 15 total audio devices on the system.
2026-08-26 23:06:38.638 - RealTimeSTT: realtimestt - DEBUG - Available input devices with input channels: [4, 8, 9, 12, 13, 14]
2026-08-26 23:06:38.638 - RealTimeSTT: realtimestt - DEBUG - Validating device index 14 with info: {'index': 14, 'structVersion': 2, 'name': 'default', 'hostApi': 0, 'maxInputChannels': 128, 'maxOutputChannels': 128, 'defaultLowInputLatency': 0.008707482993197279, 'defaultLowOutputLatency': 0.008707482993197279, 'defaultHighInputLatency': 0.034829931972789115, 'defaultHighOutputLatency': 0.034829931972789115, 'defaultSampleRate': 44100.0}
2026-08-26 23:06:38.742 - RealTimeSTT: realtimestt - DEBUG - Device index 14 successfully validated.
2026-08-26 23:06:38.742 - RealTimeSTT: realtimestt - DEBUG - Opening stream with device index 14, sample_rate=16000, chunk_size=1024
2026-08-26 23:06:38.750 - RealTimeSTT: realtimestt - INFO - Microphone connected and validated (device index: 14, sample rate: 16000, chunk size: 1024)
2026-08-26 23:06:38.750 - RealTimeSTT: realtimestt - DEBUG - Audio recording initialized successfully at 16000 Hz, reading 1024 frames at a time
2026-08-26 23:06:39.193 - RealTimeSTT: realtimestt - DEBUG - Main transcription model ready
2026-08-26 23:06:39.194 - RealTimeSTT: realtimestt - DEBUG - RealtimeSTT initialization completed successfully
2026-08-26 23:06:39.850 - RealTimeSTT: realtimestt - DEBUG - _audio_data_worker writing audio data into queue.
2026-08-26 23:06:40.194 - RealTimeSTT: realtimestt - INFO - recording started
2026-08-26 23:06:40.194 - RealTimeSTT: realtimestt - INFO - State changed from 'inactive' to 'recording'
2026-08-26 23:06:40.874 - RealTimeSTT: realtimestt - DEBUG - _audio_data_worker writing audio data into queue.
2026-08-26 23:06:41.898 - RealTimeSTT: realtimestt - DEBUG - _audio_data_worker writing audio data into queue.
2026-08-26 23:06:42.922 - RealTimeSTT: realtimestt - DEBUG - _audio_data_worker writing audio data into queue.
2026-08-26 23:06:43.683 - RealTimeSTT: realtimestt - INFO - recording stopped
2026-08-26 23:06:43.684 - RealTimeSTT: realtimestt - INFO - Setting listen time
2026-08-26 23:06:43.684 - RealTimeSTT: realtimestt - DEBUG - No samples removed, final audio length: 54272
2026-08-26 23:06:43.684 - RealTimeSTT: realtimestt - INFO - State changed from 'recording' to 'inactive'
2026-08-26 23:06:43.684 - RealTimeSTT: realtimestt - INFO - State changed from 'inactive' to 'transcribing'
2026-08-26 23:06:43.684 - RealTimeSTT: realtimestt - DEBUG - Adding transcription request, no early transcription started
2026-08-26 23:06:43.685 - RealTimeSTT: realtimestt - DEBUG - Receive from parent_transcription_pipe after sendiung transcription request, transcribe_count: 1
2026-08-26 23:06:43.787 - RealTimeSTT: realtimestt - DEBUG - Receive from parent_transcription_pipe after sendiung transcription request, transcribe_count: 1
2026-08-26 23:06:43.887 - RealTimeSTT: realtimestt - DEBUG - Receive from parent_transcription_pipe after sendiung transcription request, transcribe_count: 1
2026-08-26 23:06:43.946 - RealTimeSTT: realtimestt - DEBUG - _audio_data_worker writing audio data into queue.
2026-08-26 23:06:43.988 - RealTimeSTT: realtimestt - DEBUG - Receive from parent_transcription_pipe after sendiung transcription request, transcribe_count: 1
2026-08-26 23:06:43.992 - RealTimeSTT: realtimestt - INFO - State changed from 'transcribing' to 'inactive'
2026-08-26 23:06:43.992 - RealTimeSTT: realtimestt - DEBUG - Model tiny completed transcription in 0.31 seconds
2026-08-26 23:06:44.552 - RealTimeSTT: realtimestt - DEBUG - Finishing recording thread
2026-08-26 23:06:44.554 - RealTimeSTT: realtimestt - DEBUG - Terminating reader process
2026-08-26 23:06:44.635 - RealTimeSTT: realtimestt - DEBUG - Terminating transcription process
2026-08-26 23:06:44.635 - RealTimeSTT: realtimestt - DEBUG - Finishing realtime thread
2026-08-27 12:21:36.405 - RealTimeSTT: realtimestt - INFO - Starting RealTimeSTT
2026-08-27 12:21:36.406 - RealTimeSTT: realtimestt - INFO - Initializing audio recording (creating pyAudio input stream, sample rate: 16000 buffer size: 512
2026-08-27 12:21:36.406 - RealTimeSTT: realtimestt - INFO - Initializing WebRTC voice with Sensitivity 3
2026-08-27 12:21:36.406 - RealTimeSTT: realtimestt - DEBUG - WebRTC VAD voice activity detection engine initialized successfully
2026-08-27 12:21:36.413 - RealTimeSTT: realtimestt - DEBUG - Starting audio data worker with target_sample_rate=16000, buffer_size=512, input_device_index=None
2026-08-27 12:21:36.413 - RealTimeSTT: realtimestt - DEBUG - Creating PyAudio interface...
2026-08-27 12:21:36.514 - RealTimeSTT: realtimestt - DEBUG - Silero VAD voice activity detection engine initialized successfully with backend raw_onnx_ifless
2026-08-27 12:21:36.519 - RealTimeSTT: realtimestt - DEBUG - Starting realtime worker
2026-08-27 12:21:36.520 - RealTimeSTT: realtimestt - DEBUG - Waiting for main transcription model to start
2026-08-27 12:21:36.520 - RealTimeSTT: realtimestt - DEBUG - Realtime transcription disabled; realtime worker exits
2026-08-27 12:21:37.488 - RealTimeSTT: realtimestt - DEBUG - Main transcription model ready
2026-08-27 12:21:37.488 - RealTimeSTT: realtimestt - DEBUG - RealtimeSTT initialization completed successfully
2026-08-27 12:21:38.569 - RealTimeSTT: realtimestt - DEBUG - No device index supplied; using default device 14
2026-08-27 12:21:38.570 - RealTimeSTT: realtimestt - DEBUG - Retrieving highest sample rate for device index 14: {'index': 14, 'structVersion': 2, 'name': 'default', 'hostApi': 0, 'maxInputChannels': 128, 'maxOutputChannels': 128, 'defaultLowInputLatency': 0.008707482993197279, 'defaultLowOutputLatency': 0.008707482993197279, 'defaultHighInputLatency': 0.034829931972789115, 'defaultHighOutputLatency': 0.034829931972789115, 'defaultSampleRate': 44100.0}
2026-08-27 12:21:38.570 - RealTimeSTT: realtimestt - DEBUG - Highest supported sample rate for device index 14 is 44100
2026-08-27 12:21:38.570 - RealTimeSTT: realtimestt - DEBUG - Sample rates to try for device 14: [16000, 44100]
2026-08-27 12:21:38.570 - RealTimeSTT: realtimestt - DEBUG - Attempting to initialize audio stream at 16000 Hz.
2026-08-27 12:21:38.570 - RealTimeSTT: realtimestt - DEBUG - Found 15 total audio devices on the system.
2026-08-27 12:21:38.570 - RealTimeSTT: realtimestt - DEBUG - Available input devices with input channels: [4, 8, 9, 12, 13, 14]
2026-08-27 12:21:38.570 - RealTimeSTT: realtimestt - DEBUG - Validating device index 14 with info: {'index': 14, 'structVersion': 2, 'name': 'default', 'hostApi': 0, 'maxInputChannels': 128, 'maxOutputChannels': 128, 'defaultLowInputLatency': 0.008707482993197279, 'defaultLowOutputLatency': 0.008707482993197279, 'defaultHighInputLatency': 0.034829931972789115, 'defaultHighOutputLatency': 0.034829931972789115, 'defaultSampleRate': 44100.0}
2026-08-27 12:21:38.674 - RealTimeSTT: realtimestt - DEBUG - Device index 14 successfully validated.
2026-08-27 12:21:38.674 - RealTimeSTT: realtimestt - DEBUG - Opening stream with device index 14, sample_rate=16000, chunk_size=1024
2026-08-27 12:21:38.682 - RealTimeSTT: realtimestt - INFO - Microphone connected and validated (device index: 14, sample rate: 16000, chunk size: 1024)
2026-08-27 12:21:38.682 - RealTimeSTT: realtimestt - DEBUG - Audio recording initialized successfully at 16000 Hz, reading 1024 frames at a time
2026-08-27 12:21:39.783 - RealTimeSTT: realtimestt - DEBUG - _audio_data_worker writing audio data into queue.
2026-08-27 12:21:40.535 - RealTimeSTT: realtimestt - INFO - recording started
2026-08-27 12:21:40.535 - RealTimeSTT: realtimestt - INFO - State changed from 'inactive' to 'recording'
2026-08-27 12:21:40.809 - RealTimeSTT: realtimestt - DEBUG - _audio_data_worker writing audio data into queue.
2026-08-27 12:21:41.834 - RealTimeSTT: realtimestt - DEBUG - _audio_data_worker writing audio data into queue.
2026-08-27 12:21:42.860 - RealTimeSTT: realtimestt - DEBUG - _audio_data_worker writing audio data into queue.
2026-08-27 12:21:43.885 - RealTimeSTT: realtimestt - DEBUG - _audio_data_worker writing audio data into queue.
2026-08-27 12:21:44.192 - RealTimeSTT: realtimestt - INFO - recording stopped
2026-08-27 12:21:44.194 - RealTimeSTT: realtimestt - INFO - Setting listen time
2026-08-27 12:21:44.195 - RealTimeSTT: realtimestt - DEBUG - No samples removed, final audio length: 59392
2026-08-27 12:21:44.195 - RealTimeSTT: realtimestt - INFO - State changed from 'recording' to 'inactive'
2026-08-27 12:21:44.195 - RealTimeSTT: realtimestt - INFO - State changed from 'inactive' to 'transcribing'
2026-08-27 12:21:44.195 - RealTimeSTT: realtimestt - DEBUG - Adding transcription request, no early transcription started
2026-08-27 12:21:44.196 - RealTimeSTT: realtimestt - DEBUG - Receive from parent_transcription_pipe after sendiung transcription request, transcribe_count: 1
2026-08-27 12:21:44.297 - RealTimeSTT: realtimestt - DEBUG - Receive from parent_transcription_pipe after sendiung transcription request, transcribe_count: 1
2026-08-27 12:21:44.398 - RealTimeSTT: realtimestt - DEBUG - Receive from parent_transcription_pipe after sendiung transcription request, transcribe_count: 1
2026-08-27 12:21:44.462 - RealTimeSTT: realtimestt - INFO - State changed from 'transcribing' to 'inactive'
2026-08-27 12:21:44.463 - RealTimeSTT: realtimestt - DEBUG - Model tiny completed transcription in 0.27 seconds
2026-08-27 12:21:44.910 - RealTimeSTT: realtimestt - DEBUG - _audio_data_worker writing audio data into queue.
2026-08-27 12:21:45.935 - RealTimeSTT: realtimestt - DEBUG - _audio_data_worker writing audio data into queue.
2026-08-27 12:21:46.959 - RealTimeSTT: realtimestt - DEBUG - _audio_data_worker writing audio data into queue.
2026-08-27 12:21:47.984 - RealTimeSTT: realtimestt - DEBUG - _audio_data_worker writing audio data into queue.
2026-08-27 12:21:49.009 - RealTimeSTT: realtimestt - DEBUG - _audio_data_worker writing audio data into queue.
2026-08-27 12:21:49.838 - RealTimeSTT: realtimestt - DEBUG - Finishing recording thread
2026-08-27 12:21:49.839 - RealTimeSTT: realtimestt - DEBUG - Terminating reader process
2026-08-27 12:21:49.868 - RealTimeSTT: realtimestt - DEBUG - Terminating transcription process
2026-08-27 12:21:49.877 - RealTimeSTT: realtimestt - DEBUG - Finishing realtime thread
2026-08-27 12:21:55.309 - RealTimeSTT: realtimestt - INFO - Starting RealTimeSTT
2026-08-27 12:21:55.310 - RealTimeSTT: realtimestt - INFO - Initializing audio recording (creating pyAudio input stream, sample rate: 16000 buffer size: 512
2026-08-27 12:21:55.310 - RealTimeSTT: realtimestt - INFO - Initializing WebRTC voice with Sensitivity 3
2026-08-27 12:21:55.310 - RealTimeSTT: realtimestt - DEBUG - WebRTC VAD voice activity detection engine initialized successfully
2026-08-27 12:21:55.313 - RealTimeSTT: realtimestt - DEBUG - Starting audio data worker with target_sample_rate=16000, buffer_size=512, input_device_index=None
2026-08-27 12:21:55.313 - RealTimeSTT: realtimestt - DEBUG - Creating PyAudio interface...
2026-08-27 12:21:55.368 - RealTimeSTT: realtimestt - DEBUG - Silero VAD voice activity detection engine initialized successfully with backend raw_onnx_ifless
2026-08-27 12:21:55.373 - RealTimeSTT: realtimestt - DEBUG - Starting realtime worker
2026-08-27 12:21:55.373 - RealTimeSTT: realtimestt - DEBUG - Realtime transcription disabled; realtime worker exits
2026-08-27 12:21:55.373 - RealTimeSTT: realtimestt - DEBUG - Waiting for main transcription model to start
2026-08-27 12:21:55.404 - RealTimeSTT: realtimestt - DEBUG - No device index supplied; using default device 14
2026-08-27 12:21:55.404 - RealTimeSTT: realtimestt - DEBUG - Retrieving highest sample rate for device index 14: {'index': 14, 'structVersion': 2, 'name': 'default', 'hostApi': 0, 'maxInputChannels': 128, 'maxOutputChannels': 128, 'defaultLowInputLatency': 0.008707482993197279, 'defaultLowOutputLatency': 0.008707482993197279, 'defaultHighInputLatency': 0.034829931972789115, 'defaultHighOutputLatency': 0.034829931972789115, 'defaultSampleRate': 44100.0}
2026-08-27 12:21:55.405 - RealTimeSTT: realtimestt - DEBUG - Highest supported sample rate for device index 14 is 44100
2026-08-27 12:21:55.405 - RealTimeSTT: realtimestt - DEBUG - Sample rates to try for device 14: [16000, 44100]
2026-08-27 12:21:55.405 - RealTimeSTT: realtimestt - DEBUG - Attempting to initialize audio stream at 16000 Hz.
2026-08-27 12:21:55.405 - RealTimeSTT: realtimestt - DEBUG - Found 15 total audio devices on the system.
2026-08-27 12:21:55.405 - RealTimeSTT: realtimestt - DEBUG - Available input devices with input channels: [4, 8, 9, 12, 13, 14]
2026-08-27 12:21:55.405 - RealTimeSTT: realtimestt - DEBUG - Validating device index 14 with info: {'index': 14, 'structVersion': 2, 'name': 'default', 'hostApi': 0, 'maxInputChannels': 128, 'maxOutputChannels': 128, 'defaultLowInputLatency': 0.008707482993197279, 'defaultLowOutputLatency': 0.008707482993197279, 'defaultHighInputLatency': 0.034829931972789115, 'defaultHighOutputLatency': 0.034829931972789115, 'defaultSampleRate': 44100.0}
2026-08-27 12:21:55.508 - RealTimeSTT: realtimestt - DEBUG - Device index 14 successfully validated.
2026-08-27 12:21:55.508 - RealTimeSTT: realtimestt - DEBUG - Opening stream with device index 14, sample_rate=16000, chunk_size=1024
2026-08-27 12:21:55.518 - RealTimeSTT: realtimestt - INFO - Microphone connected and validated (device index: 14, sample rate: 16000, chunk size: 1024)
2026-08-27 12:21:55.518 - RealTimeSTT: realtimestt - DEBUG - Audio recording initialized successfully at 16000 Hz, reading 1024 frames at a time
2026-08-27 12:21:56.190 - RealTimeSTT: realtimestt - DEBUG - Main transcription model ready
2026-08-27 12:21:56.191 - RealTimeSTT: realtimestt - DEBUG - RealtimeSTT initialization completed successfully
2026-08-27 12:21:56.617 - RealTimeSTT: realtimestt - DEBUG - _audio_data_worker writing audio data into queue.
2026-08-27 12:21:57.299 - RealTimeSTT: realtimestt - INFO - recording started
2026-08-27 12:21:57.299 - RealTimeSTT: realtimestt - INFO - State changed from 'inactive' to 'recording'
2026-08-27 12:21:57.641 - RealTimeSTT: realtimestt - DEBUG - _audio_data_worker writing audio data into queue.
2026-08-27 12:21:58.666 - RealTimeSTT: realtimestt - DEBUG - _audio_data_worker writing audio data into queue.
2026-08-27 12:21:59.690 - RealTimeSTT: realtimestt - DEBUG - _audio_data_worker writing audio data into queue.
2026-08-27 12:22:00.714 - RealTimeSTT: realtimestt - DEBUG - _audio_data_worker writing audio data into queue.
2026-08-27 12:22:01.739 - RealTimeSTT: realtimestt - DEBUG - _audio_data_worker writing audio data into queue.
2026-08-27 12:22:02.763 - RealTimeSTT: realtimestt - DEBUG - _audio_data_worker writing audio data into queue.
2026-08-27 12:22:03.787 - RealTimeSTT: realtimestt - DEBUG - _audio_data_worker writing audio data into queue.
2026-08-27 12:22:03.936 - RealTimeSTT: realtimestt - INFO - recording stopped
2026-08-27 12:22:03.938 - RealTimeSTT: realtimestt - INFO - Setting listen time
2026-08-27 12:22:03.938 - RealTimeSTT: realtimestt - DEBUG - No samples removed, final audio length: 106496
2026-08-27 12:22:03.938 - RealTimeSTT: realtimestt - INFO - State changed from 'recording' to 'inactive'
2026-08-27 12:22:03.938 - RealTimeSTT: realtimestt - INFO - State changed from 'inactive' to 'transcribing'
2026-08-27 12:22:03.938 - RealTimeSTT: realtimestt - DEBUG - Adding transcription request, no early transcription started
2026-08-27 12:22:03.951 - RealTimeSTT: realtimestt - DEBUG - Receive from parent_transcription_pipe after sendiung transcription request, transcribe_count: 1
2026-08-27 12:22:04.056 - RealTimeSTT: realtimestt - DEBUG - Receive from parent_transcription_pipe after sendiung transcription request, transcribe_count: 1
2026-08-27 12:22:04.157 - RealTimeSTT: realtimestt - DEBUG - Receive from parent_transcription_pipe after sendiung transcription request, transcribe_count: 1
2026-08-27 12:22:04.257 - RealTimeSTT: realtimestt - DEBUG - Receive from parent_transcription_pipe after sendiung transcription request, transcribe_count: 1
2026-08-27 12:22:04.353 - RealTimeSTT: realtimestt - INFO - State changed from 'transcribing' to 'inactive'
2026-08-27 12:22:04.354 - RealTimeSTT: realtimestt - DEBUG - Model tiny completed transcription in 0.42 seconds
2026-08-27 12:22:04.812 - RealTimeSTT: realtimestt - DEBUG - _audio_data_worker writing audio data into queue.
2026-08-27 12:22:05.836 - RealTimeSTT: realtimestt - DEBUG - _audio_data_worker writing audio data into queue.
2026-08-27 12:22:06.860 - RealTimeSTT: realtimestt - DEBUG - _audio_data_worker writing audio data into queue.
2026-08-27 12:22:07.884 - RealTimeSTT: realtimestt - DEBUG - _audio_data_worker writing audio data into queue.
2026-08-27 12:22:08.908 - RealTimeSTT: realtimestt - DEBUG - _audio_data_worker writing audio data into queue.
2026-08-27 12:22:09.933 - RealTimeSTT: realtimestt - DEBUG - _audio_data_worker writing audio data into queue.
2026-08-27 12:22:10.045 - RealTimeSTT: realtimestt - DEBUG - Finishing recording thread
2026-08-27 12:22:10.049 - RealTimeSTT: realtimestt - DEBUG - Terminating reader process
2026-08-27 12:22:10.057 - RealTimeSTT: realtimestt - DEBUG - Receive from stdout pipe
2026-08-27 12:22:10.057 - RealTimeSTT: realtimestt - INFO - None
2026-08-27 12:22:10.109 - RealTimeSTT: realtimestt - DEBUG - Terminating transcription process
2026-08-27 12:22:10.110 - RealTimeSTT: realtimestt - DEBUG - Finishing realtime thread
2026-08-27 12:22:17.822 - RealTimeSTT: realtimestt - INFO - Starting RealTimeSTT
2026-08-27 12:22:17.823 - RealTimeSTT: realtimestt - INFO - Initializing audio recording (creating pyAudio input stream, sample rate: 16000 buffer size: 512
2026-08-27 12:22:17.823 - RealTimeSTT: realtimestt - INFO - Initializing WebRTC voice with Sensitivity 3
2026-08-27 12:22:17.823 - RealTimeSTT: realtimestt - DEBUG - WebRTC VAD voice activity detection engine initialized successfully
2026-08-27 12:22:17.825 - RealTimeSTT: realtimestt - DEBUG - Starting audio data worker with target_sample_rate=16000, buffer_size=512, input_device_index=None
2026-08-27 12:22:17.825 - RealTimeSTT: realtimestt - DEBUG - Creating PyAudio interface...
2026-08-27 12:22:17.861 - RealTimeSTT: realtimestt - DEBUG - Silero VAD voice activity detection engine initialized successfully with backend raw_onnx_ifless
2026-08-27 12:22:17.863 - RealTimeSTT: realtimestt - DEBUG - Starting realtime worker
2026-08-27 12:22:17.863 - RealTimeSTT: realtimestt - DEBUG - Waiting for main transcription model to start
2026-08-27 12:22:17.863 - RealTimeSTT: realtimestt - DEBUG - Realtime transcription disabled; realtime worker exits
2026-08-27 12:22:18.151 - RealTimeSTT: realtimestt - DEBUG - No device index supplied; using default device 14
2026-08-27 12:22:18.151 - RealTimeSTT: realtimestt - DEBUG - Retrieving highest sample rate for device index 14: {'index': 14, 'structVersion': 2, 'name': 'default', 'hostApi': 0, 'maxInputChannels': 128, 'maxOutputChannels': 128, 'defaultLowInputLatency': 0.008707482993197279, 'defaultLowOutputLatency': 0.008707482993197279, 'defaultHighInputLatency': 0.034829931972789115, 'defaultHighOutputLatency': 0.034829931972789115, 'defaultSampleRate': 44100.0}
2026-08-27 12:22:18.151 - RealTimeSTT: realtimestt - DEBUG - Highest supported sample rate for device index 14 is 44100
2026-08-27 12:22:18.151 - RealTimeSTT: realtimestt - DEBUG - Sample rates to try for device 14: [16000, 44100]
2026-08-27 12:22:18.151 - RealTimeSTT: realtimestt - DEBUG - Attempting to initialize audio stream at 16000 Hz.
2026-08-27 12:22:18.151 - RealTimeSTT: realtimestt - DEBUG - Found 15 total audio devices on the system.
2026-08-27 12:22:18.151 - RealTimeSTT: realtimestt - DEBUG - Available input devices with input channels: [4, 8, 9, 12, 13, 14]
2026-08-27 12:22:18.151 - RealTimeSTT: realtimestt - DEBUG - Validating device index 14 with info: {'index': 14, 'structVersion': 2, 'name': 'default', 'hostApi': 0, 'maxInputChannels': 128, 'maxOutputChannels': 128, 'defaultLowInputLatency': 0.008707482993197279, 'defaultLowOutputLatency': 0.008707482993197279, 'defaultHighInputLatency': 0.034829931972789115, 'defaultHighOutputLatency': 0.034829931972789115, 'defaultSampleRate': 44100.0}
2026-08-27 12:22:18.255 - RealTimeSTT: realtimestt - DEBUG - Device index 14 successfully validated.
2026-08-27 12:22:18.255 - RealTimeSTT: realtimestt - DEBUG - Opening stream with device index 14, sample_rate=16000, chunk_size=1024
2026-08-27 12:22:18.262 - RealTimeSTT: realtimestt - INFO - Microphone connected and validated (device index: 14, sample rate: 16000, chunk size: 1024)
2026-08-27 12:22:18.262 - RealTimeSTT: realtimestt - DEBUG - Audio recording initialized successfully at 16000 Hz, reading 1024 frames at a time
2026-08-27 12:22:18.769 - RealTimeSTT: realtimestt - DEBUG - Main transcription model ready
2026-08-27 12:22:18.769 - RealTimeSTT: realtimestt - DEBUG - RealtimeSTT initialization completed successfully
2026-08-27 12:22:19.364 - RealTimeSTT: realtimestt - DEBUG - _audio_data_worker writing audio data into queue.
2026-08-27 12:22:19.392 - RealTimeSTT: realtimestt - INFO - recording started
2026-08-27 12:22:19.392 - RealTimeSTT: realtimestt - INFO - State changed from 'inactive' to 'recording'
2026-08-27 12:22:20.388 - RealTimeSTT: realtimestt - DEBUG - _audio_data_worker writing audio data into queue.
2026-08-27 12:22:21.412 - RealTimeSTT: realtimestt - DEBUG - _audio_data_worker writing audio data into queue.
2026-08-27 12:22:22.436 - RealTimeSTT: realtimestt - DEBUG - _audio_data_worker writing audio data into queue.
2026-08-27 12:22:22.815 - RealTimeSTT: realtimestt - INFO - recording stopped
2026-08-27 12:22:22.817 - RealTimeSTT: realtimestt - INFO - Setting listen time
2026-08-27 12:22:22.818 - RealTimeSTT: realtimestt - DEBUG - No samples removed, final audio length: 54272
2026-08-27 12:22:22.818 - RealTimeSTT: realtimestt - INFO - State changed from 'recording' to 'inactive'
2026-08-27 12:22:22.818 - RealTimeSTT: realtimestt - INFO - State changed from 'inactive' to 'transcribing'
2026-08-27 12:22:22.818 - RealTimeSTT: realtimestt - DEBUG - Adding transcription request, no early transcription started
2026-08-27 12:22:22.818 - RealTimeSTT: realtimestt - DEBUG - Receive from parent_transcription_pipe after sendiung transcription request, transcribe_count: 1
2026-08-27 12:22:22.920 - RealTimeSTT: realtimestt - DEBUG - Receive from parent_transcription_pipe after sendiung transcription request, transcribe_count: 1
2026-08-27 12:22:23.020 - RealTimeSTT: realtimestt - DEBUG - Receive from parent_transcription_pipe after sendiung transcription request, transcribe_count: 1
2026-08-27 12:22:23.080 - RealTimeSTT: realtimestt - INFO - State changed from 'transcribing' to 'inactive'
2026-08-27 12:22:23.081 - RealTimeSTT: realtimestt - DEBUG - Model tiny completed transcription in 0.26 seconds
2026-08-27 12:22:23.460 - RealTimeSTT: realtimestt - DEBUG - _audio_data_worker writing audio data into queue.
2026-08-27 12:22:23.681 - RealTimeSTT: realtimestt - DEBUG - Finishing recording thread
2026-08-27 12:22:23.682 - RealTimeSTT: realtimestt - DEBUG - Terminating reader process
2026-08-27 12:22:23.723 - RealTimeSTT: realtimestt - DEBUG - Terminating transcription process
2026-08-27 12:22:23.787 - RealTimeSTT: realtimestt - DEBUG - Finishing realtime thread
2026-08-27 12:22:27.974 - RealTimeSTT: realtimestt - INFO - Starting RealTimeSTT
2026-08-27 12:22:27.975 - RealTimeSTT: realtimestt - INFO - Initializing audio recording (creating pyAudio input stream, sample rate: 16000 buffer size: 512
2026-08-27 12:22:27.975 - RealTimeSTT: realtimestt - INFO - Initializing WebRTC voice with Sensitivity 3
2026-08-27 12:22:27.975 - RealTimeSTT: realtimestt - DEBUG - WebRTC VAD voice activity detection engine initialized successfully
2026-08-27 12:22:27.978 - RealTimeSTT: realtimestt - DEBUG - Starting audio data worker with target_sample_rate=16000, buffer_size=512, input_device_index=None
2026-08-27 12:22:27.978 - RealTimeSTT: realtimestt - DEBUG - Creating PyAudio interface...
2026-08-27 12:22:28.022 - RealTimeSTT: realtimestt - DEBUG - Silero VAD voice activity detection engine initialized successfully with backend raw_onnx_ifless
2026-08-27 12:22:28.026 - RealTimeSTT: realtimestt - DEBUG - Starting realtime worker
2026-08-27 12:22:28.027 - RealTimeSTT: realtimestt - DEBUG - Realtime transcription disabled; realtime worker exits
2026-08-27 12:22:28.027 - RealTimeSTT: realtimestt - DEBUG - Waiting for main transcription model to start
2026-08-27 12:22:28.039 - RealTimeSTT: realtimestt - DEBUG - No device index supplied; using default device 14
2026-08-27 12:22:28.039 - RealTimeSTT: realtimestt - DEBUG - Retrieving highest sample rate for device index 14: {'index': 14, 'structVersion': 2, 'name': 'default', 'hostApi': 0, 'maxInputChannels': 128, 'maxOutputChannels': 128, 'defaultLowInputLatency': 0.008707482993197279, 'defaultLowOutputLatency': 0.008707482993197279, 'defaultHighInputLatency': 0.034829931972789115, 'defaultHighOutputLatency': 0.034829931972789115, 'defaultSampleRate': 44100.0}
2026-08-27 12:22:28.041 - RealTimeSTT: realtimestt - DEBUG - Highest supported sample rate for device index 14 is 44100
2026-08-27 12:22:28.041 - RealTimeSTT: realtimestt - DEBUG - Sample rates to try for device 14: [16000, 44100]
2026-08-27 12:22:28.042 - RealTimeSTT: realtimestt - DEBUG - Attempting to initialize audio stream at 16000 Hz.
2026-08-27 12:22:28.042 - RealTimeSTT: realtimestt - DEBUG - Found 15 total audio devices on the system.
2026-08-27 12:22:28.042 - RealTimeSTT: realtimestt - DEBUG - Available input devices with input channels: [8, 9, 12, 13, 14]
2026-08-27 12:22:28.042 - RealTimeSTT: realtimestt - DEBUG - Validating device index 14 with info: {'index': 14, 'structVersion': 2, 'name': 'default', 'hostApi': 0, 'maxInputChannels': 128, 'maxOutputChannels': 128, 'defaultLowInputLatency': 0.008707482993197279, 'defaultLowOutputLatency': 0.008707482993197279, 'defaultHighInputLatency': 0.034829931972789115, 'defaultHighOutputLatency': 0.034829931972789115, 'defaultSampleRate': 44100.0}
2026-08-27 12:22:28.116 - RealTimeSTT: realtimestt - DEBUG - Device index 14 successfully validated.
2026-08-27 12:22:28.118 - RealTimeSTT: realtimestt - DEBUG - Opening stream with device index 14, sample_rate=16000, chunk_size=1024
2026-08-27 12:22:28.128 - RealTimeSTT: realtimestt - INFO - Microphone connected and validated (device index: 14, sample rate: 16000, chunk size: 1024)
2026-08-27 12:22:28.129 - RealTimeSTT: realtimestt - DEBUG - Audio recording initialized successfully at 16000 Hz, reading 1024 frames at a time
2026-08-27 12:22:29.098 - RealTimeSTT: realtimestt - DEBUG - Main transcription model ready
2026-08-27 12:22:29.099 - RealTimeSTT: realtimestt - DEBUG - RealtimeSTT initialization completed successfully
2026-08-27 12:22:29.221 - RealTimeSTT: realtimestt - DEBUG - _audio_data_worker writing audio data into queue.
2026-08-27 12:22:30.033 - RealTimeSTT: realtimestt - INFO - recording started
2026-08-27 12:22:30.033 - RealTimeSTT: realtimestt - INFO - State changed from 'inactive' to 'recording'
2026-08-27 12:22:30.245 - RealTimeSTT: realtimestt - DEBUG - _audio_data_worker writing audio data into queue.
2026-08-27 12:22:31.269 - RealTimeSTT: realtimestt - DEBUG - _audio_data_worker writing audio data into queue.
2026-08-27 12:22:32.293 - RealTimeSTT: realtimestt - DEBUG - _audio_data_worker writing audio data into queue.
2026-08-27 12:22:33.317 - RealTimeSTT: realtimestt - DEBUG - _audio_data_worker writing audio data into queue.
2026-08-27 12:22:33.879 - RealTimeSTT: realtimestt - INFO - recording stopped
2026-08-27 12:22:33.880 - RealTimeSTT: realtimestt - INFO - Setting listen time
2026-08-27 12:22:33.880 - RealTimeSTT: realtimestt - DEBUG - No samples removed, final audio length: 61440
2026-08-27 12:22:33.880 - RealTimeSTT: realtimestt - INFO - State changed from 'recording' to 'inactive'
2026-08-27 12:22:33.880 - RealTimeSTT: realtimestt - INFO - State changed from 'inactive' to 'transcribing'
2026-08-27 12:22:33.880 - RealTimeSTT: realtimestt - DEBUG - Adding transcription request, no early transcription started
2026-08-27 12:22:33.881 - RealTimeSTT: realtimestt - DEBUG - Receive from parent_transcription_pipe after sendiung transcription request, transcribe_count: 1
2026-08-27 12:22:33.982 - RealTimeSTT: realtimestt - DEBUG - Receive from parent_transcription_pipe after sendiung transcription request, transcribe_count: 1
2026-08-27 12:22:34.082 - RealTimeSTT: realtimestt - DEBUG - Receive from parent_transcription_pipe after sendiung transcription request, transcribe_count: 1
2026-08-27 12:22:34.183 - RealTimeSTT: realtimestt - DEBUG - Receive from parent_transcription_pipe after sendiung transcription request, transcribe_count: 1
2026-08-27 12:22:34.208 - RealTimeSTT: realtimestt - INFO - State changed from 'transcribing' to 'inactive'
2026-08-27 12:22:34.209 - RealTimeSTT: realtimestt - DEBUG - Model tiny completed transcription in 0.33 seconds
2026-08-27 12:22:34.341 - RealTimeSTT: realtimestt - DEBUG - _audio_data_worker writing audio data into queue.
2026-08-27 12:22:34.737 - RealTimeSTT: realtimestt - DEBUG - Finishing recording thread
2026-08-27 12:22:34.744 - RealTimeSTT: realtimestt - DEBUG - Terminating reader process
2026-08-27 12:22:34.775 - RealTimeSTT: realtimestt - DEBUG - Terminating transcription process
2026-08-27 12:22:34.809 - RealTimeSTT: realtimestt - DEBUG - Receive from stdout pipe
2026-08-27 12:22:34.809 - RealTimeSTT: realtimestt - INFO - None
2026-08-27 12:22:34.815 - RealTimeSTT: realtimestt - DEBUG - Finishing realtime thread
2026-08-27 12:22:47.793 - RealTimeSTT: realtimestt - INFO - Starting RealTimeSTT
2026-08-27 12:22:47.793 - RealTimeSTT: realtimestt - INFO - Initializing audio recording (creating pyAudio input stream, sample rate: 16000 buffer size: 512
2026-08-27 12:22:47.794 - RealTimeSTT: realtimestt - INFO - Initializing WebRTC voice with Sensitivity 3
2026-08-27 12:22:47.794 - RealTimeSTT: realtimestt - DEBUG - WebRTC VAD voice activity detection engine initialized successfully
2026-08-27 12:22:47.795 - RealTimeSTT: realtimestt - DEBUG - Starting audio data worker with target_sample_rate=16000, buffer_size=512, input_device_index=None
2026-08-27 12:22:47.795 - RealTimeSTT: realtimestt - DEBUG - Creating PyAudio interface...
2026-08-27 12:22:47.829 - RealTimeSTT: realtimestt - DEBUG - Silero VAD voice activity detection engine initialized successfully with backend raw_onnx_ifless
2026-08-27 12:22:47.834 - RealTimeSTT: realtimestt - DEBUG - Starting realtime worker
2026-08-27 12:22:47.835 - RealTimeSTT: realtimestt - DEBUG - Waiting for main transcription model to start
2026-08-27 12:22:47.835 - RealTimeSTT: realtimestt - DEBUG - Realtime transcription disabled; realtime worker exits
2026-08-27 12:22:48.123 - RealTimeSTT: realtimestt - DEBUG - No device index supplied; using default device 14
2026-08-27 12:22:48.123 - RealTimeSTT: realtimestt - DEBUG - Retrieving highest sample rate for device index 14: {'index': 14, 'structVersion': 2, 'name': 'default', 'hostApi': 0, 'maxInputChannels': 128, 'maxOutputChannels': 128, 'defaultLowInputLatency': 0.008707482993197279, 'defaultLowOutputLatency': 0.008707482993197279, 'defaultHighInputLatency': 0.034829931972789115, 'defaultHighOutputLatency': 0.034829931972789115, 'defaultSampleRate': 44100.0}
2026-08-27 12:22:48.123 - RealTimeSTT: realtimestt - DEBUG - Highest supported sample rate for device index 14 is 44100
2026-08-27 12:22:48.123 - RealTimeSTT: realtimestt - DEBUG - Sample rates to try for device 14: [16000, 44100]
2026-08-27 12:22:48.123 - RealTimeSTT: realtimestt - DEBUG - Attempting to initialize audio stream at 16000 Hz.
2026-08-27 12:22:48.123 - RealTimeSTT: realtimestt - DEBUG - Found 15 total audio devices on the system.
2026-08-27 12:22:48.124 - RealTimeSTT: realtimestt - DEBUG - Available input devices with input channels: [4, 8, 9, 12, 13, 14]
2026-08-27 12:22:48.124 - RealTimeSTT: realtimestt - DEBUG - Validating device index 14 with info: {'index': 14, 'structVersion': 2, 'name': 'default', 'hostApi': 0, 'maxInputChannels': 128, 'maxOutputChannels': 128, 'defaultLowInputLatency': 0.008707482993197279, 'defaultLowOutputLatency': 0.008707482993197279, 'defaultHighInputLatency': 0.034829931972789115, 'defaultHighOutputLatency': 0.034829931972789115, 'defaultSampleRate': 44100.0}
2026-08-27 12:22:48.227 - RealTimeSTT: realtimestt - DEBUG - Device index 14 successfully validated.
2026-08-27 12:22:48.227 - RealTimeSTT: realtimestt - DEBUG - Opening stream with device index 14, sample_rate=16000, chunk_size=1024
2026-08-27 12:22:48.235 - RealTimeSTT: realtimestt - INFO - Microphone connected and validated (device index: 14, sample rate: 16000, chunk size: 1024)
2026-08-27 12:22:48.235 - RealTimeSTT: realtimestt - DEBUG - Audio recording initialized successfully at 16000 Hz, reading 1024 frames at a time
2026-08-27 12:22:48.795 - RealTimeSTT: realtimestt - DEBUG - Main transcription model ready
2026-08-27 12:22:48.796 - RealTimeSTT: realtimestt - DEBUG - RealtimeSTT initialization completed successfully
2026-08-27 12:22:49.336 - RealTimeSTT: realtimestt - DEBUG - _audio_data_worker writing audio data into queue.
2026-08-27 12:22:50.360 - RealTimeSTT: realtimestt - DEBUG - _audio_data_worker writing audio data into queue.
2026-08-27 12:22:50.364 - RealTimeSTT: realtimestt - INFO - recording started
2026-08-27 12:22:50.364 - RealTimeSTT: realtimestt - INFO - State changed from 'inactive' to 'recording'
2026-08-27 12:22:51.384 - RealTimeSTT: realtimestt - DEBUG - _audio_data_worker writing audio data into queue.
2026-08-27 12:22:52.408 - RealTimeSTT: realtimestt - DEBUG - _audio_data_worker writing audio data into queue.
2026-08-27 12:22:52.616 - RealTimeSTT: realtimestt - INFO - recording stopped
2026-08-27 12:22:52.616 - RealTimeSTT: realtimestt - INFO - Setting listen time
2026-08-27 12:22:52.616 - RealTimeSTT: realtimestt - DEBUG - No samples removed, final audio length: 34816
2026-08-27 12:22:52.616 - RealTimeSTT: realtimestt - INFO - State changed from 'recording' to 'inactive'
2026-08-27 12:22:52.616 - RealTimeSTT: realtimestt - INFO - State changed from 'inactive' to 'transcribing'
2026-08-27 12:22:52.616 - RealTimeSTT: realtimestt - DEBUG - Adding transcription request, no early transcription started
2026-08-27 12:22:52.618 - RealTimeSTT: realtimestt - DEBUG - Receive from parent_transcription_pipe after sendiung transcription request, transcribe_count: 1
2026-08-27 12:22:52.719 - RealTimeSTT: realtimestt - DEBUG - Receive from parent_transcription_pipe after sendiung transcription request, transcribe_count: 1
2026-08-27 12:22:52.819 - RealTimeSTT: realtimestt - DEBUG - Receive from parent_transcription_pipe after sendiung transcription request, transcribe_count: 1
2026-08-27 12:22:52.920 - RealTimeSTT: realtimestt - DEBUG - Receive from parent_transcription_pipe after sendiung transcription request, transcribe_count: 1
2026-08-27 12:22:52.984 - RealTimeSTT: realtimestt - INFO - State changed from 'transcribing' to 'inactive'
2026-08-27 12:22:52.984 - RealTimeSTT: realtimestt - DEBUG - Model tiny completed transcription in 0.37 seconds
2026-08-27 12:22:53.432 - RealTimeSTT: realtimestt - DEBUG - _audio_data_worker writing audio data into queue.
2026-08-27 12:22:54.456 - RealTimeSTT: realtimestt - DEBUG - _audio_data_worker writing audio data into queue.
2026-08-27 12:22:54.792 - RealTimeSTT: realtimestt - DEBUG - Finishing recording thread
2026-08-27 12:22:54.794 - RealTimeSTT: realtimestt - DEBUG - Terminating reader process
2026-08-27 12:22:54.805 - RealTimeSTT: realtimestt - DEBUG - Terminating transcription process
2026-08-27 12:22:54.891 - RealTimeSTT: realtimestt - DEBUG - Finishing realtime thread
2026-08-27 13:40:43.092 - RealTimeSTT: realtimestt - INFO - Starting RealTimeSTT
2026-08-27 13:40:43.092 - RealTimeSTT: realtimestt - INFO - Initializing audio recording (creating pyAudio input stream, sample rate: 16000 buffer size: 512
2026-08-27 13:40:43.093 - RealTimeSTT: realtimestt - INFO - Initializing WebRTC voice with Sensitivity 3
2026-08-27 13:40:43.093 - RealTimeSTT: realtimestt - DEBUG - WebRTC VAD voice activity detection engine initialized successfully
2026-08-27 13:40:43.098 - RealTimeSTT: realtimestt - DEBUG - Starting audio data worker with target_sample_rate=16000, buffer_size=512, input_device_index=None
2026-08-27 13:40:43.098 - RealTimeSTT: realtimestt - DEBUG - Creating PyAudio interface...
2026-08-27 13:40:43.153 - RealTimeSTT: realtimestt - DEBUG - Silero VAD voice activity detection engine initialized successfully with backend raw_onnx_ifless
2026-08-27 13:40:43.157 - RealTimeSTT: realtimestt - DEBUG - Starting realtime worker
2026-08-27 13:40:43.157 - RealTimeSTT: realtimestt - DEBUG - Waiting for main transcription model to start
2026-08-27 13:40:43.157 - RealTimeSTT: realtimestt - DEBUG - Realtime transcription disabled; realtime worker exits
2026-08-27 13:40:44.193 - RealTimeSTT: realtimestt - DEBUG - Main transcription model ready
2026-08-27 13:40:44.193 - RealTimeSTT: realtimestt - DEBUG - RealtimeSTT initialization completed successfully
2026-08-27 13:40:45.081 - RealTimeSTT: realtimestt - DEBUG - No device index supplied; using default device 14
2026-08-27 13:40:45.081 - RealTimeSTT: realtimestt - DEBUG - Retrieving highest sample rate for device index 14: {'index': 14, 'structVersion': 2, 'name': 'default', 'hostApi': 0, 'maxInputChannels': 128, 'maxOutputChannels': 128, 'defaultLowInputLatency': 0.008707482993197279, 'defaultLowOutputLatency': 0.008707482993197279, 'defaultHighInputLatency': 0.034829931972789115, 'defaultHighOutputLatency': 0.034829931972789115, 'defaultSampleRate': 44100.0}
2026-08-27 13:40:45.081 - RealTimeSTT: realtimestt - DEBUG - Highest supported sample rate for device index 14 is 44100
2026-08-27 13:40:45.081 - RealTimeSTT: realtimestt - DEBUG - Sample rates to try for device 14: [16000, 44100]
2026-08-27 13:40:45.081 - RealTimeSTT: realtimestt - DEBUG - Attempting to initialize audio stream at 16000 Hz.
2026-08-27 13:40:45.081 - RealTimeSTT: realtimestt - DEBUG - Found 15 total audio devices on the system.
2026-08-27 13:40:45.081 - RealTimeSTT: realtimestt - DEBUG - Available input devices with input channels: [4, 8, 9, 12, 13, 14]
2026-08-27 13:40:45.081 - RealTimeSTT: realtimestt - DEBUG - Validating device index 14 with info: {'index': 14, 'structVersion': 2, 'name': 'default', 'hostApi': 0, 'maxInputChannels': 128, 'maxOutputChannels': 128, 'defaultLowInputLatency': 0.008707482993197279, 'defaultLowOutputLatency': 0.008707482993197279, 'defaultHighInputLatency': 0.034829931972789115, 'defaultHighOutputLatency': 0.034829931972789115, 'defaultSampleRate': 44100.0}
2026-08-27 13:40:45.182 - RealTimeSTT: realtimestt - DEBUG - Device index 14 successfully validated.
2026-08-27 13:40:45.182 - RealTimeSTT: realtimestt - DEBUG - Opening stream with device index 14, sample_rate=16000, chunk_size=1024
2026-08-27 13:40:45.190 - RealTimeSTT: realtimestt - INFO - Microphone connected and validated (device index: 14, sample rate: 16000, chunk size: 1024)
2026-08-27 13:40:45.190 - RealTimeSTT: realtimestt - DEBUG - Audio recording initialized successfully at 16000 Hz, reading 1024 frames at a time
2026-08-27 13:40:46.289 - RealTimeSTT: realtimestt - DEBUG - _audio_data_worker writing audio data into queue.
2026-08-27 13:40:47.313 - RealTimeSTT: realtimestt - DEBUG - _audio_data_worker writing audio data into queue.
2026-08-27 13:40:48.337 - RealTimeSTT: realtimestt - DEBUG - _audio_data_worker writing audio data into queue.
2026-08-27 13:40:49.361 - RealTimeSTT: realtimestt - DEBUG - _audio_data_worker writing audio data into queue.
2026-08-27 13:40:50.385 - RealTimeSTT: realtimestt - DEBUG - _audio_data_worker writing audio data into queue.
2026-08-27 13:40:51.409 - RealTimeSTT: realtimestt - DEBUG - _audio_data_worker writing audio data into queue.
2026-08-27 13:40:52.433 - RealTimeSTT: realtimestt - DEBUG - _audio_data_worker writing audio data into queue.
2026-08-27 13:40:53.457 - RealTimeSTT: realtimestt - DEBUG - _audio_data_worker writing audio data into queue.
2026-08-27 13:40:54.481 - RealTimeSTT: realtimestt - DEBUG - _audio_data_worker writing audio data into queue.
2026-08-27 13:40:55.464 - RealTimeSTT: realtimestt - INFO - recording started
2026-08-27 13:40:55.464 - RealTimeSTT: realtimestt - INFO - State changed from 'inactive' to 'recording'
2026-08-27 13:40:55.505 - RealTimeSTT: realtimestt - DEBUG - _audio_data_worker writing audio data into queue.
2026-08-27 13:40:56.529 - RealTimeSTT: realtimestt - DEBUG - _audio_data_worker writing audio data into queue.
2026-08-27 13:40:57.553 - RealTimeSTT: realtimestt - DEBUG - _audio_data_worker writing audio data into queue.
2026-08-27 13:40:58.577 - RealTimeSTT: realtimestt - DEBUG - _audio_data_worker writing audio data into queue.
2026-08-27 13:40:59.155 - RealTimeSTT: realtimestt - INFO - recording stopped
2026-08-27 13:40:59.157 - RealTimeSTT: realtimestt - INFO - Setting listen time
2026-08-27 13:40:59.157 - RealTimeSTT: realtimestt - DEBUG - No samples removed, final audio length: 59392
2026-08-27 13:40:59.157 - RealTimeSTT: realtimestt - INFO - State changed from 'recording' to 'inactive'
2026-08-27 13:40:59.157 - RealTimeSTT: realtimestt - INFO - State changed from 'inactive' to 'transcribing'
2026-08-27 13:40:59.157 - RealTimeSTT: realtimestt - DEBUG - Adding transcription request, no early transcription started
2026-08-27 13:40:59.164 - RealTimeSTT: realtimestt - DEBUG - Receive from parent_transcription_pipe after sendiung transcription request, transcribe_count: 1
2026-08-27 13:40:59.266 - RealTimeSTT: realtimestt - DEBUG - Receive from parent_transcription_pipe after sendiung transcription request, transcribe_count: 1
2026-08-27 13:40:59.367 - RealTimeSTT: realtimestt - DEBUG - Receive from parent_transcription_pipe after sendiung transcription request, transcribe_count: 1
2026-08-27 13:40:59.449 - RealTimeSTT: realtimestt - INFO - State changed from 'transcribing' to 'inactive'
2026-08-27 13:40:59.450 - RealTimeSTT: realtimestt - DEBUG - Model tiny completed transcription in 0.29 seconds
2026-08-27 13:40:59.600 - RealTimeSTT: realtimestt - DEBUG - _audio_data_worker writing audio data into queue.
2026-08-27 13:41:00.624 - RealTimeSTT: realtimestt - DEBUG - _audio_data_worker writing audio data into queue.
2026-08-27 13:41:01.648 - RealTimeSTT: realtimestt - DEBUG - _audio_data_worker writing audio data into queue.
2026-08-27 13:41:02.672 - RealTimeSTT: realtimestt - DEBUG - _audio_data_worker writing audio data into queue.
2026-08-27 13:41:03.687 - RealTimeSTT: realtimestt - DEBUG - Finishing recording thread
2026-08-27 13:41:03.693 - RealTimeSTT: realtimestt - DEBUG - Terminating reader process
2026-08-27 13:41:03.696 - RealTimeSTT: realtimestt - DEBUG - _audio_data_worker writing audio data into queue.
2026-08-27 13:41:03.702 - RealTimeSTT: realtimestt - DEBUG - Terminating transcription process
2026-08-27 13:41:03.761 - RealTimeSTT: realtimestt - DEBUG - Finishing realtime thread
2026-08-27 13:46:05.689 - RealTimeSTT: realtimestt - INFO - Starting RealTimeSTT
2026-08-27 13:46:05.690 - RealTimeSTT: realtimestt - INFO - Initializing audio recording (creating pyAudio input stream, sample rate: 16000 buffer size: 512
2026-08-27 13:46:05.690 - RealTimeSTT: realtimestt - INFO - Initializing WebRTC voice with Sensitivity 3
2026-08-27 13:46:05.690 - RealTimeSTT: realtimestt - DEBUG - WebRTC VAD voice activity detection engine initialized successfully
2026-08-27 13:46:05.695 - RealTimeSTT: realtimestt - DEBUG - Starting audio data worker with target_sample_rate=16000, buffer_size=512, input_device_index=None
2026-08-27 13:46:05.695 - RealTimeSTT: realtimestt - DEBUG - Creating PyAudio interface...
2026-08-27 13:46:05.770 - RealTimeSTT: realtimestt - DEBUG - Silero VAD voice activity detection engine initialized successfully with backend raw_onnx_ifless
2026-08-27 13:46:05.773 - RealTimeSTT: realtimestt - DEBUG - Starting realtime worker
2026-08-27 13:46:05.773 - RealTimeSTT: realtimestt - DEBUG - Waiting for main transcription model to start
2026-08-27 13:46:05.775 - RealTimeSTT: realtimestt - DEBUG - Realtime transcription disabled; realtime worker exits
2026-08-27 13:46:05.911 - RealTimeSTT: realtimestt - DEBUG - No device index supplied; using default device 14
2026-08-27 13:46:05.911 - RealTimeSTT: realtimestt - DEBUG - Retrieving highest sample rate for device index 14: {'index': 14, 'structVersion': 2, 'name': 'default', 'hostApi': 0, 'maxInputChannels': 128, 'maxOutputChannels': 128, 'defaultLowInputLatency': 0.008707482993197279, 'defaultLowOutputLatency': 0.008707482993197279, 'defaultHighInputLatency': 0.034829931972789115, 'defaultHighOutputLatency': 0.034829931972789115, 'defaultSampleRate': 44100.0}
2026-08-27 13:46:05.911 - RealTimeSTT: realtimestt - DEBUG - Highest supported sample rate for device index 14 is 44100
2026-08-27 13:46:05.911 - RealTimeSTT: realtimestt - DEBUG - Sample rates to try for device 14: [16000, 44100]
2026-08-27 13:46:05.911 - RealTimeSTT: realtimestt - DEBUG - Attempting to initialize audio stream at 16000 Hz.
2026-08-27 13:46:05.911 - RealTimeSTT: realtimestt - DEBUG - Found 15 total audio devices on the system.
2026-08-27 13:46:05.911 - RealTimeSTT: realtimestt - DEBUG - Available input devices with input channels: [4, 8, 9, 12, 13, 14]
2026-08-27 13:46:05.912 - RealTimeSTT: realtimestt - DEBUG - Validating device index 14 with info: {'index': 14, 'structVersion': 2, 'name': 'default', 'hostApi': 0, 'maxInputChannels': 128, 'maxOutputChannels': 128, 'defaultLowInputLatency': 0.008707482993197279, 'defaultLowOutputLatency': 0.008707482993197279, 'defaultHighInputLatency': 0.034829931972789115, 'defaultHighOutputLatency': 0.034829931972789115, 'defaultSampleRate': 44100.0}
2026-08-27 13:46:06.014 - RealTimeSTT: realtimestt - DEBUG - Device index 14 successfully validated.
2026-08-27 13:46:06.014 - RealTimeSTT: realtimestt - DEBUG - Opening stream with device index 14, sample_rate=16000, chunk_size=1024
2026-08-27 13:46:06.022 - RealTimeSTT: realtimestt - INFO - Microphone connected and validated (device index: 14, sample rate: 16000, chunk size: 1024)
2026-08-27 13:46:06.022 - RealTimeSTT: realtimestt - DEBUG - Audio recording initialized successfully at 16000 Hz, reading 1024 frames at a time
2026-08-27 13:46:06.848 - RealTimeSTT: realtimestt - DEBUG - Main transcription model ready
2026-08-27 13:46:06.849 - RealTimeSTT: realtimestt - DEBUG - RealtimeSTT initialization completed successfully
2026-08-27 13:46:07.122 - RealTimeSTT: realtimestt - DEBUG - _audio_data_worker writing audio data into queue.
2026-08-27 13:46:07.621 - RealTimeSTT: realtimestt - INFO - recording started
2026-08-27 13:46:07.621 - RealTimeSTT: realtimestt - INFO - State changed from 'inactive' to 'recording'
2026-08-27 13:46:08.146 - RealTimeSTT: realtimestt - DEBUG - _audio_data_worker writing audio data into queue.
2026-08-27 13:46:09.170 - RealTimeSTT: realtimestt - DEBUG - _audio_data_worker writing audio data into queue.
2026-08-27 13:46:10.194 - RealTimeSTT: realtimestt - DEBUG - _audio_data_worker writing audio data into queue.
2026-08-27 13:46:11.218 - RealTimeSTT: realtimestt - DEBUG - _audio_data_worker writing audio data into queue.
2026-08-27 13:46:12.091 - RealTimeSTT: realtimestt - INFO - recording stopped
2026-08-27 13:46:12.093 - RealTimeSTT: realtimestt - INFO - Setting listen time
2026-08-27 13:46:12.093 - RealTimeSTT: realtimestt - DEBUG - No samples removed, final audio length: 72704
2026-08-27 13:46:12.093 - RealTimeSTT: realtimestt - INFO - State changed from 'recording' to 'inactive'
2026-08-27 13:46:12.093 - RealTimeSTT: realtimestt - INFO - State changed from 'inactive' to 'transcribing'
2026-08-27 13:46:12.093 - RealTimeSTT: realtimestt - DEBUG - Adding transcription request, no early transcription started
2026-08-27 13:46:12.112 - RealTimeSTT: realtimestt - DEBUG - Receive from parent_transcription_pipe after sendiung transcription request, transcribe_count: 1
2026-08-27 13:46:12.213 - RealTimeSTT: realtimestt - DEBUG - Receive from parent_transcription_pipe after sendiung transcription request, transcribe_count: 1
2026-08-27 13:46:12.242 - RealTimeSTT: realtimestt - DEBUG - _audio_data_worker writing audio data into queue.
2026-08-27 13:46:12.315 - RealTimeSTT: realtimestt - DEBUG - Receive from parent_transcription_pipe after sendiung transcription request, transcribe_count: 1
2026-08-27 13:46:12.415 - RealTimeSTT: realtimestt - DEBUG - Receive from parent_transcription_pipe after sendiung transcription request, transcribe_count: 1
2026-08-27 13:46:12.483 - RealTimeSTT: realtimestt - INFO - State changed from 'transcribing' to 'inactive'
2026-08-27 13:46:12.484 - RealTimeSTT: realtimestt - DEBUG - Model tiny completed transcription in 0.39 seconds
2026-08-27 13:46:13.265 - RealTimeSTT: realtimestt - DEBUG - _audio_data_worker writing audio data into queue.
2026-08-27 13:46:14.290 - RealTimeSTT: realtimestt - DEBUG - _audio_data_worker writing audio data into queue.
2026-08-27 13:46:15.314 - RealTimeSTT: realtimestt - DEBUG - _audio_data_worker writing audio data into queue.
2026-08-27 13:46:16.338 - RealTimeSTT: realtimestt - DEBUG - _audio_data_worker writing audio data into queue.
2026-08-27 13:46:17.043 - RealTimeSTT: realtimestt - DEBUG - Finishing recording thread
2026-08-27 13:46:17.051 - RealTimeSTT: realtimestt - DEBUG - Terminating reader process
2026-08-27 13:46:17.112 - RealTimeSTT: realtimestt - DEBUG - Terminating transcription process
2026-08-27 13:46:17.112 - RealTimeSTT: realtimestt - DEBUG - Finishing realtime thread
2026-08-27 13:46:49.013 - RealTimeSTT: realtimestt - INFO - Starting RealTimeSTT
2026-08-27 13:46:49.014 - RealTimeSTT: realtimestt - INFO - Initializing audio recording (creating pyAudio input stream, sample rate: 16000 buffer size: 512
2026-08-27 13:46:49.014 - RealTimeSTT: realtimestt - INFO - Initializing WebRTC voice with Sensitivity 3
2026-08-27 13:46:49.014 - RealTimeSTT: realtimestt - DEBUG - WebRTC VAD voice activity detection engine initialized successfully
2026-08-27 13:46:49.017 - RealTimeSTT: realtimestt - DEBUG - Starting audio data worker with target_sample_rate=16000, buffer_size=512, input_device_index=None
2026-08-27 13:46:49.017 - RealTimeSTT: realtimestt - DEBUG - Creating PyAudio interface...
2026-08-27 13:46:49.066 - RealTimeSTT: realtimestt - DEBUG - Silero VAD voice activity detection engine initialized successfully with backend raw_onnx_ifless
2026-08-27 13:46:49.069 - RealTimeSTT: realtimestt - DEBUG - Starting realtime worker
2026-08-27 13:46:49.070 - RealTimeSTT: realtimestt - DEBUG - Realtime transcription disabled; realtime worker exits
2026-08-27 13:46:49.070 - RealTimeSTT: realtimestt - DEBUG - Waiting for main transcription model to start
2026-08-27 13:46:49.201 - RealTimeSTT: realtimestt - DEBUG - No device index supplied; using default device 14
2026-08-27 13:46:49.211 - RealTimeSTT: realtimestt - DEBUG - Retrieving highest sample rate for device index 14: {'index': 14, 'structVersion': 2, 'name': 'default', 'hostApi': 0, 'maxInputChannels': 128, 'maxOutputChannels': 128, 'defaultLowInputLatency': 0.008707482993197279, 'defaultLowOutputLatency': 0.008707482993197279, 'defaultHighInputLatency': 0.034829931972789115, 'defaultHighOutputLatency': 0.034829931972789115, 'defaultSampleRate': 44100.0}
2026-08-27 13:46:49.211 - RealTimeSTT: realtimestt - DEBUG - Highest supported sample rate for device index 14 is 44100
2026-08-27 13:46:49.211 - RealTimeSTT: realtimestt - DEBUG - Sample rates to try for device 14: [16000, 44100]
2026-08-27 13:46:49.211 - RealTimeSTT: realtimestt - DEBUG - Attempting to initialize audio stream at 16000 Hz.
2026-08-27 13:46:49.211 - RealTimeSTT: realtimestt - DEBUG - Found 15 total audio devices on the system.
2026-08-27 13:46:49.211 - RealTimeSTT: realtimestt - DEBUG - Available input devices with input channels: [4, 8, 9, 12, 13, 14]
2026-08-27 13:46:49.211 - RealTimeSTT: realtimestt - DEBUG - Validating device index 14 with info: {'index': 14, 'structVersion': 2, 'name': 'default', 'hostApi': 0, 'maxInputChannels': 128, 'maxOutputChannels': 128, 'defaultLowInputLatency': 0.008707482993197279, 'defaultLowOutputLatency': 0.008707482993197279, 'defaultHighInputLatency': 0.034829931972789115, 'defaultHighOutputLatency': 0.034829931972789115, 'defaultSampleRate': 44100.0}
2026-08-27 13:46:49.316 - RealTimeSTT: realtimestt - DEBUG - Device index 14 successfully validated.
2026-08-27 13:46:49.316 - RealTimeSTT: realtimestt - DEBUG - Opening stream with device index 14, sample_rate=16000, chunk_size=1024
2026-08-27 13:46:49.324 - RealTimeSTT: realtimestt - INFO - Microphone connected and validated (device index: 14, sample rate: 16000, chunk size: 1024)
2026-08-27 13:46:49.324 - RealTimeSTT: realtimestt - DEBUG - Audio recording initialized successfully at 16000 Hz, reading 1024 frames at a time
2026-08-27 13:46:50.423 - RealTimeSTT: realtimestt - DEBUG - _audio_data_worker writing audio data into queue.
2026-08-27 13:46:50.787 - RealTimeSTT: realtimestt - DEBUG - Main transcription model ready
2026-08-27 13:46:50.787 - RealTimeSTT: realtimestt - DEBUG - RealtimeSTT initialization completed successfully
2026-08-27 13:46:51.447 - RealTimeSTT: realtimestt - DEBUG - _audio_data_worker writing audio data into queue.
2026-08-27 13:46:52.471 - RealTimeSTT: realtimestt - DEBUG - _audio_data_worker writing audio data into queue.
2026-08-27 13:46:53.495 - RealTimeSTT: realtimestt - DEBUG - _audio_data_worker writing audio data into queue.
2026-08-27 13:46:54.519 - RealTimeSTT: realtimestt - DEBUG - _audio_data_worker writing audio data into queue.
2026-08-27 13:46:55.543 - RealTimeSTT: realtimestt - DEBUG - _audio_data_worker writing audio data into queue.
2026-08-27 13:46:56.567 - RealTimeSTT: realtimestt - DEBUG - _audio_data_worker writing audio data into queue.
2026-08-27 13:46:57.591 - RealTimeSTT: realtimestt - DEBUG - _audio_data_worker writing audio data into queue.
2026-08-27 13:46:58.615 - RealTimeSTT: realtimestt - DEBUG - _audio_data_worker writing audio data into queue.
2026-08-27 13:46:59.639 - RealTimeSTT: realtimestt - DEBUG - _audio_data_worker writing audio data into queue.
2026-08-27 13:47:00.663 - RealTimeSTT: realtimestt - DEBUG - _audio_data_worker writing audio data into queue.
2026-08-27 13:47:01.687 - RealTimeSTT: realtimestt - DEBUG - _audio_data_worker writing audio data into queue.
2026-08-27 13:47:02.692 - RealTimeSTT: realtimestt - INFO - recording started
2026-08-27 13:47:02.692 - RealTimeSTT: realtimestt - INFO - State changed from 'inactive' to 'recording'
2026-08-27 13:47:02.711 - RealTimeSTT: realtimestt - DEBUG - _audio_data_worker writing audio data into queue.
2026-08-27 13:47:03.735 - RealTimeSTT: realtimestt - DEBUG - _audio_data_worker writing audio data into queue.
2026-08-27 13:47:04.759 - RealTimeSTT: realtimestt - DEBUG - _audio_data_worker writing audio data into queue.
2026-08-27 13:47:05.783 - RealTimeSTT: realtimestt - DEBUG - _audio_data_worker writing audio data into queue.
2026-08-27 13:47:06.807 - RealTimeSTT: realtimestt - DEBUG - _audio_data_worker writing audio data into queue.
2026-08-27 13:47:07.831 - RealTimeSTT: realtimestt - DEBUG - _audio_data_worker writing audio data into queue.
2026-08-27 13:47:08.855 - RealTimeSTT: realtimestt - DEBUG - _audio_data_worker writing audio data into queue.
2026-08-27 13:47:09.178 - RealTimeSTT: realtimestt - INFO - recording stopped
2026-08-27 13:47:09.180 - RealTimeSTT: realtimestt - INFO - Setting listen time
2026-08-27 13:47:09.180 - RealTimeSTT: realtimestt - DEBUG - No samples removed, final audio length: 104448
2026-08-27 13:47:09.180 - RealTimeSTT: realtimestt - INFO - State changed from 'recording' to 'inactive'
2026-08-27 13:47:09.180 - RealTimeSTT: realtimestt - INFO - State changed from 'inactive' to 'transcribing'
2026-08-27 13:47:09.180 - RealTimeSTT: realtimestt - DEBUG - Adding transcription request, no early transcription started
2026-08-27 13:47:09.184 - RealTimeSTT: realtimestt - DEBUG - Receive from parent_transcription_pipe after sendiung transcription request, transcribe_count: 1
2026-08-27 13:47:09.285 - RealTimeSTT: realtimestt - DEBUG - Receive from parent_transcription_pipe after sendiung transcription request, transcribe_count: 1
2026-08-27 13:47:09.385 - RealTimeSTT: realtimestt - DEBUG - Receive from parent_transcription_pipe after sendiung transcription request, transcribe_count: 1
2026-08-27 13:47:09.486 - RealTimeSTT: realtimestt - DEBUG - Receive from parent_transcription_pipe after sendiung transcription request, transcribe_count: 1
2026-08-27 13:47:09.535 - RealTimeSTT: realtimestt - INFO - State changed from 'transcribing' to 'inactive'
2026-08-27 13:47:09.536 - RealTimeSTT: realtimestt - DEBUG - Model tiny completed transcription in 0.36 seconds
2026-08-27 13:47:09.879 - RealTimeSTT: realtimestt - DEBUG - _audio_data_worker writing audio data into queue.
2026-08-27 13:47:10.079 - RealTimeSTT: realtimestt - DEBUG - Finishing recording thread
2026-08-27 13:47:10.080 - RealTimeSTT: realtimestt - DEBUG - Terminating reader process
2026-08-27 13:47:10.135 - RealTimeSTT: realtimestt - DEBUG - Receive from stdout pipe
2026-08-27 13:47:10.136 - RealTimeSTT: realtimestt - INFO - None
2026-08-27 13:47:10.149 - RealTimeSTT: realtimestt - DEBUG - Terminating transcription process
2026-08-27 13:47:10.150 - RealTimeSTT: realtimestt - DEBUG - Finishing realtime thread
2026-08-27 13:49:09.381 - RealTimeSTT: realtimestt - INFO - Starting RealTimeSTT
2026-08-27 13:49:09.381 - RealTimeSTT: realtimestt - INFO - Initializing audio recording (creating pyAudio input stream, sample rate: 16000 buffer size: 512
2026-08-27 13:49:09.382 - RealTimeSTT: realtimestt - INFO - Initializing WebRTC voice with Sensitivity 3
2026-08-27 13:49:09.382 - RealTimeSTT: realtimestt - DEBUG - WebRTC VAD voice activity detection engine initialized successfully
2026-08-27 13:49:09.383 - RealTimeSTT: realtimestt - DEBUG - Starting audio data worker with target_sample_rate=16000, buffer_size=512, input_device_index=None
2026-08-27 13:49:09.383 - RealTimeSTT: realtimestt - DEBUG - Creating PyAudio interface...
2026-08-27 13:49:09.427 - RealTimeSTT: realtimestt - DEBUG - Silero VAD voice activity detection engine initialized successfully with backend raw_onnx_ifless
2026-08-27 13:49:09.429 - RealTimeSTT: realtimestt - DEBUG - Starting realtime worker
2026-08-27 13:49:09.430 - RealTimeSTT: realtimestt - DEBUG - Waiting for main transcription model to start
2026-08-27 13:49:09.430 - RealTimeSTT: realtimestt - DEBUG - Realtime transcription disabled; realtime worker exits
2026-08-27 13:49:09.554 - RealTimeSTT: realtimestt - DEBUG - No device index supplied; using default device 14
2026-08-27 13:49:09.554 - RealTimeSTT: realtimestt - DEBUG - Retrieving highest sample rate for device index 14: {'index': 14, 'structVersion': 2, 'name': 'default', 'hostApi': 0, 'maxInputChannels': 128, 'maxOutputChannels': 128, 'defaultLowInputLatency': 0.008707482993197279, 'defaultLowOutputLatency': 0.008707482993197279, 'defaultHighInputLatency': 0.034829931972789115, 'defaultHighOutputLatency': 0.034829931972789115, 'defaultSampleRate': 44100.0}
2026-08-27 13:49:09.554 - RealTimeSTT: realtimestt - DEBUG - Highest supported sample rate for device index 14 is 44100
2026-08-27 13:49:09.554 - RealTimeSTT: realtimestt - DEBUG - Sample rates to try for device 14: [16000, 44100]
2026-08-27 13:49:09.554 - RealTimeSTT: realtimestt - DEBUG - Attempting to initialize audio stream at 16000 Hz.
2026-08-27 13:49:09.554 - RealTimeSTT: realtimestt - DEBUG - Found 15 total audio devices on the system.
2026-08-27 13:49:09.554 - RealTimeSTT: realtimestt - DEBUG - Available input devices with input channels: [4, 8, 9, 12, 13, 14]
2026-08-27 13:49:09.554 - RealTimeSTT: realtimestt - DEBUG - Validating device index 14 with info: {'index': 14, 'structVersion': 2, 'name': 'default', 'hostApi': 0, 'maxInputChannels': 128, 'maxOutputChannels': 128, 'defaultLowInputLatency': 0.008707482993197279, 'defaultLowOutputLatency': 0.008707482993197279, 'defaultHighInputLatency': 0.034829931972789115, 'defaultHighOutputLatency': 0.034829931972789115, 'defaultSampleRate': 44100.0}
2026-08-27 13:49:09.657 - RealTimeSTT: realtimestt - DEBUG - Device index 14 successfully validated.
2026-08-27 13:49:09.657 - RealTimeSTT: realtimestt - DEBUG - Opening stream with device index 14, sample_rate=16000, chunk_size=1024
2026-08-27 13:49:09.669 - RealTimeSTT: realtimestt - INFO - Microphone connected and validated (device index: 14, sample rate: 16000, chunk size: 1024)
2026-08-27 13:49:09.669 - RealTimeSTT: realtimestt - DEBUG - Audio recording initialized successfully at 16000 Hz, reading 1024 frames at a time
2026-08-27 13:49:10.510 - RealTimeSTT: realtimestt - DEBUG - Main transcription model ready
2026-08-27 13:49:10.511 - RealTimeSTT: realtimestt - DEBUG - RealtimeSTT initialization completed successfully
2026-08-27 13:49:10.764 - RealTimeSTT: realtimestt - DEBUG - _audio_data_worker writing audio data into queue.
2026-08-27 13:49:11.788 - RealTimeSTT: realtimestt - DEBUG - _audio_data_worker writing audio data into queue.
2026-08-27 13:49:12.812 - RealTimeSTT: realtimestt - DEBUG - _audio_data_worker writing audio data into queue.
2026-08-27 13:49:13.836 - RealTimeSTT: realtimestt - DEBUG - _audio_data_worker writing audio data into queue.
2026-08-27 13:49:14.860 - RealTimeSTT: realtimestt - DEBUG - _audio_data_worker writing audio data into queue.
2026-08-27 13:49:15.884 - RealTimeSTT: realtimestt - DEBUG - _audio_data_worker writing audio data into queue.
2026-08-27 13:49:16.908 - RealTimeSTT: realtimestt - DEBUG - _audio_data_worker writing audio data into queue.
2026-08-27 13:49:17.932 - RealTimeSTT: realtimestt - DEBUG - _audio_data_worker writing audio data into queue.
2026-08-27 13:49:18.956 - RealTimeSTT: realtimestt - DEBUG - _audio_data_worker writing audio data into queue.
2026-08-27 13:49:19.980 - RealTimeSTT: realtimestt - DEBUG - _audio_data_worker writing audio data into queue.
2026-08-27 13:49:21.004 - RealTimeSTT: realtimestt - DEBUG - _audio_data_worker writing audio data into queue.
2026-08-27 13:49:22.028 - RealTimeSTT: realtimestt - DEBUG - _audio_data_worker writing audio data into queue.
2026-08-27 13:49:22.264 - RealTimeSTT: realtimestt - INFO - recording started
2026-08-27 13:49:22.265 - RealTimeSTT: realtimestt - INFO - State changed from 'inactive' to 'recording'
2026-08-27 13:49:23.052 - RealTimeSTT: realtimestt - DEBUG - _audio_data_worker writing audio data into queue.
2026-08-27 13:49:24.076 - RealTimeSTT: realtimestt - DEBUG - _audio_data_worker writing audio data into queue.
2026-08-27 13:49:25.100 - RealTimeSTT: realtimestt - DEBUG - _audio_data_worker writing audio data into queue.
2026-08-27 13:49:26.124 - RealTimeSTT: realtimestt - DEBUG - _audio_data_worker writing audio data into queue.
2026-08-27 13:49:27.148 - RealTimeSTT: realtimestt - DEBUG - _audio_data_worker writing audio data into queue.
2026-08-27 13:49:28.172 - RealTimeSTT: realtimestt - DEBUG - _audio_data_worker writing audio data into queue.
2026-08-27 13:49:29.196 - RealTimeSTT: realtimestt - DEBUG - _audio_data_worker writing audio data into queue.
2026-08-27 13:49:30.220 - RealTimeSTT: realtimestt - DEBUG - _audio_data_worker writing audio data into queue.
2026-08-27 13:49:31.244 - RealTimeSTT: realtimestt - DEBUG - _audio_data_worker writing audio data into queue.
2026-08-27 13:49:32.268 - RealTimeSTT: realtimestt - DEBUG - _audio_data_worker writing audio data into queue.
2026-08-27 13:49:33.292 - RealTimeSTT: realtimestt - DEBUG - _audio_data_worker writing audio data into queue.
2026-08-27 13:49:34.316 - RealTimeSTT: realtimestt - DEBUG - _audio_data_worker writing audio data into queue.
2026-08-27 13:49:35.340 - RealTimeSTT: realtimestt - DEBUG - _audio_data_worker writing audio data into queue.
2026-08-27 13:49:36.364 - RealTimeSTT: realtimestt - DEBUG - _audio_data_worker writing audio data into queue.
2026-08-27 13:49:37.388 - RealTimeSTT: realtimestt - DEBUG - _audio_data_worker writing audio data into queue.
2026-08-27 13:49:37.845 - RealTimeSTT: realtimestt - INFO - recording stopped
2026-08-27 13:49:37.853 - RealTimeSTT: realtimestt - INFO - Setting listen time
2026-08-27 13:49:37.854 - RealTimeSTT: realtimestt - DEBUG - No samples removed, final audio length: 249856
2026-08-27 13:49:37.854 - RealTimeSTT: realtimestt - INFO - State changed from 'recording' to 'inactive'
2026-08-27 13:49:37.854 - RealTimeSTT: realtimestt - INFO - State changed from 'inactive' to 'transcribing'
2026-08-27 13:49:37.854 - RealTimeSTT: realtimestt - DEBUG - Adding transcription request, no early transcription started
2026-08-27 13:49:37.863 - RealTimeSTT: realtimestt - DEBUG - Receive from parent_transcription_pipe after sendiung transcription request, transcribe_count: 1
2026-08-27 13:49:37.964 - RealTimeSTT: realtimestt - DEBUG - Receive from parent_transcription_pipe after sendiung transcription request, transcribe_count: 1
2026-08-27 13:49:38.065 - RealTimeSTT: realtimestt - DEBUG - Receive from parent_transcription_pipe after sendiung transcription request, transcribe_count: 1
2026-08-27 13:49:38.165 - RealTimeSTT: realtimestt - DEBUG - Receive from parent_transcription_pipe after sendiung transcription request, transcribe_count: 1
2026-08-27 13:49:38.255 - RealTimeSTT: realtimestt - INFO - State changed from 'transcribing' to 'inactive'
2026-08-27 13:49:38.257 - RealTimeSTT: realtimestt - DEBUG - Model tiny completed transcription in 0.40 seconds
2026-08-27 13:49:38.412 - RealTimeSTT: realtimestt - DEBUG - _audio_data_worker writing audio data into queue.
2026-08-27 13:49:39.436 - RealTimeSTT: realtimestt - DEBUG - _audio_data_worker writing audio data into queue.
2026-08-27 13:49:39.448 - RealTimeSTT: realtimestt - DEBUG - Finishing recording thread
2026-08-27 13:49:39.457 - RealTimeSTT: realtimestt - DEBUG - Receive from stdout pipe
2026-08-27 13:49:39.457 - RealTimeSTT: realtimestt - DEBUG - Terminating reader process
2026-08-27 13:49:39.457 - RealTimeSTT: realtimestt - INFO - None
2026-08-27 13:49:39.529 - RealTimeSTT: realtimestt - DEBUG - Terminating transcription process
2026-08-27 13:49:39.529 - RealTimeSTT: realtimestt - DEBUG - Finishing realtime thread
2026-08-27 13:50:03.038 - RealTimeSTT: realtimestt - INFO - Starting RealTimeSTT
2026-08-27 13:50:03.039 - RealTimeSTT: realtimestt - INFO - Initializing audio recording (creating pyAudio input stream, sample rate: 16000 buffer size: 512
2026-08-27 13:50:03.039 - RealTimeSTT: realtimestt - INFO - Initializing WebRTC voice with Sensitivity 3
2026-08-27 13:50:03.039 - RealTimeSTT: realtimestt - DEBUG - WebRTC VAD voice activity detection engine initialized successfully
2026-08-27 13:50:03.041 - RealTimeSTT: realtimestt - DEBUG - Starting audio data worker with target_sample_rate=16000, buffer_size=512, input_device_index=None
2026-08-27 13:50:03.041 - RealTimeSTT: realtimestt - DEBUG - Creating PyAudio interface...
2026-08-27 13:50:03.077 - RealTimeSTT: realtimestt - DEBUG - Silero VAD voice activity detection engine initialized successfully with backend raw_onnx_ifless
2026-08-27 13:50:03.080 - RealTimeSTT: realtimestt - DEBUG - Starting realtime worker
2026-08-27 13:50:03.080 - RealTimeSTT: realtimestt - DEBUG - Realtime transcription disabled; realtime worker exits
2026-08-27 13:50:03.080 - RealTimeSTT: realtimestt - DEBUG - Waiting for main transcription model to start
2026-08-27 13:50:03.213 - RealTimeSTT: realtimestt - DEBUG - No device index supplied; using default device 14
2026-08-27 13:50:03.213 - RealTimeSTT: realtimestt - DEBUG - Retrieving highest sample rate for device index 14: {'index': 14, 'structVersion': 2, 'name': 'default', 'hostApi': 0, 'maxInputChannels': 128, 'maxOutputChannels': 128, 'defaultLowInputLatency': 0.008707482993197279, 'defaultLowOutputLatency': 0.008707482993197279, 'defaultHighInputLatency': 0.034829931972789115, 'defaultHighOutputLatency': 0.034829931972789115, 'defaultSampleRate': 44100.0}
2026-08-27 13:50:03.213 - RealTimeSTT: realtimestt - DEBUG - Highest supported sample rate for device index 14 is 44100
2026-08-27 13:50:03.213 - RealTimeSTT: realtimestt - DEBUG - Sample rates to try for device 14: [16000, 44100]
2026-08-27 13:50:03.213 - RealTimeSTT: realtimestt - DEBUG - Attempting to initialize audio stream at 16000 Hz.
2026-08-27 13:50:03.213 - RealTimeSTT: realtimestt - DEBUG - Found 15 total audio devices on the system.
2026-08-27 13:50:03.213 - RealTimeSTT: realtimestt - DEBUG - Available input devices with input channels: [4, 8, 9, 12, 13, 14]
2026-08-27 13:50:03.213 - RealTimeSTT: realtimestt - DEBUG - Validating device index 14 with info: {'index': 14, 'structVersion': 2, 'name': 'default', 'hostApi': 0, 'maxInputChannels': 128, 'maxOutputChannels': 128, 'defaultLowInputLatency': 0.008707482993197279, 'defaultLowOutputLatency': 0.008707482993197279, 'defaultHighInputLatency': 0.034829931972789115, 'defaultHighOutputLatency': 0.034829931972789115, 'defaultSampleRate': 44100.0}
2026-08-27 13:50:03.317 - RealTimeSTT: realtimestt - DEBUG - Device index 14 successfully validated.
2026-08-27 13:50:03.317 - RealTimeSTT: realtimestt - DEBUG - Opening stream with device index 14, sample_rate=16000, chunk_size=1024
2026-08-27 13:50:03.324 - RealTimeSTT: realtimestt - INFO - Microphone connected and validated (device index: 14, sample rate: 16000, chunk size: 1024)
2026-08-27 13:50:03.324 - RealTimeSTT: realtimestt - DEBUG - Audio recording initialized successfully at 16000 Hz, reading 1024 frames at a time
2026-08-27 13:50:04.133 - RealTimeSTT: realtimestt - DEBUG - Main transcription model ready
2026-08-27 13:50:04.133 - RealTimeSTT: realtimestt - DEBUG - RealtimeSTT initialization completed successfully
2026-08-27 13:50:04.425 - RealTimeSTT: realtimestt - DEBUG - _audio_data_worker writing audio data into queue.
2026-08-27 13:50:05.312 - RealTimeSTT: realtimestt - INFO - recording started
2026-08-27 13:50:05.312 - RealTimeSTT: realtimestt - INFO - State changed from 'inactive' to 'recording'
2026-08-27 13:50:05.449 - RealTimeSTT: realtimestt - DEBUG - _audio_data_worker writing audio data into queue.
2026-08-27 13:50:06.473 - RealTimeSTT: realtimestt - DEBUG - _audio_data_worker writing audio data into queue.
2026-08-27 13:50:07.497 - RealTimeSTT: realtimestt - DEBUG - _audio_data_worker writing audio data into queue.
2026-08-27 13:50:08.521 - RealTimeSTT: realtimestt - DEBUG - _audio_data_worker writing audio data into queue.
2026-08-27 13:50:09.545 - RealTimeSTT: realtimestt - DEBUG - _audio_data_worker writing audio data into queue.
2026-08-27 13:50:10.569 - RealTimeSTT: realtimestt - DEBUG - _audio_data_worker writing audio data into queue.
2026-08-27 13:50:11.593 - RealTimeSTT: realtimestt - DEBUG - _audio_data_worker writing audio data into queue.
2026-08-27 13:50:12.617 - RealTimeSTT: realtimestt - DEBUG - _audio_data_worker writing audio data into queue.
2026-08-27 13:50:12.888 - RealTimeSTT: realtimestt - INFO - recording stopped
2026-08-27 13:50:12.891 - RealTimeSTT: realtimestt - INFO - Setting listen time
2026-08-27 13:50:12.891 - RealTimeSTT: realtimestt - DEBUG - No samples removed, final audio length: 121856
2026-08-27 13:50:12.891 - RealTimeSTT: realtimestt - INFO - State changed from 'recording' to 'inactive'
2026-08-27 13:50:12.891 - RealTimeSTT: realtimestt - INFO - State changed from 'inactive' to 'transcribing'
2026-08-27 13:50:12.891 - RealTimeSTT: realtimestt - DEBUG - Adding transcription request, no early transcription started
2026-08-27 13:50:12.893 - RealTimeSTT: realtimestt - DEBUG - Receive from parent_transcription_pipe after sendiung transcription request, transcribe_count: 1
2026-08-27 13:50:12.994 - RealTimeSTT: realtimestt - DEBUG - Receive from parent_transcription_pipe after sendiung transcription request, transcribe_count: 1
2026-08-27 13:50:13.094 - RealTimeSTT: realtimestt - DEBUG - Receive from parent_transcription_pipe after sendiung transcription request, transcribe_count: 1
2026-08-27 13:50:13.195 - RealTimeSTT: realtimestt - DEBUG - Receive from parent_transcription_pipe after sendiung transcription request, transcribe_count: 1
2026-08-27 13:50:13.295 - RealTimeSTT: realtimestt - DEBUG - Receive from parent_transcription_pipe after sendiung transcription request, transcribe_count: 1
2026-08-27 13:50:13.327 - RealTimeSTT: realtimestt - INFO - State changed from 'transcribing' to 'inactive'
2026-08-27 13:50:13.328 - RealTimeSTT: realtimestt - DEBUG - Model tiny completed transcription in 0.44 seconds
2026-08-27 13:50:13.641 - RealTimeSTT: realtimestt - DEBUG - _audio_data_worker writing audio data into queue.
2026-08-27 13:50:14.093 - RealTimeSTT: realtimestt - DEBUG - Finishing recording thread
2026-08-27 13:50:14.098 - RealTimeSTT: realtimestt - DEBUG - Terminating reader process
2026-08-27 13:50:14.161 - RealTimeSTT: realtimestt - DEBUG - Terminating transcription process
2026-08-27 13:50:14.161 - RealTimeSTT: realtimestt - DEBUG - Finishing realtime thread
2026-08-27 13:50:28.902 - RealTimeSTT: realtimestt - INFO - Starting RealTimeSTT
2026-08-27 13:50:28.903 - RealTimeSTT: realtimestt - INFO - Initializing audio recording (creating pyAudio input stream, sample rate: 16000 buffer size: 512
2026-08-27 13:50:28.904 - RealTimeSTT: realtimestt - INFO - Initializing WebRTC voice with Sensitivity 3
2026-08-27 13:50:28.904 - RealTimeSTT: realtimestt - DEBUG - WebRTC VAD voice activity detection engine initialized successfully
2026-08-27 13:50:28.907 - RealTimeSTT: realtimestt - DEBUG - Starting audio data worker with target_sample_rate=16000, buffer_size=512, input_device_index=None
2026-08-27 13:50:28.907 - RealTimeSTT: realtimestt - DEBUG - Creating PyAudio interface...
2026-08-27 13:50:28.940 - RealTimeSTT: realtimestt - DEBUG - Silero VAD voice activity detection engine initialized successfully with backend raw_onnx_ifless
2026-08-27 13:50:28.942 - RealTimeSTT: realtimestt - DEBUG - Starting realtime worker
2026-08-27 13:50:28.943 - RealTimeSTT: realtimestt - DEBUG - Waiting for main transcription model to start
2026-08-27 13:50:28.943 - RealTimeSTT: realtimestt - DEBUG - Realtime transcription disabled; realtime worker exits
2026-08-27 13:50:29.067 - RealTimeSTT: realtimestt - DEBUG - No device index supplied; using default device 14
2026-08-27 13:50:29.067 - RealTimeSTT: realtimestt - DEBUG - Retrieving highest sample rate for device index 14: {'index': 14, 'structVersion': 2, 'name': 'default', 'hostApi': 0, 'maxInputChannels': 128, 'maxOutputChannels': 128, 'defaultLowInputLatency': 0.008707482993197279, 'defaultLowOutputLatency': 0.008707482993197279, 'defaultHighInputLatency': 0.034829931972789115, 'defaultHighOutputLatency': 0.034829931972789115, 'defaultSampleRate': 44100.0}
2026-08-27 13:50:29.067 - RealTimeSTT: realtimestt - DEBUG - Highest supported sample rate for device index 14 is 44100
2026-08-27 13:50:29.068 - RealTimeSTT: realtimestt - DEBUG - Sample rates to try for device 14: [16000, 44100]
2026-08-27 13:50:29.068 - RealTimeSTT: realtimestt - DEBUG - Attempting to initialize audio stream at 16000 Hz.
2026-08-27 13:50:29.068 - RealTimeSTT: realtimestt - DEBUG - Found 15 total audio devices on the system.
2026-08-27 13:50:29.068 - RealTimeSTT: realtimestt - DEBUG - Available input devices with input channels: [4, 8, 9, 12, 13, 14]
2026-08-27 13:50:29.068 - RealTimeSTT: realtimestt - DEBUG - Validating device index 14 with info: {'index': 14, 'structVersion': 2, 'name': 'default', 'hostApi': 0, 'maxInputChannels': 128, 'maxOutputChannels': 128, 'defaultLowInputLatency': 0.008707482993197279, 'defaultLowOutputLatency': 0.008707482993197279, 'defaultHighInputLatency': 0.034829931972789115, 'defaultHighOutputLatency': 0.034829931972789115, 'defaultSampleRate': 44100.0}
2026-08-27 13:50:29.173 - RealTimeSTT: realtimestt - DEBUG - Device index 14 successfully validated.
2026-08-27 13:50:29.173 - RealTimeSTT: realtimestt - DEBUG - Opening stream with device index 14, sample_rate=16000, chunk_size=1024
2026-08-27 13:50:29.182 - RealTimeSTT: realtimestt - INFO - Microphone connected and validated (device index: 14, sample rate: 16000, chunk size: 1024)
2026-08-27 13:50:29.183 - RealTimeSTT: realtimestt - DEBUG - Audio recording initialized successfully at 16000 Hz, reading 1024 frames at a time
2026-08-27 13:50:29.898 - RealTimeSTT: realtimestt - DEBUG - Main transcription model ready
2026-08-27 13:50:29.898 - RealTimeSTT: realtimestt - DEBUG - RealtimeSTT initialization completed successfully
2026-08-27 13:50:30.280 - RealTimeSTT: realtimestt - DEBUG - _audio_data_worker writing audio data into queue.
2026-08-27 13:50:30.923 - RealTimeSTT: realtimestt - INFO - recording started
2026-08-27 13:50:30.923 - RealTimeSTT: realtimestt - INFO - State changed from 'inactive' to 'recording'
2026-08-27 13:50:31.304 - RealTimeSTT: realtimestt - DEBUG - _audio_data_worker writing audio data into queue.
2026-08-27 13:50:32.328 - RealTimeSTT: realtimestt - DEBUG - _audio_data_worker writing audio data into queue.
2026-08-27 13:50:33.352 - RealTimeSTT: realtimestt - DEBUG - _audio_data_worker writing audio data into queue.
2026-08-27 13:50:34.376 - RealTimeSTT: realtimestt - DEBUG - _audio_data_worker writing audio data into queue.
2026-08-27 13:50:35.400 - RealTimeSTT: realtimestt - DEBUG - _audio_data_worker writing audio data into queue.
2026-08-27 13:50:36.424 - RealTimeSTT: realtimestt - DEBUG - _audio_data_worker writing audio data into queue.
2026-08-27 13:50:37.448 - RealTimeSTT: realtimestt - DEBUG - _audio_data_worker writing audio data into queue.
2026-08-27 13:50:38.472 - RealTimeSTT: realtimestt - DEBUG - _audio_data_worker writing audio data into queue.
2026-08-27 13:50:38.724 - RealTimeSTT: realtimestt - INFO - recording stopped
2026-08-27 13:50:38.728 - RealTimeSTT: realtimestt - INFO - Setting listen time
2026-08-27 13:50:38.728 - RealTimeSTT: realtimestt - DEBUG - No samples removed, final audio length: 123904
2026-08-27 13:50:38.728 - RealTimeSTT: realtimestt - INFO - State changed from 'recording' to 'inactive'
2026-08-27 13:50:38.728 - RealTimeSTT: realtimestt - INFO - State changed from 'inactive' to 'transcribing'
2026-08-27 13:50:38.728 - RealTimeSTT: realtimestt - DEBUG - Adding transcription request, no early transcription started
2026-08-27 13:50:38.732 - RealTimeSTT: realtimestt - DEBUG - Receive from parent_transcription_pipe after sendiung transcription request, transcribe_count: 1
2026-08-27 13:50:38.833 - RealTimeSTT: realtimestt - DEBUG - Receive from parent_transcription_pipe after sendiung transcription request, transcribe_count: 1
2026-08-27 13:50:38.933 - RealTimeSTT: realtimestt - DEBUG - Receive from parent_transcription_pipe after sendiung transcription request, transcribe_count: 1
2026-08-27 13:50:39.034 - RealTimeSTT: realtimestt - DEBUG - Receive from parent_transcription_pipe after sendiung transcription request, transcribe_count: 1
2026-08-27 13:50:39.088 - RealTimeSTT: realtimestt - INFO - State changed from 'transcribing' to 'inactive'
2026-08-27 13:50:39.089 - RealTimeSTT: realtimestt - DEBUG - Model tiny completed transcription in 0.36 seconds
2026-08-27 13:50:39.496 - RealTimeSTT: realtimestt - DEBUG - _audio_data_worker writing audio data into queue.
2026-08-27 13:50:40.520 - RealTimeSTT: realtimestt - DEBUG - _audio_data_worker writing audio data into queue.
2026-08-27 13:50:41.544 - RealTimeSTT: realtimestt - DEBUG - _audio_data_worker writing audio data into queue.
2026-08-27 13:50:42.458 - RealTimeSTT: realtimestt - DEBUG - Finishing recording thread
2026-08-27 13:50:42.460 - RealTimeSTT: realtimestt - DEBUG - Terminating reader process
2026-08-27 13:50:42.494 - RealTimeSTT: realtimestt - DEBUG - Terminating transcription process
2026-08-27 13:50:42.501 - RealTimeSTT: realtimestt - DEBUG - Finishing realtime thread
2026-08-27 13:57:09.822 - RealTimeSTT: realtimestt - INFO - Starting RealTimeSTT
2026-08-27 13:57:09.822 - RealTimeSTT: realtimestt - INFO - Initializing audio recording (creating pyAudio input stream, sample rate: 16000 buffer size: 512
2026-08-27 13:57:09.823 - RealTimeSTT: realtimestt - INFO - Initializing WebRTC voice with Sensitivity 3
2026-08-27 13:57:09.823 - RealTimeSTT: realtimestt - DEBUG - WebRTC VAD voice activity detection engine initialized successfully
2026-08-27 13:57:09.832 - RealTimeSTT: realtimestt - DEBUG - Starting audio data worker with target_sample_rate=16000, buffer_size=512, input_device_index=None
2026-08-27 13:57:09.832 - RealTimeSTT: realtimestt - DEBUG - Creating PyAudio interface...
2026-08-27 13:57:09.877 - RealTimeSTT: realtimestt - DEBUG - Silero VAD voice activity detection engine initialized successfully with backend raw_onnx_ifless
2026-08-27 13:57:09.880 - RealTimeSTT: realtimestt - DEBUG - Starting realtime worker
2026-08-27 13:57:09.880 - RealTimeSTT: realtimestt - DEBUG - Waiting for main transcription model to start
2026-08-27 13:57:09.880 - RealTimeSTT: realtimestt - DEBUG - Realtime transcription disabled; realtime worker exits
2026-08-27 13:57:10.899 - RealTimeSTT: realtimestt - DEBUG - Main transcription model ready
2026-08-27 13:57:10.899 - RealTimeSTT: realtimestt - DEBUG - RealtimeSTT initialization completed successfully
2026-08-27 13:57:11.814 - RealTimeSTT: realtimestt - INFO - recording started
2026-08-27 13:57:11.814 - RealTimeSTT: realtimestt - INFO - State changed from 'inactive' to 'recording'
2026-08-27 13:57:11.825 - RealTimeSTT: realtimestt - DEBUG - No device index supplied; using default device 14
2026-08-27 13:57:11.825 - RealTimeSTT: realtimestt - DEBUG - Retrieving highest sample rate for device index 14: {'index': 14, 'structVersion': 2, 'name': 'default', 'hostApi': 0, 'maxInputChannels': 128, 'maxOutputChannels': 128, 'defaultLowInputLatency': 0.008707482993197279, 'defaultLowOutputLatency': 0.008707482993197279, 'defaultHighInputLatency': 0.034829931972789115, 'defaultHighOutputLatency': 0.034829931972789115, 'defaultSampleRate': 44100.0}
2026-08-27 13:57:11.825 - RealTimeSTT: realtimestt - DEBUG - Highest supported sample rate for device index 14 is 44100
2026-08-27 13:57:11.825 - RealTimeSTT: realtimestt - DEBUG - Sample rates to try for device 14: [16000, 44100]
2026-08-27 13:57:11.825 - RealTimeSTT: realtimestt - DEBUG - Attempting to initialize audio stream at 16000 Hz.
2026-08-27 13:57:11.825 - RealTimeSTT: realtimestt - DEBUG - Found 15 total audio devices on the system.
2026-08-27 13:57:11.825 - RealTimeSTT: realtimestt - DEBUG - Available input devices with input channels: [4, 8, 9, 12, 13, 14]
2026-08-27 13:57:11.825 - RealTimeSTT: realtimestt - DEBUG - Validating device index 14 with info: {'index': 14, 'structVersion': 2, 'name': 'default', 'hostApi': 0, 'maxInputChannels': 128, 'maxOutputChannels': 128, 'defaultLowInputLatency': 0.008707482993197279, 'defaultLowOutputLatency': 0.008707482993197279, 'defaultHighInputLatency': 0.034829931972789115, 'defaultHighOutputLatency': 0.034829931972789115, 'defaultSampleRate': 44100.0}
2026-08-27 13:57:11.928 - RealTimeSTT: realtimestt - DEBUG - Device index 14 successfully validated.
2026-08-27 13:57:11.928 - RealTimeSTT: realtimestt - DEBUG - Opening stream with device index 14, sample_rate=16000, chunk_size=1024
2026-08-27 13:57:11.936 - RealTimeSTT: realtimestt - INFO - Microphone connected and validated (device index: 14, sample rate: 16000, chunk size: 1024)
2026-08-27 13:57:11.936 - RealTimeSTT: realtimestt - DEBUG - Audio recording initialized successfully at 16000 Hz, reading 1024 frames at a time
2026-08-27 13:57:13.034 - RealTimeSTT: realtimestt - DEBUG - _audio_data_worker writing audio data into queue.
2026-08-27 13:57:13.472 - RealTimeSTT: realtimestt - INFO - recording stopped
2026-08-27 13:57:13.473 - RealTimeSTT: realtimestt - INFO - Setting listen time
2026-08-27 13:57:13.473 - RealTimeSTT: realtimestt - DEBUG - No samples removed, final audio length: 23552
2026-08-27 13:57:13.473 - RealTimeSTT: realtimestt - INFO - State changed from 'recording' to 'inactive'
2026-08-27 13:57:13.473 - RealTimeSTT: realtimestt - INFO - State changed from 'inactive' to 'transcribing'
2026-08-27 13:57:13.473 - RealTimeSTT: realtimestt - DEBUG - Adding transcription request, no early transcription started
2026-08-27 13:57:13.474 - RealTimeSTT: realtimestt - DEBUG - Receive from parent_transcription_pipe after sendiung transcription request, transcribe_count: 1
2026-08-27 13:57:13.574 - RealTimeSTT: realtimestt - DEBUG - Receive from parent_transcription_pipe after sendiung transcription request, transcribe_count: 1
2026-08-27 13:57:13.675 - RealTimeSTT: realtimestt - DEBUG - Receive from parent_transcription_pipe after sendiung transcription request, transcribe_count: 1
2026-08-27 13:57:13.731 - RealTimeSTT: realtimestt - INFO - State changed from 'transcribing' to 'inactive'
2026-08-27 13:57:13.731 - RealTimeSTT: realtimestt - DEBUG - Model tiny completed transcription in 0.26 seconds
2026-08-27 13:57:14.058 - RealTimeSTT: realtimestt - DEBUG - _audio_data_worker writing audio data into queue.
2026-08-27 13:57:15.081 - RealTimeSTT: realtimestt - DEBUG - _audio_data_worker writing audio data into queue.
2026-08-27 13:57:16.106 - RealTimeSTT: realtimestt - DEBUG - _audio_data_worker writing audio data into queue.
2026-08-27 13:57:17.130 - RealTimeSTT: realtimestt - DEBUG - _audio_data_worker writing audio data into queue.
2026-08-27 13:57:18.154 - RealTimeSTT: realtimestt - DEBUG - _audio_data_worker writing audio data into queue.
2026-08-27 13:57:19.178 - RealTimeSTT: realtimestt - DEBUG - _audio_data_worker writing audio data into queue.
2026-08-27 13:57:20.202 - RealTimeSTT: realtimestt - DEBUG - _audio_data_worker writing audio data into queue.
2026-08-27 13:57:21.226 - RealTimeSTT: realtimestt - DEBUG - _audio_data_worker writing audio data into queue.
2026-08-27 13:57:22.250 - RealTimeSTT: realtimestt - DEBUG - _audio_data_worker writing audio data into queue.
2026-08-27 13:57:23.274 - RealTimeSTT: realtimestt - DEBUG - _audio_data_worker writing audio data into queue.
2026-08-27 13:57:24.298 - RealTimeSTT: realtimestt - DEBUG - _audio_data_worker writing audio data into queue.
2026-08-27 13:57:25.322 - RealTimeSTT: realtimestt - DEBUG - _audio_data_worker writing audio data into queue.
2026-08-27 13:57:26.346 - RealTimeSTT: realtimestt - DEBUG - _audio_data_worker writing audio data into queue.
2026-08-27 13:57:27.370 - RealTimeSTT: realtimestt - DEBUG - _audio_data_worker writing audio data into queue.
2026-08-27 13:57:28.394 - RealTimeSTT: realtimestt - DEBUG - _audio_data_worker writing audio data into queue.
2026-08-27 13:57:28.939 - RealTimeSTT: realtimestt - INFO - recording started
2026-08-27 13:57:28.940 - RealTimeSTT: realtimestt - INFO - State changed from 'inactive' to 'recording'
2026-08-27 13:57:29.418 - RealTimeSTT: realtimestt - DEBUG - _audio_data_worker writing audio data into queue.
2026-08-27 13:57:30.442 - RealTimeSTT: realtimestt - DEBUG - _audio_data_worker writing audio data into queue.
2026-08-27 13:57:31.466 - RealTimeSTT: realtimestt - DEBUG - _audio_data_worker writing audio data into queue.
2026-08-27 13:57:32.490 - RealTimeSTT: realtimestt - DEBUG - _audio_data_worker writing audio data into queue.
2026-08-27 13:57:33.514 - RealTimeSTT: realtimestt - DEBUG - _audio_data_worker writing audio data into queue.
2026-08-27 13:57:34.538 - RealTimeSTT: realtimestt - DEBUG - _audio_data_worker writing audio data into queue.
2026-08-27 13:57:35.562 - RealTimeSTT: realtimestt - DEBUG - _audio_data_worker writing audio data into queue.
2026-08-27 13:57:36.586 - RealTimeSTT: realtimestt - DEBUG - _audio_data_worker writing audio data into queue.
2026-08-27 13:57:37.610 - RealTimeSTT: realtimestt - DEBUG - _audio_data_worker writing audio data into queue.
2026-08-27 13:57:37.733 - RealTimeSTT: realtimestt - INFO - recording stopped
2026-08-27 13:57:37.738 - RealTimeSTT: realtimestt - INFO - Setting listen time
2026-08-27 13:57:37.739 - RealTimeSTT: realtimestt - DEBUG - No samples removed, final audio length: 140288
2026-08-27 13:57:37.739 - RealTimeSTT: realtimestt - INFO - State changed from 'recording' to 'inactive'
2026-08-27 13:57:37.739 - RealTimeSTT: realtimestt - INFO - State changed from 'inactive' to 'transcribing'
2026-08-27 13:57:37.739 - RealTimeSTT: realtimestt - DEBUG - Adding transcription request, no early transcription started
2026-08-27 13:57:37.747 - RealTimeSTT: realtimestt - DEBUG - Receive from parent_transcription_pipe after sendiung transcription request, transcribe_count: 1
2026-08-27 13:57:37.849 - RealTimeSTT: realtimestt - DEBUG - Receive from parent_transcription_pipe after sendiung transcription request, transcribe_count: 1
2026-08-27 13:57:37.950 - RealTimeSTT: realtimestt - DEBUG - Receive from parent_transcription_pipe after sendiung transcription request, transcribe_count: 1
2026-08-27 13:57:38.050 - RealTimeSTT: realtimestt - DEBUG - Receive from parent_transcription_pipe after sendiung transcription request, transcribe_count: 1
2026-08-27 13:57:38.151 - RealTimeSTT: realtimestt - DEBUG - Receive from parent_transcription_pipe after sendiung transcription request, transcribe_count: 1
2026-08-27 13:57:38.240 - RealTimeSTT: realtimestt - INFO - State changed from 'transcribing' to 'inactive'
2026-08-27 13:57:38.242 - RealTimeSTT: realtimestt - DEBUG - Model tiny completed transcription in 0.50 seconds
2026-08-27 13:57:38.634 - RealTimeSTT: realtimestt - DEBUG - _audio_data_worker writing audio data into queue.
2026-08-27 13:57:39.657 - RealTimeSTT: realtimestt - DEBUG - _audio_data_worker writing audio data into queue.
2026-08-27 13:57:40.682 - RealTimeSTT: realtimestt - DEBUG - _audio_data_worker writing audio data into queue.
2026-08-27 13:57:41.706 - RealTimeSTT: realtimestt - DEBUG - _audio_data_worker writing audio data into queue.
2026-08-27 13:57:42.730 - RealTimeSTT: realtimestt - DEBUG - _audio_data_worker writing audio data into queue.
2026-08-27 13:57:43.754 - RealTimeSTT: realtimestt - DEBUG - _audio_data_worker writing audio data into queue.
2026-08-27 13:57:44.778 - RealTimeSTT: realtimestt - DEBUG - _audio_data_worker writing audio data into queue.
2026-08-27 13:57:45.802 - RealTimeSTT: realtimestt - DEBUG - _audio_data_worker writing audio data into queue.
2026-08-27 13:57:46.826 - RealTimeSTT: realtimestt - DEBUG - _audio_data_worker writing audio data into queue.
2026-08-27 13:57:47.850 - RealTimeSTT: realtimestt - DEBUG - _audio_data_worker writing audio data into queue.
2026-08-27 13:57:48.874 - RealTimeSTT: realtimestt - DEBUG - _audio_data_worker writing audio data into queue.
2026-08-27 13:57:49.898 - RealTimeSTT: realtimestt - DEBUG - _audio_data_worker writing audio data into queue.
2026-08-27 13:57:50.922 - RealTimeSTT: realtimestt - DEBUG - _audio_data_worker writing audio data into queue.
2026-08-27 13:57:51.946 - RealTimeSTT: realtimestt - DEBUG - _audio_data_worker writing audio data into queue.
2026-08-27 13:57:52.970 - RealTimeSTT: realtimestt - DEBUG - _audio_data_worker writing audio data into queue.
2026-08-27 13:57:53.994 - RealTimeSTT: realtimestt - DEBUG - _audio_data_worker writing audio data into queue.
2026-08-27 13:57:55.018 - RealTimeSTT: realtimestt - DEBUG - _audio_data_worker writing audio data into queue.
2026-08-27 13:57:56.042 - RealTimeSTT: realtimestt - DEBUG - _audio_data_worker writing audio data into queue.
2026-08-27 13:57:57.066 - RealTimeSTT: realtimestt - DEBUG - _audio_data_worker writing audio data into queue.
2026-08-27 13:57:58.090 - RealTimeSTT: realtimestt - DEBUG - _audio_data_worker writing audio data into queue.
2026-08-27 13:57:59.114 - RealTimeSTT: realtimestt - DEBUG - _audio_data_worker writing audio data into queue.
2026-08-27 13:58:00.138 - RealTimeSTT: realtimestt - DEBUG - _audio_data_worker writing audio data into queue.
2026-08-27 13:58:01.162 - RealTimeSTT: realtimestt - DEBUG - _audio_data_worker writing audio data into queue.
2026-08-27 13:58:02.186 - RealTimeSTT: realtimestt - DEBUG - _audio_data_worker writing audio data into queue.
2026-08-27 13:58:03.210 - RealTimeSTT: realtimestt - DEBUG - _audio_data_worker writing audio data into queue.
2026-08-27 13:58:04.234 - RealTimeSTT: realtimestt - DEBUG - _audio_data_worker writing audio data into queue.
2026-08-27 13:58:05.258 - RealTimeSTT: realtimestt - DEBUG - _audio_data_worker writing audio data into queue.
2026-08-27 13:58:06.282 - RealTimeSTT: realtimestt - DEBUG - _audio_data_worker writing audio data into queue.
2026-08-27 13:58:07.306 - RealTimeSTT: realtimestt - DEBUG - _audio_data_worker writing audio data into queue.
2026-08-27 13:58:08.330 - RealTimeSTT: realtimestt - DEBUG - _audio_data_worker writing audio data into queue.
2026-08-27 13:58:09.354 - RealTimeSTT: realtimestt - DEBUG - _audio_data_worker writing audio data into queue.
2026-08-27 13:58:10.378 - RealTimeSTT: realtimestt - DEBUG - _audio_data_worker writing audio data into queue.
2026-08-27 13:58:11.402 - RealTimeSTT: realtimestt - DEBUG - _audio_data_worker writing audio data into queue.
2026-08-27 13:58:12.426 - RealTimeSTT: realtimestt - DEBUG - _audio_data_worker writing audio data into queue.
2026-08-27 13:58:13.450 - RealTimeSTT: realtimestt - DEBUG - _audio_data_worker writing audio data into queue.
2026-08-27 13:58:14.474 - RealTimeSTT: realtimestt - DEBUG - _audio_data_worker writing audio data into queue.
2026-08-27 13:58:15.498 - RealTimeSTT: realtimestt - DEBUG - _audio_data_worker writing audio data into queue.
2026-08-27 13:58:16.522 - RealTimeSTT: realtimestt - DEBUG - _audio_data_worker writing audio data into queue.
2026-08-27 13:58:17.546 - RealTimeSTT: realtimestt - DEBUG - _audio_data_worker writing audio data into queue.
2026-08-27 13:58:18.570 - RealTimeSTT: realtimestt - DEBUG - _audio_data_worker writing audio data into queue.
2026-08-27 13:58:19.594 - RealTimeSTT: realtimestt - DEBUG - _audio_data_worker writing audio data into queue.
2026-08-27 13:58:20.618 - RealTimeSTT: realtimestt - DEBUG - _audio_data_worker writing audio data into queue.
2026-08-27 13:58:21.642 - RealTimeSTT: realtimestt - DEBUG - _audio_data_worker writing audio data into queue.
2026-08-27 13:58:22.666 - RealTimeSTT: realtimestt - DEBUG - _audio_data_worker writing audio data into queue.
2026-08-27 13:58:23.690 - RealTimeSTT: realtimestt - DEBUG - _audio_data_worker writing audio data into queue.
2026-08-27 13:58:24.714 - RealTimeSTT: realtimestt - DEBUG - _audio_data_worker writing audio data into queue.
2026-08-27 13:58:25.738 - RealTimeSTT: realtimestt - DEBUG - _audio_data_worker writing audio data into queue.
2026-08-27 13:58:26.762 - RealTimeSTT: realtimestt - DEBUG - _audio_data_worker writing audio data into queue.
2026-08-27 13:58:27.786 - RealTimeSTT: realtimestt - DEBUG - _audio_data_worker writing audio data into queue.
2026-08-27 13:58:28.810 - RealTimeSTT: realtimestt - DEBUG - _audio_data_worker writing audio data into queue.
2026-08-27 13:58:29.834 - RealTimeSTT: realtimestt - DEBUG - _audio_data_worker writing audio data into queue.
2026-08-27 13:58:30.858 - RealTimeSTT: realtimestt - DEBUG - _audio_data_worker writing audio data into queue.
2026-08-27 13:58:31.882 - RealTimeSTT: realtimestt - DEBUG - _audio_data_worker writing audio data into queue.
2026-08-27 13:58:32.906 - RealTimeSTT: realtimestt - DEBUG - _audio_data_worker writing audio data into queue.
2026-08-27 13:58:33.930 - RealTimeSTT: realtimestt - DEBUG - _audio_data_worker writing audio data into queue.
2026-08-27 13:58:34.570 - RealTimeSTT: realtimestt - INFO - recording started
2026-08-27 13:58:34.570 - RealTimeSTT: realtimestt - INFO - State changed from 'inactive' to 'recording'
2026-08-27 13:58:34.954 - RealTimeSTT: realtimestt - DEBUG - _audio_data_worker writing audio data into queue.
2026-08-27 13:58:35.978 - RealTimeSTT: realtimestt - DEBUG - _audio_data_worker writing audio data into queue.
2026-08-27 13:58:37.002 - RealTimeSTT: realtimestt - DEBUG - _audio_data_worker writing audio data into queue.
2026-08-27 13:58:38.026 - RealTimeSTT: realtimestt - DEBUG - _audio_data_worker writing audio data into queue.
2026-08-27 13:58:39.050 - RealTimeSTT: realtimestt - DEBUG - _audio_data_worker writing audio data into queue.
2026-08-27 13:58:40.074 - RealTimeSTT: realtimestt - DEBUG - _audio_data_worker writing audio data into queue.
2026-08-27 13:58:41.098 - RealTimeSTT: realtimestt - DEBUG - _audio_data_worker writing audio data into queue.
2026-08-27 13:58:42.122 - RealTimeSTT: realtimestt - DEBUG - _audio_data_worker writing audio data into queue.
2026-08-27 13:58:43.146 - RealTimeSTT: realtimestt - DEBUG - _audio_data_worker writing audio data into queue.
2026-08-27 13:58:44.170 - RealTimeSTT: realtimestt - DEBUG - _audio_data_worker writing audio data into queue.
2026-08-27 13:58:44.433 - RealTimeSTT: realtimestt - INFO - recording stopped
2026-08-27 13:58:44.435 - RealTimeSTT: realtimestt - INFO - Setting listen time
2026-08-27 13:58:44.436 - RealTimeSTT: realtimestt - DEBUG - No samples removed, final audio length: 158720
2026-08-27 13:58:44.436 - RealTimeSTT: realtimestt - INFO - State changed from 'recording' to 'inactive'
2026-08-27 13:58:44.436 - RealTimeSTT: realtimestt - INFO - State changed from 'inactive' to 'transcribing'
2026-08-27 13:58:44.436 - RealTimeSTT: realtimestt - DEBUG - Adding transcription request, no early transcription started
2026-08-27 13:58:44.437 - RealTimeSTT: realtimestt - DEBUG - Receive from parent_transcription_pipe after sendiung transcription request, transcribe_count: 1
2026-08-27 13:58:44.538 - RealTimeSTT: realtimestt - DEBUG - Receive from parent_transcription_pipe after sendiung transcription request, transcribe_count: 1
2026-08-27 13:58:44.639 - RealTimeSTT: realtimestt - DEBUG - Receive from parent_transcription_pipe after sendiung transcription request, transcribe_count: 1
2026-08-27 13:58:44.740 - RealTimeSTT: realtimestt - DEBUG - Receive from parent_transcription_pipe after sendiung transcription request, transcribe_count: 1
2026-08-27 13:58:44.827 - RealTimeSTT: realtimestt - INFO - State changed from 'transcribing' to 'inactive'
2026-08-27 13:58:44.828 - RealTimeSTT: realtimestt - DEBUG - Model tiny completed transcription in 0.39 seconds
2026-08-27 13:58:45.194 - RealTimeSTT: realtimestt - DEBUG - _audio_data_worker writing audio data into queue.
2026-08-27 13:58:46.218 - RealTimeSTT: realtimestt - DEBUG - _audio_data_worker writing audio data into queue.
2026-08-27 13:58:47.242 - RealTimeSTT: realtimestt - DEBUG - _audio_data_worker writing audio data into queue.
2026-08-27 13:58:48.266 - RealTimeSTT: realtimestt - DEBUG - _audio_data_worker writing audio data into queue.
2026-08-27 13:58:49.290 - RealTimeSTT: realtimestt - DEBUG - _audio_data_worker writing audio data into queue.
2026-08-27 13:58:50.314 - RealTimeSTT: realtimestt - DEBUG - _audio_data_worker writing audio data into queue.
2026-08-27 13:58:51.338 - RealTimeSTT: realtimestt - DEBUG - _audio_data_worker writing audio data into queue.
2026-08-27 13:58:52.362 - RealTimeSTT: realtimestt - DEBUG - _audio_data_worker writing audio data into queue.
2026-08-27 13:58:53.386 - RealTimeSTT: realtimestt - DEBUG - _audio_data_worker writing audio data into queue.
2026-08-27 13:58:54.410 - RealTimeSTT: realtimestt - DEBUG - _audio_data_worker writing audio data into queue.
2026-08-27 13:58:55.434 - RealTimeSTT: realtimestt - DEBUG - _audio_data_worker writing audio data into queue.
2026-08-27 13:58:56.458 - RealTimeSTT: realtimestt - DEBUG - _audio_data_worker writing audio data into queue.
2026-08-27 13:58:57.482 - RealTimeSTT: realtimestt - DEBUG - _audio_data_worker writing audio data into queue.
2026-08-27 13:58:58.506 - RealTimeSTT: realtimestt - DEBUG - _audio_data_worker writing audio data into queue.
2026-08-27 13:58:59.530 - RealTimeSTT: realtimestt - DEBUG - _audio_data_worker writing audio data into queue.
2026-08-27 13:59:00.554 - RealTimeSTT: realtimestt - DEBUG - _audio_data_worker writing audio data into queue.
2026-08-27 13:59:01.578 - RealTimeSTT: realtimestt - DEBUG - _audio_data_worker writing audio data into queue.
2026-08-27 13:59:02.602 - RealTimeSTT: realtimestt - DEBUG - _audio_data_worker writing audio data into queue.
2026-08-27 13:59:03.626 - RealTimeSTT: realtimestt - DEBUG - _audio_data_worker writing audio data into queue.
2026-08-27 13:59:04.650 - RealTimeSTT: realtimestt - DEBUG - _audio_data_worker writing audio data into queue.
2026-08-27 13:59:05.674 - RealTimeSTT: realtimestt - DEBUG - _audio_data_worker writing audio data into queue.
2026-08-27 13:59:06.698 - RealTimeSTT: realtimestt - DEBUG - _audio_data_worker writing audio data into queue.
2026-08-27 13:59:07.722 - RealTimeSTT: realtimestt - DEBUG - _audio_data_worker writing audio data into queue.
2026-08-27 13:59:08.746 - RealTimeSTT: realtimestt - DEBUG - _audio_data_worker writing audio data into queue.
2026-08-27 13:59:09.770 - RealTimeSTT: realtimestt - DEBUG - _audio_data_worker writing audio data into queue.
2026-08-27 13:59:10.794 - RealTimeSTT: realtimestt - DEBUG - _audio_data_worker writing audio data into queue.
2026-08-27 13:59:11.818 - RealTimeSTT: realtimestt - DEBUG - _audio_data_worker writing audio data into queue.
2026-08-27 13:59:12.842 - RealTimeSTT: realtimestt - DEBUG - _audio_data_worker writing audio data into queue.
2026-08-27 13:59:13.866 - RealTimeSTT: realtimestt - DEBUG - _audio_data_worker writing audio data into queue.
2026-08-27 13:59:14.890 - RealTimeSTT: realtimestt - DEBUG - _audio_data_worker writing audio data into queue.
2026-08-27 13:59:15.914 - RealTimeSTT: realtimestt - DEBUG - _audio_data_worker writing audio data into queue.
2026-08-27 13:59:16.938 - RealTimeSTT: realtimestt - DEBUG - _audio_data_worker writing audio data into queue.
2026-08-27 13:59:17.962 - RealTimeSTT: realtimestt - DEBUG - _audio_data_worker writing audio data into queue.
2026-08-27 13:59:18.986 - RealTimeSTT: realtimestt - DEBUG - _audio_data_worker writing audio data into queue.
2026-08-27 13:59:20.010 - RealTimeSTT: realtimestt - DEBUG - _audio_data_worker writing audio data into queue.
2026-08-27 13:59:21.034 - RealTimeSTT: realtimestt - DEBUG - _audio_data_worker writing audio data into queue.
2026-08-27 13:59:22.058 - RealTimeSTT: realtimestt - DEBUG - _audio_data_worker writing audio data into queue.
2026-08-27 13:59:23.082 - RealTimeSTT: realtimestt - DEBUG - _audio_data_worker writing audio data into queue.
2026-08-27 13:59:24.106 - RealTimeSTT: realtimestt - DEBUG - _audio_data_worker writing audio data into queue.
2026-08-27 13:59:25.130 - RealTimeSTT: realtimestt - DEBUG - _audio_data_worker writing audio data into queue.
2026-08-27 13:59:26.154 - RealTimeSTT: realtimestt - DEBUG - _audio_data_worker writing audio data into queue.
2026-08-27 13:59:27.178 - RealTimeSTT: realtimestt - DEBUG - _audio_data_worker writing audio data into queue.
2026-08-27 13:59:28.202 - RealTimeSTT: realtimestt - DEBUG - _audio_data_worker writing audio data into queue.
2026-08-27 13:59:29.226 - RealTimeSTT: realtimestt - DEBUG - _audio_data_worker writing audio data into queue.
2026-08-27 13:59:30.250 - RealTimeSTT: realtimestt - DEBUG - _audio_data_worker writing audio data into queue.
2026-08-27 13:59:31.274 - RealTimeSTT: realtimestt - DEBUG - _audio_data_worker writing audio data into queue.
2026-08-27 13:59:32.298 - RealTimeSTT: realtimestt - DEBUG - _audio_data_worker writing audio data into queue.
2026-08-27 13:59:33.322 - RealTimeSTT: realtimestt - DEBUG - _audio_data_worker writing audio data into queue.
2026-08-27 13:59:34.346 - RealTimeSTT: realtimestt - DEBUG - _audio_data_worker writing audio data into queue.
2026-08-27 13:59:35.370 - RealTimeSTT: realtimestt - DEBUG - _audio_data_worker writing audio data into queue.
2026-08-27 13:59:36.394 - RealTimeSTT: realtimestt - DEBUG - _audio_data_worker writing audio data into queue.
2026-08-27 13:59:37.418 - RealTimeSTT: realtimestt - DEBUG - _audio_data_worker writing audio data into queue.
2026-08-27 13:59:38.442 - RealTimeSTT: realtimestt - DEBUG - _audio_data_worker writing audio data into queue.
2026-08-27 13:59:39.466 - RealTimeSTT: realtimestt - DEBUG - _audio_data_worker writing audio data into queue.
2026-08-27 13:59:40.490 - RealTimeSTT: realtimestt - DEBUG - _audio_data_worker writing audio data into queue.
2026-08-27 13:59:41.514 - RealTimeSTT: realtimestt - DEBUG - _audio_data_worker writing audio data into queue.
2026-08-27 13:59:42.538 - RealTimeSTT: realtimestt - DEBUG - _audio_data_worker writing audio data into queue.
2026-08-27 13:59:43.562 - RealTimeSTT: realtimestt - DEBUG - _audio_data_worker writing audio data into queue.
2026-08-27 13:59:44.586 - RealTimeSTT: realtimestt - DEBUG - _audio_data_worker writing audio data into queue.
2026-08-27 13:59:45.610 - RealTimeSTT: realtimestt - DEBUG - _audio_data_worker writing audio data into queue.
2026-08-27 13:59:46.634 - RealTimeSTT: realtimestt - DEBUG - _audio_data_worker writing audio data into queue.
2026-08-27 13:59:47.658 - RealTimeSTT: realtimestt - DEBUG - _audio_data_worker writing audio data into queue.
2026-08-27 13:59:48.682 - RealTimeSTT: realtimestt - DEBUG - _audio_data_worker writing audio data into queue.
2026-08-27 13:59:49.706 - RealTimeSTT: realtimestt - DEBUG - _audio_data_worker writing audio data into queue.
2026-08-27 13:59:50.730 - RealTimeSTT: realtimestt - DEBUG - _audio_data_worker writing audio data into queue.
2026-08-27 13:59:51.754 - RealTimeSTT: realtimestt - DEBUG - _audio_data_worker writing audio data into queue.
2026-08-27 13:59:52.778 - RealTimeSTT: realtimestt - DEBUG - _audio_data_worker writing audio data into queue.
2026-08-27 13:59:53.802 - RealTimeSTT: realtimestt - DEBUG - _audio_data_worker writing audio data into queue.
2026-08-27 13:59:54.826 - RealTimeSTT: realtimestt - DEBUG - _audio_data_worker writing audio data into queue.
2026-08-27 13:59:55.850 - RealTimeSTT: realtimestt - DEBUG - _audio_data_worker writing audio data into queue.
2026-08-27 13:59:56.874 - RealTimeSTT: realtimestt - DEBUG - _audio_data_worker writing audio data into queue.
2026-08-27 13:59:57.898 - RealTimeSTT: realtimestt - DEBUG - _audio_data_worker writing audio data into queue.
2026-08-27 13:59:58.922 - RealTimeSTT: realtimestt - DEBUG - _audio_data_worker writing audio data into queue.
2026-08-27 13:59:59.946 - RealTimeSTT: realtimestt - DEBUG - _audio_data_worker writing audio data into queue.
2026-08-27 14:00:00.970 - RealTimeSTT: realtimestt - DEBUG - _audio_data_worker writing audio data into queue.
2026-08-27 14:00:01.994 - RealTimeSTT: realtimestt - DEBUG - _audio_data_worker writing audio data into queue.
2026-08-27 14:00:03.018 - RealTimeSTT: realtimestt - DEBUG - _audio_data_worker writing audio data into queue.
2026-08-27 14:00:04.042 - RealTimeSTT: realtimestt - DEBUG - _audio_data_worker writing audio data into queue.
2026-08-27 14:00:05.066 - RealTimeSTT: realtimestt - DEBUG - _audio_data_worker writing audio data into queue.
2026-08-27 14:00:06.090 - RealTimeSTT: realtimestt - DEBUG - _audio_data_worker writing audio data into queue.
2026-08-27 14:00:07.114 - RealTimeSTT: realtimestt - DEBUG - _audio_data_worker writing audio data into queue.
2026-08-27 14:00:08.138 - RealTimeSTT: realtimestt - DEBUG - _audio_data_worker writing audio data into queue.
2026-08-27 14:00:09.162 - RealTimeSTT: realtimestt - DEBUG - _audio_data_worker writing audio data into queue.
2026-08-27 14:00:10.186 - RealTimeSTT: realtimestt - DEBUG - _audio_data_worker writing audio data into queue.
2026-08-27 14:00:11.210 - RealTimeSTT: realtimestt - DEBUG - _audio_data_worker writing audio data into queue.
2026-08-27 14:00:12.234 - RealTimeSTT: realtimestt - DEBUG - _audio_data_worker writing audio data into queue.
2026-08-27 14:00:13.258 - RealTimeSTT: realtimestt - DEBUG - _audio_data_worker writing audio data into queue.
2026-08-27 14:00:14.282 - RealTimeSTT: realtimestt - DEBUG - _audio_data_worker writing audio data into queue.
2026-08-27 14:00:15.306 - RealTimeSTT: realtimestt - DEBUG - _audio_data_worker writing audio data into queue.
2026-08-27 14:00:16.330 - RealTimeSTT: realtimestt - DEBUG - _audio_data_worker writing audio data into queue.
2026-08-27 14:00:17.354 - RealTimeSTT: realtimestt - DEBUG - _audio_data_worker writing audio data into queue.
2026-08-27 14:00:18.378 - RealTimeSTT: realtimestt - DEBUG - _audio_data_worker writing audio data into queue.
2026-08-27 14:00:19.402 - RealTimeSTT: realtimestt - DEBUG - _audio_data_worker writing audio data into queue.
2026-08-27 14:00:20.426 - RealTimeSTT: realtimestt - DEBUG - _audio_data_worker writing audio data into queue.
2026-08-27 14:00:21.450 - RealTimeSTT: realtimestt - DEBUG - _audio_data_worker writing audio data into queue.
2026-08-27 14:00:22.474 - RealTimeSTT: realtimestt - DEBUG - _audio_data_worker writing audio data into queue.
2026-08-27 14:00:23.498 - RealTimeSTT: realtimestt - DEBUG - _audio_data_worker writing audio data into queue.
2026-08-27 14:00:24.522 - RealTimeSTT: realtimestt - DEBUG - _audio_data_worker writing audio data into queue.
2026-08-27 14:00:25.546 - RealTimeSTT: realtimestt - DEBUG - _audio_data_worker writing audio data into queue.
2026-08-27 14:00:26.570 - RealTimeSTT: realtimestt - DEBUG - _audio_data_worker writing audio data into queue.
2026-08-27 14:00:27.594 - RealTimeSTT: realtimestt - DEBUG - _audio_data_worker writing audio data into queue.
2026-08-27 14:00:28.618 - RealTimeSTT: realtimestt - DEBUG - _audio_data_worker writing audio data into queue.
2026-08-27 14:00:29.642 - RealTimeSTT: realtimestt - DEBUG - _audio_data_worker writing audio data into queue.
2026-08-27 14:00:30.666 - RealTimeSTT: realtimestt - DEBUG - _audio_data_worker writing audio data into queue.
2026-08-27 14:00:31.690 - RealTimeSTT: realtimestt - DEBUG - _audio_data_worker writing audio data into queue.
2026-08-27 14:00:32.714 - RealTimeSTT: realtimestt - DEBUG - _audio_data_worker writing audio data into queue.
2026-08-27 14:00:33.738 - RealTimeSTT: realtimestt - DEBUG - _audio_data_worker writing audio data into queue.
2026-08-27 14:00:34.762 - RealTimeSTT: realtimestt - DEBUG - _audio_data_worker writing audio data into queue.
2026-08-27 14:00:35.786 - RealTimeSTT: realtimestt - DEBUG - _audio_data_worker writing audio data into queue.
2026-08-27 14:00:36.810 - RealTimeSTT: realtimestt - DEBUG - _audio_data_worker writing audio data into queue.
2026-08-27 14:00:37.834 - RealTimeSTT: realtimestt - DEBUG - _audio_data_worker writing audio data into queue.
2026-08-27 14:00:38.858 - RealTimeSTT: realtimestt - DEBUG - _audio_data_worker writing audio data into queue.
2026-08-27 14:00:39.882 - RealTimeSTT: realtimestt - DEBUG - _audio_data_worker writing audio data into queue.
2026-08-27 14:00:40.906 - RealTimeSTT: realtimestt - DEBUG - _audio_data_worker writing audio data into queue.
2026-08-27 14:00:41.930 - RealTimeSTT: realtimestt - DEBUG - _audio_data_worker writing audio data into queue.
2026-08-27 14:00:42.954 - RealTimeSTT: realtimestt - DEBUG - _audio_data_worker writing audio data into queue.
2026-08-27 14:00:43.978 - RealTimeSTT: realtimestt - DEBUG - _audio_data_worker writing audio data into queue.
2026-08-27 14:00:45.002 - RealTimeSTT: realtimestt - DEBUG - _audio_data_worker writing audio data into queue.
2026-08-27 14:00:46.026 - RealTimeSTT: realtimestt - DEBUG - _audio_data_worker writing audio data into queue.
2026-08-27 14:00:47.050 - RealTimeSTT: realtimestt - DEBUG - _audio_data_worker writing audio data into queue.
2026-08-27 14:00:48.074 - RealTimeSTT: realtimestt - DEBUG - _audio_data_worker writing audio data into queue.
2026-08-27 14:00:48.452 - RealTimeSTT: realtimestt - INFO - recording started
2026-08-27 14:00:48.452 - RealTimeSTT: realtimestt - INFO - State changed from 'inactive' to 'recording'
2026-08-27 14:00:49.098 - RealTimeSTT: realtimestt - DEBUG - _audio_data_worker writing audio data into queue.
2026-08-27 14:00:50.122 - RealTimeSTT: realtimestt - DEBUG - _audio_data_worker writing audio data into queue.
2026-08-27 14:00:51.146 - RealTimeSTT: realtimestt - DEBUG - _audio_data_worker writing audio data into queue.
2026-08-27 14:00:52.170 - RealTimeSTT: realtimestt - DEBUG - _audio_data_worker writing audio data into queue.
2026-08-27 14:00:53.194 - RealTimeSTT: realtimestt - DEBUG - _audio_data_worker writing audio data into queue.
2026-08-27 14:00:54.218 - RealTimeSTT: realtimestt - DEBUG - _audio_data_worker writing audio data into queue.
2026-08-27 14:00:55.242 - RealTimeSTT: realtimestt - DEBUG - _audio_data_worker writing audio data into queue.
2026-08-27 14:00:56.266 - RealTimeSTT: realtimestt - DEBUG - _audio_data_worker writing audio data into queue.
2026-08-27 14:00:57.290 - RealTimeSTT: realtimestt - DEBUG - _audio_data_worker writing audio data into queue.
2026-08-27 14:00:58.314 - RealTimeSTT: realtimestt - DEBUG - _audio_data_worker writing audio data into queue.
2026-08-27 14:00:59.338 - RealTimeSTT: realtimestt - DEBUG - _audio_data_worker writing audio data into queue.
2026-08-27 14:01:00.362 - RealTimeSTT: realtimestt - DEBUG - _audio_data_worker writing audio data into queue.
2026-08-27 14:01:01.386 - RealTimeSTT: realtimestt - DEBUG - _audio_data_worker writing audio data into queue.
2026-08-27 14:01:02.410 - RealTimeSTT: realtimestt - DEBUG - _audio_data_worker writing audio data into queue.
2026-08-27 14:01:03.113 - RealTimeSTT: realtimestt - INFO - recording stopped
2026-08-27 14:01:03.117 - RealTimeSTT: realtimestt - INFO - Setting listen time
2026-08-27 14:01:03.117 - RealTimeSTT: realtimestt - DEBUG - No samples removed, final audio length: 234496
2026-08-27 14:01:03.117 - RealTimeSTT: realtimestt - INFO - State changed from 'recording' to 'inactive'
2026-08-27 14:01:03.117 - RealTimeSTT: realtimestt - INFO - State changed from 'inactive' to 'transcribing'
2026-08-27 14:01:03.117 - RealTimeSTT: realtimestt - DEBUG - Adding transcription request, no early transcription started
2026-08-27 14:01:03.127 - RealTimeSTT: realtimestt - DEBUG - Receive from parent_transcription_pipe after sendiung transcription request, transcribe_count: 1
2026-08-27 14:01:03.228 - RealTimeSTT: realtimestt - DEBUG - Receive from parent_transcription_pipe after sendiung transcription request, transcribe_count: 1
2026-08-27 14:01:03.329 - RealTimeSTT: realtimestt - DEBUG - Receive from parent_transcription_pipe after sendiung transcription request, transcribe_count: 1
2026-08-27 14:01:03.429 - RealTimeSTT: realtimestt - DEBUG - Receive from parent_transcription_pipe after sendiung transcription request, transcribe_count: 1
2026-08-27 14:01:03.434 - RealTimeSTT: realtimestt - DEBUG - _audio_data_worker writing audio data into queue.
2026-08-27 14:01:03.530 - RealTimeSTT: realtimestt - DEBUG - Receive from parent_transcription_pipe after sendiung transcription request, transcribe_count: 1
2026-08-27 14:01:03.630 - RealTimeSTT: realtimestt - DEBUG - Receive from parent_transcription_pipe after sendiung transcription request, transcribe_count: 1
2026-08-27 14:01:03.688 - RealTimeSTT: realtimestt - INFO - State changed from 'transcribing' to 'inactive'
2026-08-27 14:01:03.691 - RealTimeSTT: realtimestt - DEBUG - Model tiny completed transcription in 0.57 seconds
2026-08-27 14:01:04.458 - RealTimeSTT: realtimestt - DEBUG - _audio_data_worker writing audio data into queue.
2026-08-27 14:01:05.482 - RealTimeSTT: realtimestt - DEBUG - _audio_data_worker writing audio data into queue.
2026-08-27 14:01:06.506 - RealTimeSTT: realtimestt - DEBUG - _audio_data_worker writing audio data into queue.
2026-08-27 14:01:07.530 - RealTimeSTT: realtimestt - DEBUG - _audio_data_worker writing audio data into queue.
2026-08-27 14:01:08.554 - RealTimeSTT: realtimestt - DEBUG - _audio_data_worker writing audio data into queue.
2026-08-27 14:01:09.578 - RealTimeSTT: realtimestt - DEBUG - _audio_data_worker writing audio data into queue.
2026-08-27 14:01:10.602 - RealTimeSTT: realtimestt - DEBUG - _audio_data_worker writing audio data into queue.
2026-08-27 14:01:11.626 - RealTimeSTT: realtimestt - DEBUG - _audio_data_worker writing audio data into queue.
2026-08-27 14:01:12.650 - RealTimeSTT: realtimestt - DEBUG - _audio_data_worker writing audio data into queue.
2026-08-27 14:01:13.674 - RealTimeSTT: realtimestt - DEBUG - _audio_data_worker writing audio data into queue.
2026-08-27 14:01:14.698 - RealTimeSTT: realtimestt - DEBUG - _audio_data_worker writing audio data into queue.
2026-08-27 14:01:15.722 - RealTimeSTT: realtimestt - DEBUG - _audio_data_worker writing audio data into queue.
2026-08-27 14:01:16.746 - RealTimeSTT: realtimestt - DEBUG - _audio_data_worker writing audio data into queue.
2026-08-27 14:01:17.770 - RealTimeSTT: realtimestt - DEBUG - _audio_data_worker writing audio data into queue.
2026-08-27 14:01:18.794 - RealTimeSTT: realtimestt - DEBUG - _audio_data_worker writing audio data into queue.
2026-08-27 14:01:19.818 - RealTimeSTT: realtimestt - DEBUG - _audio_data_worker writing audio data into queue.
2026-08-27 14:01:20.842 - RealTimeSTT: realtimestt - DEBUG - _audio_data_worker writing audio data into queue.
2026-08-27 14:01:21.866 - RealTimeSTT: realtimestt - DEBUG - _audio_data_worker writing audio data into queue.
2026-08-27 14:01:22.890 - RealTimeSTT: realtimestt - DEBUG - _audio_data_worker writing audio data into queue.
2026-08-27 14:01:23.914 - RealTimeSTT: realtimestt - DEBUG - _audio_data_worker writing audio data into queue.
2026-08-27 14:01:24.938 - RealTimeSTT: realtimestt - DEBUG - _audio_data_worker writing audio data into queue.
2026-08-27 14:01:25.962 - RealTimeSTT: realtimestt - DEBUG - _audio_data_worker writing audio data into queue.
2026-08-27 14:01:26.986 - RealTimeSTT: realtimestt - DEBUG - _audio_data_worker writing audio data into queue.
2026-08-27 14:01:28.010 - RealTimeSTT: realtimestt - DEBUG - _audio_data_worker writing audio data into queue.
2026-08-27 14:01:29.034 - RealTimeSTT: realtimestt - DEBUG - _audio_data_worker writing audio data into queue.
2026-08-27 14:01:30.058 - RealTimeSTT: realtimestt - DEBUG - _audio_data_worker writing audio data into queue.
2026-08-27 14:01:31.082 - RealTimeSTT: realtimestt - DEBUG - _audio_data_worker writing audio data into queue.
2026-08-27 14:01:32.106 - RealTimeSTT: realtimestt - DEBUG - _audio_data_worker writing audio data into queue.
2026-08-27 14:01:33.130 - RealTimeSTT: realtimestt - DEBUG - _audio_data_worker writing audio data into queue.
2026-08-27 14:01:34.154 - RealTimeSTT: realtimestt - DEBUG - _audio_data_worker writing audio data into queue.
2026-08-27 14:01:35.178 - RealTimeSTT: realtimestt - DEBUG - _audio_data_worker writing audio data into queue.
2026-08-27 14:01:36.202 - RealTimeSTT: realtimestt - DEBUG - _audio_data_worker writing audio data into queue.
2026-08-27 14:01:37.226 - RealTimeSTT: realtimestt - DEBUG - _audio_data_worker writing audio data into queue.
2026-08-27 14:01:38.250 - RealTimeSTT: realtimestt - DEBUG - _audio_data_worker writing audio data into queue.
2026-08-27 14:01:39.274 - RealTimeSTT: realtimestt - DEBUG - _audio_data_worker writing audio data into queue.
2026-08-27 14:01:40.298 - RealTimeSTT: realtimestt - DEBUG - _audio_data_worker writing audio data into queue.
2026-08-27 14:01:41.322 - RealTimeSTT: realtimestt - DEBUG - _audio_data_worker writing audio data into queue.
2026-08-27 14:01:42.346 - RealTimeSTT: realtimestt - DEBUG - _audio_data_worker writing audio data into queue.
2026-08-27 14:01:42.393 - RealTimeSTT: realtimestt - INFO - recording started
2026-08-27 14:01:42.393 - RealTimeSTT: realtimestt - INFO - State changed from 'inactive' to 'recording'
2026-08-27 14:01:43.370 - RealTimeSTT: realtimestt - DEBUG - _audio_data_worker writing audio data into queue.
2026-08-27 14:01:44.394 - RealTimeSTT: realtimestt - DEBUG - _audio_data_worker writing audio data into queue.
2026-08-27 14:01:45.418 - RealTimeSTT: realtimestt - DEBUG - _audio_data_worker writing audio data into queue.
2026-08-27 14:01:46.442 - RealTimeSTT: realtimestt - DEBUG - _audio_data_worker writing audio data into queue.
2026-08-27 14:01:47.466 - RealTimeSTT: realtimestt - DEBUG - _audio_data_worker writing audio data into queue.
2026-08-27 14:01:48.490 - RealTimeSTT: realtimestt - DEBUG - _audio_data_worker writing audio data into queue.
2026-08-27 14:01:49.514 - RealTimeSTT: realtimestt - DEBUG - _audio_data_worker writing audio data into queue.
2026-08-27 14:01:50.538 - RealTimeSTT: realtimestt - DEBUG - _audio_data_worker writing audio data into queue.
2026-08-27 14:01:51.562 - RealTimeSTT: realtimestt - DEBUG - _audio_data_worker writing audio data into queue.
2026-08-27 14:01:52.586 - RealTimeSTT: realtimestt - DEBUG - _audio_data_worker writing audio data into queue.
2026-08-27 14:01:53.610 - RealTimeSTT: realtimestt - DEBUG - _audio_data_worker writing audio data into queue.
2026-08-27 14:01:54.634 - RealTimeSTT: realtimestt - DEBUG - _audio_data_worker writing audio data into queue.
2026-08-27 14:01:55.658 - RealTimeSTT: realtimestt - DEBUG - _audio_data_worker writing audio data into queue.
2026-08-27 14:01:56.682 - RealTimeSTT: realtimestt - DEBUG - _audio_data_worker writing audio data into queue.
2026-08-27 14:01:57.706 - RealTimeSTT: realtimestt - DEBUG - _audio_data_worker writing audio data into queue.
2026-08-27 14:01:58.730 - RealTimeSTT: realtimestt - DEBUG - _audio_data_worker writing audio data into queue.
2026-08-27 14:01:59.754 - RealTimeSTT: realtimestt - DEBUG - _audio_data_worker writing audio data into queue.
2026-08-27 14:02:00.778 - RealTimeSTT: realtimestt - DEBUG - _audio_data_worker writing audio data into queue.
2026-08-27 14:02:01.802 - RealTimeSTT: realtimestt - DEBUG - _audio_data_worker writing audio data into queue.
2026-08-27 14:02:02.826 - RealTimeSTT: realtimestt - DEBUG - _audio_data_worker writing audio data into queue.
2026-08-27 14:02:03.850 - RealTimeSTT: realtimestt - DEBUG - _audio_data_worker writing audio data into queue.
2026-08-27 14:02:04.874 - RealTimeSTT: realtimestt - DEBUG - _audio_data_worker writing audio data into queue.
2026-08-27 14:02:05.898 - RealTimeSTT: realtimestt - DEBUG - _audio_data_worker writing audio data into queue.
2026-08-27 14:02:06.922 - RealTimeSTT: realtimestt - DEBUG - _audio_data_worker writing audio data into queue.
2026-08-27 14:02:07.946 - RealTimeSTT: realtimestt - DEBUG - _audio_data_worker writing audio data into queue.
2026-08-27 14:02:08.970 - RealTimeSTT: realtimestt - DEBUG - _audio_data_worker writing audio data into queue.
2026-08-27 14:02:09.994 - RealTimeSTT: realtimestt - DEBUG - _audio_data_worker writing audio data into queue.
2026-08-27 14:02:11.018 - RealTimeSTT: realtimestt - DEBUG - _audio_data_worker writing audio data into queue.
2026-08-27 14:02:12.042 - RealTimeSTT: realtimestt - DEBUG - _audio_data_worker writing audio data into queue.
2026-08-27 14:02:13.066 - RealTimeSTT: realtimestt - DEBUG - _audio_data_worker writing audio data into queue.
2026-08-27 14:02:14.090 - RealTimeSTT: realtimestt - DEBUG - _audio_data_worker writing audio data into queue.
2026-08-27 14:02:15.114 - RealTimeSTT: realtimestt - DEBUG - _audio_data_worker writing audio data into queue.
2026-08-27 14:02:16.138 - RealTimeSTT: realtimestt - DEBUG - _audio_data_worker writing audio data into queue.
2026-08-27 14:02:17.162 - RealTimeSTT: realtimestt - DEBUG - _audio_data_worker writing audio data into queue.
2026-08-27 14:02:18.187 - RealTimeSTT: realtimestt - DEBUG - _audio_data_worker writing audio data into queue.
2026-08-27 14:02:19.210 - RealTimeSTT: realtimestt - DEBUG - _audio_data_worker writing audio data into queue.
2026-08-27 14:02:20.234 - RealTimeSTT: realtimestt - DEBUG - _audio_data_worker writing audio data into queue.
2026-08-27 14:02:21.258 - RealTimeSTT: realtimestt - DEBUG - _audio_data_worker writing audio data into queue.
2026-08-27 14:02:22.282 - RealTimeSTT: realtimestt - DEBUG - _audio_data_worker writing audio data into queue.
2026-08-27 14:02:23.306 - RealTimeSTT: realtimestt - DEBUG - _audio_data_worker writing audio data into queue.
2026-08-27 14:02:24.095 - RealTimeSTT: realtimestt - INFO - recording stopped
2026-08-27 14:02:24.105 - RealTimeSTT: realtimestt - INFO - Setting listen time
2026-08-27 14:02:24.107 - RealTimeSTT: realtimestt - DEBUG - No samples removed, final audio length: 667648
2026-08-27 14:02:24.107 - RealTimeSTT: realtimestt - INFO - State changed from 'recording' to 'inactive'
2026-08-27 14:02:24.107 - RealTimeSTT: realtimestt - INFO - State changed from 'inactive' to 'transcribing'
2026-08-27 14:02:24.107 - RealTimeSTT: realtimestt - DEBUG - Adding transcription request, no early transcription started
2026-08-27 14:02:24.127 - RealTimeSTT: realtimestt - DEBUG - Receive from parent_transcription_pipe after sendiung transcription request, transcribe_count: 1
2026-08-27 14:02:24.230 - RealTimeSTT: realtimestt - DEBUG - Receive from parent_transcription_pipe after sendiung transcription request, transcribe_count: 1
2026-08-27 14:02:24.330 - RealTimeSTT: realtimestt - DEBUG - _audio_data_worker writing audio data into queue.
2026-08-27 14:02:24.330 - RealTimeSTT: realtimestt - DEBUG - Receive from parent_transcription_pipe after sendiung transcription request, transcribe_count: 1
2026-08-27 14:02:24.431 - RealTimeSTT: realtimestt - DEBUG - Receive from parent_transcription_pipe after sendiung transcription request, transcribe_count: 1
2026-08-27 14:02:24.531 - RealTimeSTT: realtimestt - DEBUG - Receive from parent_transcription_pipe after sendiung transcription request, transcribe_count: 1
2026-08-27 14:02:24.632 - RealTimeSTT: realtimestt - DEBUG - Receive from parent_transcription_pipe after sendiung transcription request, transcribe_count: 1
2026-08-27 14:02:24.732 - RealTimeSTT: realtimestt - DEBUG - Receive from parent_transcription_pipe after sendiung transcription request, transcribe_count: 1
2026-08-27 14:02:24.833 - RealTimeSTT: realtimestt - DEBUG - Receive from parent_transcription_pipe after sendiung transcription request, transcribe_count: 1
2026-08-27 14:02:24.933 - RealTimeSTT: realtimestt - DEBUG - Receive from parent_transcription_pipe after sendiung transcription request, transcribe_count: 1
2026-08-27 14:02:25.034 - RealTimeSTT: realtimestt - DEBUG - Receive from parent_transcription_pipe after sendiung transcription request, transcribe_count: 1
2026-08-27 14:02:25.134 - RealTimeSTT: realtimestt - DEBUG - Receive from parent_transcription_pipe after sendiung transcription request, transcribe_count: 1
2026-08-27 14:02:25.192 - RealTimeSTT: realtimestt - INFO - State changed from 'transcribing' to 'inactive'
2026-08-27 14:02:25.196 - RealTimeSTT: realtimestt - DEBUG - Model tiny completed transcription in 1.09 seconds
2026-08-27 14:02:25.354 - RealTimeSTT: realtimestt - DEBUG - _audio_data_worker writing audio data into queue.
2026-08-27 14:02:26.378 - RealTimeSTT: realtimestt - DEBUG - _audio_data_worker writing audio data into queue.
2026-08-27 14:02:27.402 - RealTimeSTT: realtimestt - DEBUG - _audio_data_worker writing audio data into queue.
2026-08-27 14:02:28.426 - RealTimeSTT: realtimestt - DEBUG - _audio_data_worker writing audio data into queue.
2026-08-27 14:02:29.450 - RealTimeSTT: realtimestt - DEBUG - _audio_data_worker writing audio data into queue.
2026-08-27 14:02:30.474 - RealTimeSTT: realtimestt - DEBUG - _audio_data_worker writing audio data into queue.
2026-08-27 14:02:31.498 - RealTimeSTT: realtimestt - DEBUG - _audio_data_worker writing audio data into queue.
2026-08-27 14:02:32.523 - RealTimeSTT: realtimestt - DEBUG - _audio_data_worker writing audio data into queue.
2026-08-27 14:02:33.546 - RealTimeSTT: realtimestt - DEBUG - _audio_data_worker writing audio data into queue.
2026-08-27 14:02:34.571 - RealTimeSTT: realtimestt - DEBUG - _audio_data_worker writing audio data into queue.
2026-08-27 14:02:35.595 - RealTimeSTT: realtimestt - DEBUG - _audio_data_worker writing audio data into queue.
2026-08-27 14:02:36.619 - RealTimeSTT: realtimestt - DEBUG - _audio_data_worker writing audio data into queue.
2026-08-27 14:02:37.642 - RealTimeSTT: realtimestt - DEBUG - _audio_data_worker writing audio data into queue.
2026-08-27 14:02:38.667 - RealTimeSTT: realtimestt - DEBUG - _audio_data_worker writing audio data into queue.
2026-08-27 14:02:39.691 - RealTimeSTT: realtimestt - DEBUG - _audio_data_worker writing audio data into queue.
2026-08-27 14:02:40.714 - RealTimeSTT: realtimestt - DEBUG - _audio_data_worker writing audio data into queue.
2026-08-27 14:02:41.738 - RealTimeSTT: realtimestt - DEBUG - _audio_data_worker writing audio data into queue.
2026-08-27 14:02:42.763 - RealTimeSTT: realtimestt - DEBUG - _audio_data_worker writing audio data into queue.
2026-08-27 14:02:43.786 - RealTimeSTT: realtimestt - DEBUG - _audio_data_worker writing audio data into queue.
2026-08-27 14:02:44.810 - RealTimeSTT: realtimestt - DEBUG - _audio_data_worker writing audio data into queue.
2026-08-27 14:02:45.834 - RealTimeSTT: realtimestt - DEBUG - _audio_data_worker writing audio data into queue.
2026-08-27 14:02:46.858 - RealTimeSTT: realtimestt - DEBUG - _audio_data_worker writing audio data into queue.
2026-08-27 14:02:47.882 - RealTimeSTT: realtimestt - DEBUG - _audio_data_worker writing audio data into queue.
2026-08-27 14:02:48.907 - RealTimeSTT: realtimestt - DEBUG - _audio_data_worker writing audio data into queue.
2026-08-27 14:02:49.930 - RealTimeSTT: realtimestt - DEBUG - _audio_data_worker writing audio data into queue.
2026-08-27 14:02:50.955 - RealTimeSTT: realtimestt - DEBUG - _audio_data_worker writing audio data into queue.
2026-08-27 14:02:51.979 - RealTimeSTT: realtimestt - DEBUG - _audio_data_worker writing audio data into queue.
2026-08-27 14:02:53.003 - RealTimeSTT: realtimestt - DEBUG - _audio_data_worker writing audio data into queue.
2026-08-27 14:02:54.026 - RealTimeSTT: realtimestt - DEBUG - _audio_data_worker writing audio data into queue.
2026-08-27 14:02:55.050 - RealTimeSTT: realtimestt - DEBUG - _audio_data_worker writing audio data into queue.
2026-08-27 14:02:56.074 - RealTimeSTT: realtimestt - DEBUG - _audio_data_worker writing audio data into queue.
2026-08-27 14:02:57.099 - RealTimeSTT: realtimestt - DEBUG - _audio_data_worker writing audio data into queue.
2026-08-27 14:02:58.122 - RealTimeSTT: realtimestt - DEBUG - _audio_data_worker writing audio data into queue.
2026-08-27 14:02:59.147 - RealTimeSTT: realtimestt - DEBUG - _audio_data_worker writing audio data into queue.
2026-08-27 14:03:00.171 - RealTimeSTT: realtimestt - DEBUG - _audio_data_worker writing audio data into queue.
2026-08-27 14:03:01.195 - RealTimeSTT: realtimestt - DEBUG - _audio_data_worker writing audio data into queue.
2026-08-27 14:03:02.219 - RealTimeSTT: realtimestt - DEBUG - _audio_data_worker writing audio data into queue.
2026-08-27 14:03:03.243 - RealTimeSTT: realtimestt - DEBUG - _audio_data_worker writing audio data into queue.
2026-08-27 14:03:04.266 - RealTimeSTT: realtimestt - DEBUG - _audio_data_worker writing audio data into queue.
2026-08-27 14:03:05.291 - RealTimeSTT: realtimestt - DEBUG - _audio_data_worker writing audio data into queue.
2026-08-27 14:03:06.314 - RealTimeSTT: realtimestt - DEBUG - _audio_data_worker writing audio data into queue.
2026-08-27 14:03:07.339 - RealTimeSTT: realtimestt - DEBUG - _audio_data_worker writing audio data into queue.
2026-08-27 14:03:08.363 - RealTimeSTT: realtimestt - DEBUG - _audio_data_worker writing audio data into queue.
2026-08-27 14:03:09.387 - RealTimeSTT: realtimestt - DEBUG - _audio_data_worker writing audio data into queue.
2026-08-27 14:03:10.411 - RealTimeSTT: realtimestt - DEBUG - _audio_data_worker writing audio data into queue.
2026-08-27 14:03:11.435 - RealTimeSTT: realtimestt - DEBUG - _audio_data_worker writing audio data into queue.
2026-08-27 14:03:12.459 - RealTimeSTT: realtimestt - DEBUG - _audio_data_worker writing audio data into queue.
2026-08-27 14:03:13.483 - RealTimeSTT: realtimestt - DEBUG - _audio_data_worker writing audio data into queue.
2026-08-27 14:03:14.507 - RealTimeSTT: realtimestt - DEBUG - _audio_data_worker writing audio data into queue.
2026-08-27 14:03:15.531 - RealTimeSTT: realtimestt - DEBUG - _audio_data_worker writing audio data into queue.
2026-08-27 14:03:16.555 - RealTimeSTT: realtimestt - DEBUG - _audio_data_worker writing audio data into queue.
2026-08-27 14:03:17.579 - RealTimeSTT: realtimestt - DEBUG - _audio_data_worker writing audio data into queue.
2026-08-27 14:03:18.603 - RealTimeSTT: realtimestt - DEBUG - _audio_data_worker writing audio data into queue.
2026-08-27 14:03:19.627 - RealTimeSTT: realtimestt - DEBUG - _audio_data_worker writing audio data into queue.
2026-08-27 14:03:20.651 - RealTimeSTT: realtimestt - DEBUG - _audio_data_worker writing audio data into queue.
2026-08-27 14:03:21.675 - RealTimeSTT: realtimestt - DEBUG - _audio_data_worker writing audio data into queue.
2026-08-27 14:03:22.699 - RealTimeSTT: realtimestt - DEBUG - _audio_data_worker writing audio data into queue.
2026-08-27 14:03:23.723 - RealTimeSTT: realtimestt - DEBUG - _audio_data_worker writing audio data into queue.
2026-08-27 14:03:24.747 - RealTimeSTT: realtimestt - DEBUG - _audio_data_worker writing audio data into queue.
2026-08-27 14:03:25.771 - RealTimeSTT: realtimestt - DEBUG - _audio_data_worker writing audio data into queue.
2026-08-27 14:03:26.795 - RealTimeSTT: realtimestt - DEBUG - _audio_data_worker writing audio data into queue.
2026-08-27 14:03:27.819 - RealTimeSTT: realtimestt - DEBUG - _audio_data_worker writing audio data into queue.
2026-08-27 14:03:28.843 - RealTimeSTT: realtimestt - DEBUG - _audio_data_worker writing audio data into queue.
2026-08-27 14:03:29.867 - RealTimeSTT: realtimestt - DEBUG - _audio_data_worker writing audio data into queue.
2026-08-27 14:03:30.891 - RealTimeSTT: realtimestt - DEBUG - _audio_data_worker writing audio data into queue.
2026-08-27 14:03:31.915 - RealTimeSTT: realtimestt - DEBUG - _audio_data_worker writing audio data into queue.
2026-08-27 14:03:32.939 - RealTimeSTT: realtimestt - DEBUG - _audio_data_worker writing audio data into queue.
2026-08-27 14:03:33.963 - RealTimeSTT: realtimestt - DEBUG - _audio_data_worker writing audio data into queue.
2026-08-27 14:03:34.987 - RealTimeSTT: realtimestt - DEBUG - _audio_data_worker writing audio data into queue.
2026-08-27 14:03:36.011 - RealTimeSTT: realtimestt - DEBUG - _audio_data_worker writing audio data into queue.
2026-08-27 14:03:37.035 - RealTimeSTT: realtimestt - DEBUG - _audio_data_worker writing audio data into queue.
2026-08-27 14:03:38.059 - RealTimeSTT: realtimestt - DEBUG - _audio_data_worker writing audio data into queue.
2026-08-27 14:03:39.083 - RealTimeSTT: realtimestt - DEBUG - _audio_data_worker writing audio data into queue.
2026-08-27 14:03:40.107 - RealTimeSTT: realtimestt - DEBUG - _audio_data_worker writing audio data into queue.
2026-08-27 14:03:41.131 - RealTimeSTT: realtimestt - DEBUG - _audio_data_worker writing audio data into queue.
2026-08-27 14:03:42.155 - RealTimeSTT: realtimestt - DEBUG - _audio_data_worker writing audio data into queue.
2026-08-27 14:03:43.179 - RealTimeSTT: realtimestt - DEBUG - _audio_data_worker writing audio data into queue.
2026-08-27 14:03:44.203 - RealTimeSTT: realtimestt - DEBUG - _audio_data_worker writing audio data into queue.
2026-08-27 14:03:45.227 - RealTimeSTT: realtimestt - DEBUG - _audio_data_worker writing audio data into queue.
2026-08-27 14:03:46.251 - RealTimeSTT: realtimestt - DEBUG - _audio_data_worker writing audio data into queue.
2026-08-27 14:03:47.275 - RealTimeSTT: realtimestt - DEBUG - _audio_data_worker writing audio data into queue.
2026-08-27 14:03:48.299 - RealTimeSTT: realtimestt - DEBUG - _audio_data_worker writing audio data into queue.
2026-08-27 14:03:49.323 - RealTimeSTT: realtimestt - DEBUG - _audio_data_worker writing audio data into queue.
2026-08-27 14:03:50.347 - RealTimeSTT: realtimestt - DEBUG - _audio_data_worker writing audio data into queue.
2026-08-27 14:03:51.371 - RealTimeSTT: realtimestt - DEBUG - _audio_data_worker writing audio data into queue.
2026-08-27 14:03:52.395 - RealTimeSTT: realtimestt - DEBUG - _audio_data_worker writing audio data into queue.
2026-08-27 14:03:53.419 - RealTimeSTT: realtimestt - DEBUG - _audio_data_worker writing audio data into queue.
2026-08-27 14:03:54.443 - RealTimeSTT: realtimestt - DEBUG - _audio_data_worker writing audio data into queue.
2026-08-27 14:03:55.467 - RealTimeSTT: realtimestt - DEBUG - _audio_data_worker writing audio data into queue.
2026-08-27 14:03:56.491 - RealTimeSTT: realtimestt - DEBUG - _audio_data_worker writing audio data into queue.
2026-08-27 14:03:57.515 - RealTimeSTT: realtimestt - DEBUG - _audio_data_worker writing audio data into queue.
2026-08-27 14:03:58.539 - RealTimeSTT: realtimestt - DEBUG - _audio_data_worker writing audio data into queue.
2026-08-27 14:03:59.563 - RealTimeSTT: realtimestt - DEBUG - _audio_data_worker writing audio data into queue.
2026-08-27 14:04:00.587 - RealTimeSTT: realtimestt - DEBUG - _audio_data_worker writing audio data into queue.
2026-08-27 14:04:01.611 - RealTimeSTT: realtimestt - DEBUG - _audio_data_worker writing audio data into queue.
2026-08-27 14:04:02.635 - RealTimeSTT: realtimestt - DEBUG - _audio_data_worker writing audio data into queue.
2026-08-27 14:04:03.659 - RealTimeSTT: realtimestt - DEBUG - _audio_data_worker writing audio data into queue.
2026-08-27 14:04:04.683 - RealTimeSTT: realtimestt - DEBUG - _audio_data_worker writing audio data into queue.
2026-08-27 14:04:05.707 - RealTimeSTT: realtimestt - DEBUG - _audio_data_worker writing audio data into queue.
2026-08-27 14:04:06.731 - RealTimeSTT: realtimestt - DEBUG - _audio_data_worker writing audio data into queue.
2026-08-27 14:04:07.755 - RealTimeSTT: realtimestt - DEBUG - _audio_data_worker writing audio data into queue.
2026-08-27 14:04:08.779 - RealTimeSTT: realtimestt - DEBUG - _audio_data_worker writing audio data into queue.
2026-08-27 14:04:09.803 - RealTimeSTT: realtimestt - DEBUG - _audio_data_worker writing audio data into queue.
2026-08-27 14:04:10.827 - RealTimeSTT: realtimestt - DEBUG - _audio_data_worker writing audio data into queue.
2026-08-27 14:04:11.851 - RealTimeSTT: realtimestt - DEBUG - _audio_data_worker writing audio data into queue.
2026-08-27 14:04:12.875 - RealTimeSTT: realtimestt - DEBUG - _audio_data_worker writing audio data into queue.
2026-08-27 14:04:13.899 - RealTimeSTT: realtimestt - DEBUG - _audio_data_worker writing audio data into queue.
2026-08-27 14:04:14.923 - RealTimeSTT: realtimestt - DEBUG - _audio_data_worker writing audio data into queue.
2026-08-27 14:04:15.947 - RealTimeSTT: realtimestt - DEBUG - _audio_data_worker writing audio data into queue.
2026-08-27 14:04:16.971 - RealTimeSTT: realtimestt - DEBUG - _audio_data_worker writing audio data into queue.
2026-08-27 14:04:17.995 - RealTimeSTT: realtimestt - DEBUG - _audio_data_worker writing audio data into queue.
2026-08-27 14:04:19.019 - RealTimeSTT: realtimestt - DEBUG - _audio_data_worker writing audio data into queue.
2026-08-27 14:04:20.043 - RealTimeSTT: realtimestt - DEBUG - _audio_data_worker writing audio data into queue.
2026-08-27 14:04:21.067 - RealTimeSTT: realtimestt - DEBUG - _audio_data_worker writing audio data into queue.
2026-08-27 14:04:22.091 - RealTimeSTT: realtimestt - DEBUG - _audio_data_worker writing audio data into queue.
2026-08-27 14:04:23.115 - RealTimeSTT: realtimestt - DEBUG - _audio_data_worker writing audio data into queue.
2026-08-27 14:04:24.139 - RealTimeSTT: realtimestt - DEBUG - _audio_data_worker writing audio data into queue.
2026-08-27 14:04:25.163 - RealTimeSTT: realtimestt - DEBUG - _audio_data_worker writing audio data into queue.
2026-08-27 14:04:26.187 - RealTimeSTT: realtimestt - DEBUG - _audio_data_worker writing audio data into queue.
2026-08-27 14:04:27.211 - RealTimeSTT: realtimestt - DEBUG - _audio_data_worker writing audio data into queue.
2026-08-27 14:04:28.235 - RealTimeSTT: realtimestt - DEBUG - _audio_data_worker writing audio data into queue.
2026-08-27 14:04:29.259 - RealTimeSTT: realtimestt - DEBUG - _audio_data_worker writing audio data into queue.
2026-08-27 14:04:30.283 - RealTimeSTT: realtimestt - DEBUG - _audio_data_worker writing audio data into queue.
2026-08-27 14:04:31.307 - RealTimeSTT: realtimestt - DEBUG - _audio_data_worker writing audio data into queue.
2026-08-27 14:04:32.331 - RealTimeSTT: realtimestt - DEBUG - _audio_data_worker writing audio data into queue.
2026-08-27 14:04:33.355 - RealTimeSTT: realtimestt - DEBUG - _audio_data_worker writing audio data into queue.
2026-08-27 14:04:34.379 - RealTimeSTT: realtimestt - DEBUG - _audio_data_worker writing audio data into queue.
2026-08-27 14:04:35.403 - RealTimeSTT: realtimestt - DEBUG - _audio_data_worker writing audio data into queue.
2026-08-27 14:04:36.427 - RealTimeSTT: realtimestt - DEBUG - _audio_data_worker writing audio data into queue.
2026-08-27 14:04:37.451 - RealTimeSTT: realtimestt - DEBUG - _audio_data_worker writing audio data into queue.
2026-08-27 14:04:38.475 - RealTimeSTT: realtimestt - DEBUG - _audio_data_worker writing audio data into queue.
2026-08-27 14:04:39.499 - RealTimeSTT: realtimestt - DEBUG - _audio_data_worker writing audio data into queue.
2026-08-27 14:04:40.523 - RealTimeSTT: realtimestt - DEBUG - _audio_data_worker writing audio data into queue.
2026-08-27 14:04:41.547 - RealTimeSTT: realtimestt - DEBUG - _audio_data_worker writing audio data into queue.
2026-08-27 14:04:42.571 - RealTimeSTT: realtimestt - DEBUG - _audio_data_worker writing audio data into queue.
2026-08-27 14:04:43.595 - RealTimeSTT: realtimestt - DEBUG - _audio_data_worker writing audio data into queue.
2026-08-27 14:04:44.619 - RealTimeSTT: realtimestt - DEBUG - _audio_data_worker writing audio data into queue.
2026-08-27 14:04:45.643 - RealTimeSTT: realtimestt - DEBUG - _audio_data_worker writing audio data into queue.
2026-08-27 14:04:46.667 - RealTimeSTT: realtimestt - DEBUG - _audio_data_worker writing audio data into queue.
2026-08-27 14:04:47.691 - RealTimeSTT: realtimestt - DEBUG - _audio_data_worker writing audio data into queue.
2026-08-27 14:04:48.715 - RealTimeSTT: realtimestt - DEBUG - _audio_data_worker writing audio data into queue.
2026-08-27 14:04:49.739 - RealTimeSTT: realtimestt - DEBUG - _audio_data_worker writing audio data into queue.
2026-08-27 14:04:50.763 - RealTimeSTT: realtimestt - DEBUG - _audio_data_worker writing audio data into queue.
2026-08-27 14:04:51.787 - RealTimeSTT: realtimestt - DEBUG - _audio_data_worker writing audio data into queue.
2026-08-27 14:04:52.811 - RealTimeSTT: realtimestt - DEBUG - _audio_data_worker writing audio data into queue.
2026-08-27 14:04:53.835 - RealTimeSTT: realtimestt - DEBUG - _audio_data_worker writing audio data into queue.
2026-08-27 14:04:54.859 - RealTimeSTT: realtimestt - DEBUG - _audio_data_worker writing audio data into queue.
2026-08-27 14:04:55.883 - RealTimeSTT: realtimestt - DEBUG - _audio_data_worker writing audio data into queue.
2026-08-27 14:04:56.907 - RealTimeSTT: realtimestt - DEBUG - _audio_data_worker writing audio data into queue.
2026-08-27 14:04:57.931 - RealTimeSTT: realtimestt - DEBUG - _audio_data_worker writing audio data into queue.
2026-08-27 14:04:58.955 - RealTimeSTT: realtimestt - DEBUG - _audio_data_worker writing audio data into queue.
2026-08-27 14:04:59.979 - RealTimeSTT: realtimestt - DEBUG - _audio_data_worker writing audio data into queue.
2026-08-27 14:05:01.003 - RealTimeSTT: realtimestt - DEBUG - _audio_data_worker writing audio data into queue.
2026-08-27 14:05:02.027 - RealTimeSTT: realtimestt - DEBUG - _audio_data_worker writing audio data into queue.
2026-08-27 14:05:03.051 - RealTimeSTT: realtimestt - DEBUG - _audio_data_worker writing audio data into queue.
2026-08-27 14:05:04.075 - RealTimeSTT: realtimestt - DEBUG - _audio_data_worker writing audio data into queue.
2026-08-27 14:05:05.099 - RealTimeSTT: realtimestt - DEBUG - _audio_data_worker writing audio data into queue.
2026-08-27 14:05:06.123 - RealTimeSTT: realtimestt - DEBUG - _audio_data_worker writing audio data into queue.
2026-08-27 14:05:07.147 - RealTimeSTT: realtimestt - DEBUG - _audio_data_worker writing audio data into queue.
2026-08-27 14:05:08.171 - RealTimeSTT: realtimestt - DEBUG - _audio_data_worker writing audio data into queue.
2026-08-27 14:05:09.195 - RealTimeSTT: realtimestt - DEBUG - _audio_data_worker writing audio data into queue.
2026-08-27 14:05:10.219 - RealTimeSTT: realtimestt - DEBUG - _audio_data_worker writing audio data into queue.
2026-08-27 14:05:11.243 - RealTimeSTT: realtimestt - DEBUG - _audio_data_worker writing audio data into queue.
2026-08-27 14:05:12.267 - RealTimeSTT: realtimestt - DEBUG - _audio_data_worker writing audio data into queue.
2026-08-27 14:05:13.291 - RealTimeSTT: realtimestt - DEBUG - _audio_data_worker writing audio data into queue.
2026-08-27 14:05:14.315 - RealTimeSTT: realtimestt - DEBUG - _audio_data_worker writing audio data into queue.
2026-08-27 14:05:15.339 - RealTimeSTT: realtimestt - DEBUG - _audio_data_worker writing audio data into queue.
2026-08-27 14:05:16.363 - RealTimeSTT: realtimestt - DEBUG - _audio_data_worker writing audio data into queue.
2026-08-27 14:05:17.387 - RealTimeSTT: realtimestt - DEBUG - _audio_data_worker writing audio data into queue.
2026-08-27 14:05:18.411 - RealTimeSTT: realtimestt - DEBUG - _audio_data_worker writing audio data into queue.
2026-08-27 14:05:19.435 - RealTimeSTT: realtimestt - DEBUG - _audio_data_worker writing audio data into queue.
2026-08-27 14:05:20.459 - RealTimeSTT: realtimestt - DEBUG - _audio_data_worker writing audio data into queue.
2026-08-27 14:05:21.483 - RealTimeSTT: realtimestt - DEBUG - _audio_data_worker writing audio data into queue.
2026-08-27 14:05:22.507 - RealTimeSTT: realtimestt - DEBUG - _audio_data_worker writing audio data into queue.
2026-08-27 14:05:23.531 - RealTimeSTT: realtimestt - DEBUG - _audio_data_worker writing audio data into queue.
2026-08-27 14:05:24.555 - RealTimeSTT: realtimestt - DEBUG - _audio_data_worker writing audio data into queue.
2026-08-27 14:05:25.579 - RealTimeSTT: realtimestt - DEBUG - _audio_data_worker writing audio data into queue.
2026-08-27 14:05:26.603 - RealTimeSTT: realtimestt - DEBUG - _audio_data_worker writing audio data into queue.
2026-08-27 14:05:27.627 - RealTimeSTT: realtimestt - DEBUG - _audio_data_worker writing audio data into queue.
2026-08-27 14:05:28.651 - RealTimeSTT: realtimestt - DEBUG - _audio_data_worker writing audio data into queue.
2026-08-27 14:05:29.675 - RealTimeSTT: realtimestt - DEBUG - _audio_data_worker writing audio data into queue.
2026-08-27 14:05:30.699 - RealTimeSTT: realtimestt - DEBUG - _audio_data_worker writing audio data into queue.
2026-08-27 14:05:31.723 - RealTimeSTT: realtimestt - DEBUG - _audio_data_worker writing audio data into queue.
2026-08-27 14:05:32.747 - RealTimeSTT: realtimestt - DEBUG - _audio_data_worker writing audio data into queue.
2026-08-27 14:05:33.771 - RealTimeSTT: realtimestt - DEBUG - _audio_data_worker writing audio data into queue.
2026-08-27 14:05:34.795 - RealTimeSTT: realtimestt - DEBUG - _audio_data_worker writing audio data into queue.
2026-08-27 14:05:35.819 - RealTimeSTT: realtimestt - DEBUG - _audio_data_worker writing audio data into queue.
2026-08-27 14:05:36.843 - RealTimeSTT: realtimestt - DEBUG - _audio_data_worker writing audio data into queue.
2026-08-27 14:05:37.867 - RealTimeSTT: realtimestt - DEBUG - _audio_data_worker writing audio data into queue.
2026-08-27 14:05:38.891 - RealTimeSTT: realtimestt - DEBUG - _audio_data_worker writing audio data into queue.
2026-08-27 14:05:39.915 - RealTimeSTT: realtimestt - DEBUG - _audio_data_worker writing audio data into queue.
2026-08-27 14:05:40.939 - RealTimeSTT: realtimestt - DEBUG - _audio_data_worker writing audio data into queue.
2026-08-27 14:05:41.963 - RealTimeSTT: realtimestt - DEBUG - _audio_data_worker writing audio data into queue.
2026-08-27 14:05:42.987 - RealTimeSTT: realtimestt - DEBUG - _audio_data_worker writing audio data into queue.
2026-08-27 14:05:44.011 - RealTimeSTT: realtimestt - DEBUG - _audio_data_worker writing audio data into queue.
2026-08-27 14:05:45.035 - RealTimeSTT: realtimestt - DEBUG - _audio_data_worker writing audio data into queue.
2026-08-27 14:05:46.059 - RealTimeSTT: realtimestt - DEBUG - _audio_data_worker writing audio data into queue.
2026-08-27 14:05:47.083 - RealTimeSTT: realtimestt - DEBUG - _audio_data_worker writing audio data into queue.
2026-08-27 14:05:48.107 - RealTimeSTT: realtimestt - DEBUG - _audio_data_worker writing audio data into queue.
2026-08-27 14:05:49.131 - RealTimeSTT: realtimestt - DEBUG - _audio_data_worker writing audio data into queue.
2026-08-27 14:05:50.155 - RealTimeSTT: realtimestt - DEBUG - _audio_data_worker writing audio data into queue.
2026-08-27 14:05:51.179 - RealTimeSTT: realtimestt - DEBUG - _audio_data_worker writing audio data into queue.
2026-08-27 14:05:52.203 - RealTimeSTT: realtimestt - DEBUG - _audio_data_worker writing audio data into queue.
2026-08-27 14:05:53.227 - RealTimeSTT: realtimestt - DEBUG - _audio_data_worker writing audio data into queue.
2026-08-27 14:05:54.251 - RealTimeSTT: realtimestt - DEBUG - _audio_data_worker writing audio data into queue.
2026-08-27 14:05:55.275 - RealTimeSTT: realtimestt - DEBUG - _audio_data_worker writing audio data into queue.
2026-08-27 14:05:56.299 - RealTimeSTT: realtimestt - DEBUG - _audio_data_worker writing audio data into queue.
2026-08-27 14:05:57.323 - RealTimeSTT: realtimestt - DEBUG - _audio_data_worker writing audio data into queue.
2026-08-27 14:05:58.347 - RealTimeSTT: realtimestt - DEBUG - _audio_data_worker writing audio data into queue.
2026-08-27 14:05:59.371 - RealTimeSTT: realtimestt - DEBUG - _audio_data_worker writing audio data into queue.
2026-08-27 14:06:00.395 - RealTimeSTT: realtimestt - DEBUG - _audio_data_worker writing audio data into queue.
2026-08-27 14:06:01.419 - RealTimeSTT: realtimestt - DEBUG - _audio_data_worker writing audio data into queue.
2026-08-27 14:06:02.443 - RealTimeSTT: realtimestt - DEBUG - _audio_data_worker writing audio data into queue.
2026-08-27 14:06:03.467 - RealTimeSTT: realtimestt - DEBUG - _audio_data_worker writing audio data into queue.
2026-08-27 14:06:04.491 - RealTimeSTT: realtimestt - DEBUG - _audio_data_worker writing audio data into queue.
2026-08-27 14:06:05.515 - RealTimeSTT: realtimestt - DEBUG - _audio_data_worker writing audio data into queue.
2026-08-27 14:06:06.539 - RealTimeSTT: realtimestt - DEBUG - _audio_data_worker writing audio data into queue.
2026-08-27 14:06:07.563 - RealTimeSTT: realtimestt - DEBUG - _audio_data_worker writing audio data into queue.
2026-08-27 14:06:08.587 - RealTimeSTT: realtimestt - DEBUG - _audio_data_worker writing audio data into queue.
2026-08-27 14:06:09.611 - RealTimeSTT: realtimestt - DEBUG - _audio_data_worker writing audio data into queue.
2026-08-27 14:06:10.635 - RealTimeSTT: realtimestt - DEBUG - _audio_data_worker writing audio data into queue.
2026-08-27 14:06:11.659 - RealTimeSTT: realtimestt - DEBUG - _audio_data_worker writing audio data into queue.
2026-08-27 14:06:12.683 - RealTimeSTT: realtimestt - DEBUG - _audio_data_worker writing audio data into queue.
2026-08-27 14:06:13.707 - RealTimeSTT: realtimestt - DEBUG - _audio_data_worker writing audio data into queue.
2026-08-27 14:06:14.731 - RealTimeSTT: realtimestt - DEBUG - _audio_data_worker writing audio data into queue.
2026-08-27 14:06:15.755 - RealTimeSTT: realtimestt - DEBUG - _audio_data_worker writing audio data into queue.
2026-08-27 14:06:16.779 - RealTimeSTT: realtimestt - DEBUG - _audio_data_worker writing audio data into queue.
2026-08-27 14:06:17.803 - RealTimeSTT: realtimestt - DEBUG - _audio_data_worker writing audio data into queue.
2026-08-27 14:06:18.827 - RealTimeSTT: realtimestt - DEBUG - _audio_data_worker writing audio data into queue.
2026-08-27 14:06:19.851 - RealTimeSTT: realtimestt - DEBUG - _audio_data_worker writing audio data into queue.
2026-08-27 14:06:20.875 - RealTimeSTT: realtimestt - DEBUG - _audio_data_worker writing audio data into queue.
2026-08-27 14:06:21.899 - RealTimeSTT: realtimestt - DEBUG - _audio_data_worker writing audio data into queue.
2026-08-27 14:06:22.923 - RealTimeSTT: realtimestt - DEBUG - _audio_data_worker writing audio data into queue.
2026-08-27 14:06:23.947 - RealTimeSTT: realtimestt - DEBUG - _audio_data_worker writing audio data into queue.
2026-08-27 14:06:24.972 - RealTimeSTT: realtimestt - DEBUG - _audio_data_worker writing audio data into queue.
2026-08-27 14:06:25.995 - RealTimeSTT: realtimestt - DEBUG - _audio_data_worker writing audio data into queue.
2026-08-27 14:06:27.019 - RealTimeSTT: realtimestt - DEBUG - _audio_data_worker writing audio data into queue.
2026-08-27 14:06:28.044 - RealTimeSTT: realtimestt - DEBUG - _audio_data_worker writing audio data into queue.
2026-08-27 14:06:29.067 - RealTimeSTT: realtimestt - DEBUG - _audio_data_worker writing audio data into queue.
2026-08-27 14:06:30.091 - RealTimeSTT: realtimestt - DEBUG - _audio_data_worker writing audio data into queue.
2026-08-27 14:06:31.116 - RealTimeSTT: realtimestt - DEBUG - _audio_data_worker writing audio data into queue.
2026-08-27 14:06:32.139 - RealTimeSTT: realtimestt - DEBUG - _audio_data_worker writing audio data into queue.
2026-08-27 14:06:33.163 - RealTimeSTT: realtimestt - DEBUG - _audio_data_worker writing audio data into queue.
2026-08-27 14:06:34.188 - RealTimeSTT: realtimestt - DEBUG - _audio_data_worker writing audio data into queue.
2026-08-27 14:06:35.211 - RealTimeSTT: realtimestt - DEBUG - _audio_data_worker writing audio data into queue.
2026-08-27 14:06:36.235 - RealTimeSTT: realtimestt - DEBUG - _audio_data_worker writing audio data into queue.
2026-08-27 14:06:37.260 - RealTimeSTT: realtimestt - DEBUG - _audio_data_worker writing audio data into queue.
2026-08-27 14:06:38.284 - RealTimeSTT: realtimestt - DEBUG - _audio_data_worker writing audio data into queue.
2026-08-27 14:06:39.307 - RealTimeSTT: realtimestt - DEBUG - _audio_data_worker writing audio data into queue.
2026-08-27 14:06:40.332 - RealTimeSTT: realtimestt - DEBUG - _audio_data_worker writing audio data into queue.
2026-08-27 14:06:41.356 - RealTimeSTT: realtimestt - DEBUG - _audio_data_worker writing audio data into queue.
2026-08-27 14:06:42.380 - RealTimeSTT: realtimestt - DEBUG - _audio_data_worker writing audio data into queue.
2026-08-27 14:06:43.404 - RealTimeSTT: realtimestt - DEBUG - _audio_data_worker writing audio data into queue.
2026-08-27 14:06:44.427 - RealTimeSTT: realtimestt - DEBUG - _audio_data_worker writing audio data into queue.
2026-08-27 14:06:45.452 - RealTimeSTT: realtimestt - DEBUG - _audio_data_worker writing audio data into queue.
2026-08-27 14:06:46.476 - RealTimeSTT: realtimestt - DEBUG - _audio_data_worker writing audio data into queue.
2026-08-27 14:06:47.500 - RealTimeSTT: realtimestt - DEBUG - _audio_data_worker writing audio data into queue.
2026-08-27 14:06:48.523 - RealTimeSTT: realtimestt - DEBUG - _audio_data_worker writing audio data into queue.
2026-08-27 14:06:49.548 - RealTimeSTT: realtimestt - DEBUG - _audio_data_worker writing audio data into queue.
2026-08-27 14:06:50.572 - RealTimeSTT: realtimestt - DEBUG - _audio_data_worker writing audio data into queue.
2026-08-27 14:06:51.596 - RealTimeSTT: realtimestt - DEBUG - _audio_data_worker writing audio data into queue.
2026-08-27 14:06:52.620 - RealTimeSTT: realtimestt - DEBUG - _audio_data_worker writing audio data into queue.
2026-08-27 14:06:53.644 - RealTimeSTT: realtimestt - DEBUG - _audio_data_worker writing audio data into queue.
2026-08-27 14:06:54.668 - RealTimeSTT: realtimestt - DEBUG - _audio_data_worker writing audio data into queue.
2026-08-27 14:06:55.692 - RealTimeSTT: realtimestt - DEBUG - _audio_data_worker writing audio data into queue.
2026-08-27 14:06:56.716 - RealTimeSTT: realtimestt - DEBUG - _audio_data_worker writing audio data into queue.
2026-08-27 14:06:57.739 - RealTimeSTT: realtimestt - DEBUG - _audio_data_worker writing audio data into queue.
2026-08-27 14:06:58.764 - RealTimeSTT: realtimestt - DEBUG - _audio_data_worker writing audio data into queue.
2026-08-27 14:06:59.788 - RealTimeSTT: realtimestt - DEBUG - _audio_data_worker writing audio data into queue.
2026-08-27 14:07:00.812 - RealTimeSTT: realtimestt - DEBUG - _audio_data_worker writing audio data into queue.
2026-08-27 14:07:01.836 - RealTimeSTT: realtimestt - DEBUG - _audio_data_worker writing audio data into queue.
2026-08-27 14:07:02.859 - RealTimeSTT: realtimestt - DEBUG - _audio_data_worker writing audio data into queue.
2026-08-27 14:07:03.884 - RealTimeSTT: realtimestt - DEBUG - _audio_data_worker writing audio data into queue.
2026-08-27 14:07:04.908 - RealTimeSTT: realtimestt - DEBUG - _audio_data_worker writing audio data into queue.
2026-08-27 14:07:05.932 - RealTimeSTT: realtimestt - DEBUG - _audio_data_worker writing audio data into queue.
2026-08-27 14:07:06.956 - RealTimeSTT: realtimestt - DEBUG - _audio_data_worker writing audio data into queue.
2026-08-27 14:07:07.980 - RealTimeSTT: realtimestt - DEBUG - _audio_data_worker writing audio data into queue.
2026-08-27 14:07:09.004 - RealTimeSTT: realtimestt - DEBUG - _audio_data_worker writing audio data into queue.
2026-08-27 14:07:10.028 - RealTimeSTT: realtimestt - DEBUG - _audio_data_worker writing audio data into queue.
2026-08-27 14:07:11.052 - RealTimeSTT: realtimestt - DEBUG - _audio_data_worker writing audio data into queue.
2026-08-27 14:07:12.076 - RealTimeSTT: realtimestt - DEBUG - _audio_data_worker writing audio data into queue.
2026-08-27 14:07:13.100 - RealTimeSTT: realtimestt - DEBUG - _audio_data_worker writing audio data into queue.
2026-08-27 14:07:14.124 - RealTimeSTT: realtimestt - DEBUG - _audio_data_worker writing audio data into queue.
2026-08-27 14:07:15.148 - RealTimeSTT: realtimestt - DEBUG - _audio_data_worker writing audio data into queue.
2026-08-27 14:07:16.172 - RealTimeSTT: realtimestt - DEBUG - _audio_data_worker writing audio data into queue.
2026-08-27 14:07:17.196 - RealTimeSTT: realtimestt - DEBUG - _audio_data_worker writing audio data into queue.
2026-08-27 14:07:18.220 - RealTimeSTT: realtimestt - DEBUG - _audio_data_worker writing audio data into queue.
2026-08-27 14:07:19.244 - RealTimeSTT: realtimestt - DEBUG - _audio_data_worker writing audio data into queue.
2026-08-27 14:07:20.268 - RealTimeSTT: realtimestt - DEBUG - _audio_data_worker writing audio data into queue.
2026-08-27 14:07:21.292 - RealTimeSTT: realtimestt - DEBUG - _audio_data_worker writing audio data into queue.
2026-08-27 14:07:22.316 - RealTimeSTT: realtimestt - DEBUG - _audio_data_worker writing audio data into queue.
2026-08-27 14:07:23.340 - RealTimeSTT: realtimestt - DEBUG - _audio_data_worker writing audio data into queue.
2026-08-27 14:07:24.364 - RealTimeSTT: realtimestt - DEBUG - _audio_data_worker writing audio data into queue.
2026-08-27 14:07:25.388 - RealTimeSTT: realtimestt - DEBUG - _audio_data_worker writing audio data into queue.
2026-08-27 14:07:26.412 - RealTimeSTT: realtimestt - DEBUG - _audio_data_worker writing audio data into queue.
2026-08-27 14:07:27.436 - RealTimeSTT: realtimestt - DEBUG - _audio_data_worker writing audio data into queue.
2026-08-27 14:07:28.460 - RealTimeSTT: realtimestt - DEBUG - _audio_data_worker writing audio data into queue.
2026-08-27 14:07:29.484 - RealTimeSTT: realtimestt - DEBUG - _audio_data_worker writing audio data into queue.
2026-08-27 14:07:30.508 - RealTimeSTT: realtimestt - DEBUG - _audio_data_worker writing audio data into queue.
2026-08-27 14:07:31.532 - RealTimeSTT: realtimestt - DEBUG - _audio_data_worker writing audio data into queue.
2026-08-27 14:07:32.556 - RealTimeSTT: realtimestt - DEBUG - _audio_data_worker writing audio data into queue.
2026-08-27 14:07:33.580 - RealTimeSTT: realtimestt - DEBUG - _audio_data_worker writing audio data into queue.
2026-08-27 14:07:34.604 - RealTimeSTT: realtimestt - DEBUG - _audio_data_worker writing audio data into queue.
2026-08-27 14:07:35.628 - RealTimeSTT: realtimestt - DEBUG - _audio_data_worker writing audio data into queue.
2026-08-27 14:07:36.652 - RealTimeSTT: realtimestt - DEBUG - _audio_data_worker writing audio data into queue.
2026-08-27 14:07:37.676 - RealTimeSTT: realtimestt - DEBUG - _audio_data_worker writing audio data into queue.
2026-08-27 14:07:38.700 - RealTimeSTT: realtimestt - DEBUG - _audio_data_worker writing audio data into queue.
2026-08-27 14:07:39.724 - RealTimeSTT: realtimestt - DEBUG - _audio_data_worker writing audio data into queue.
2026-08-27 14:07:40.748 - RealTimeSTT: realtimestt - DEBUG - _audio_data_worker writing audio data into queue.
2026-08-27 14:07:41.772 - RealTimeSTT: realtimestt - DEBUG - _audio_data_worker writing audio data into queue.
2026-08-27 14:07:42.796 - RealTimeSTT: realtimestt - DEBUG - _audio_data_worker writing audio data into queue.
2026-08-27 14:07:43.820 - RealTimeSTT: realtimestt - DEBUG - _audio_data_worker writing audio data into queue.
2026-08-27 14:07:44.844 - RealTimeSTT: realtimestt - DEBUG - _audio_data_worker writing audio data into queue.
2026-08-27 14:07:45.868 - RealTimeSTT: realtimestt - DEBUG - _audio_data_worker writing audio data into queue.
2026-08-27 14:07:46.892 - RealTimeSTT: realtimestt - DEBUG - _audio_data_worker writing audio data into queue.
2026-08-27 14:07:47.916 - RealTimeSTT: realtimestt - DEBUG - _audio_data_worker writing audio data into queue.
2026-08-27 14:07:48.940 - RealTimeSTT: realtimestt - DEBUG - _audio_data_worker writing audio data into queue.
2026-08-27 14:07:49.964 - RealTimeSTT: realtimestt - DEBUG - _audio_data_worker writing audio data into queue.
2026-08-27 14:07:50.988 - RealTimeSTT: realtimestt - DEBUG - _audio_data_worker writing audio data into queue.
2026-08-27 14:07:52.012 - RealTimeSTT: realtimestt - DEBUG - _audio_data_worker writing audio data into queue.
2026-08-27 14:07:53.036 - RealTimeSTT: realtimestt - DEBUG - _audio_data_worker writing audio data into queue.
2026-08-27 14:07:54.060 - RealTimeSTT: realtimestt - DEBUG - _audio_data_worker writing audio data into queue.
2026-08-27 14:07:55.084 - RealTimeSTT: realtimestt - DEBUG - _audio_data_worker writing audio data into queue.
2026-08-27 14:07:56.108 - RealTimeSTT: realtimestt - DEBUG - _audio_data_worker writing audio data into queue.
2026-08-27 14:07:57.132 - RealTimeSTT: realtimestt - DEBUG - _audio_data_worker writing audio data into queue.
2026-08-27 14:07:58.156 - RealTimeSTT: realtimestt - DEBUG - _audio_data_worker writing audio data into queue.
2026-08-27 14:07:59.180 - RealTimeSTT: realtimestt - DEBUG - _audio_data_worker writing audio data into queue.
2026-08-27 14:08:00.204 - RealTimeSTT: realtimestt - DEBUG - _audio_data_worker writing audio data into queue.
2026-08-27 14:08:01.228 - RealTimeSTT: realtimestt - DEBUG - _audio_data_worker writing audio data into queue.
2026-08-27 14:08:02.252 - RealTimeSTT: realtimestt - DEBUG - _audio_data_worker writing audio data into queue.
2026-08-27 14:08:03.276 - RealTimeSTT: realtimestt - DEBUG - _audio_data_worker writing audio data into queue.
2026-08-27 14:08:04.300 - RealTimeSTT: realtimestt - DEBUG - _audio_data_worker writing audio data into queue.
2026-08-27 14:08:05.324 - RealTimeSTT: realtimestt - DEBUG - _audio_data_worker writing audio data into queue.
2026-08-27 14:08:06.348 - RealTimeSTT: realtimestt - DEBUG - _audio_data_worker writing audio data into queue.
2026-08-27 14:08:07.372 - RealTimeSTT: realtimestt - DEBUG - _audio_data_worker writing audio data into queue.
2026-08-27 14:08:08.396 - RealTimeSTT: realtimestt - DEBUG - _audio_data_worker writing audio data into queue.
2026-08-27 14:08:09.420 - RealTimeSTT: realtimestt - DEBUG - _audio_data_worker writing audio data into queue.
2026-08-27 14:08:10.444 - RealTimeSTT: realtimestt - DEBUG - _audio_data_worker writing audio data into queue.
2026-08-27 14:08:11.468 - RealTimeSTT: realtimestt - DEBUG - _audio_data_worker writing audio data into queue.
2026-08-27 14:08:12.492 - RealTimeSTT: realtimestt - DEBUG - _audio_data_worker writing audio data into queue.
2026-08-27 14:08:13.516 - RealTimeSTT: realtimestt - DEBUG - _audio_data_worker writing audio data into queue.
2026-08-27 14:08:14.540 - RealTimeSTT: realtimestt - DEBUG - _audio_data_worker writing audio data into queue.
2026-08-27 14:08:15.564 - RealTimeSTT: realtimestt - DEBUG - _audio_data_worker writing audio data into queue.
2026-08-27 14:08:16.588 - RealTimeSTT: realtimestt - DEBUG - _audio_data_worker writing audio data into queue.
2026-08-27 14:08:17.612 - RealTimeSTT: realtimestt - DEBUG - _audio_data_worker writing audio data into queue.
2026-08-27 14:08:18.636 - RealTimeSTT: realtimestt - DEBUG - _audio_data_worker writing audio data into queue.
2026-08-27 14:08:19.660 - RealTimeSTT: realtimestt - DEBUG - _audio_data_worker writing audio data into queue.
2026-08-27 14:08:20.684 - RealTimeSTT: realtimestt - DEBUG - _audio_data_worker writing audio data into queue.
2026-08-27 14:08:21.708 - RealTimeSTT: realtimestt - DEBUG - _audio_data_worker writing audio data into queue.
2026-08-27 14:08:22.732 - RealTimeSTT: realtimestt - DEBUG - _audio_data_worker writing audio data into queue.
2026-08-27 14:08:23.756 - RealTimeSTT: realtimestt - DEBUG - _audio_data_worker writing audio data into queue.
2026-08-27 14:08:24.780 - RealTimeSTT: realtimestt - DEBUG - _audio_data_worker writing audio data into queue.
2026-08-27 14:08:25.804 - RealTimeSTT: realtimestt - DEBUG - _audio_data_worker writing audio data into queue.
2026-08-27 14:08:26.828 - RealTimeSTT: realtimestt - DEBUG - _audio_data_worker writing audio data into queue.
2026-08-27 14:08:27.852 - RealTimeSTT: realtimestt - DEBUG - _audio_data_worker writing audio data into queue.
2026-08-27 14:08:28.876 - RealTimeSTT: realtimestt - DEBUG - _audio_data_worker writing audio data into queue.
2026-08-27 14:08:29.900 - RealTimeSTT: realtimestt - DEBUG - _audio_data_worker writing audio data into queue.
2026-08-27 14:08:30.924 - RealTimeSTT: realtimestt - DEBUG - _audio_data_worker writing audio data into queue.
2026-08-27 14:08:31.948 - RealTimeSTT: realtimestt - DEBUG - _audio_data_worker writing audio data into queue.
2026-08-27 14:08:32.972 - RealTimeSTT: realtimestt - DEBUG - _audio_data_worker writing audio data into queue.
2026-08-27 14:08:33.996 - RealTimeSTT: realtimestt - DEBUG - _audio_data_worker writing audio data into queue.
2026-08-27 14:08:35.020 - RealTimeSTT: realtimestt - DEBUG - _audio_data_worker writing audio data into queue.
2026-08-27 14:08:36.044 - RealTimeSTT: realtimestt - DEBUG - _audio_data_worker writing audio data into queue.
2026-08-27 14:08:37.068 - RealTimeSTT: realtimestt - DEBUG - _audio_data_worker writing audio data into queue.
2026-08-27 14:08:38.092 - RealTimeSTT: realtimestt - DEBUG - _audio_data_worker writing audio data into queue.
2026-08-27 14:08:39.116 - RealTimeSTT: realtimestt - DEBUG - _audio_data_worker writing audio data into queue.
2026-08-27 14:08:40.140 - RealTimeSTT: realtimestt - DEBUG - _audio_data_worker writing audio data into queue.
2026-08-27 14:08:41.164 - RealTimeSTT: realtimestt - DEBUG - _audio_data_worker writing audio data into queue.
2026-08-27 14:08:42.188 - RealTimeSTT: realtimestt - DEBUG - _audio_data_worker writing audio data into queue.
2026-08-27 14:08:43.212 - RealTimeSTT: realtimestt - DEBUG - _audio_data_worker writing audio data into queue.
2026-08-27 14:08:44.236 - RealTimeSTT: realtimestt - DEBUG - _audio_data_worker writing audio data into queue.
2026-08-27 14:08:45.260 - RealTimeSTT: realtimestt - DEBUG - _audio_data_worker writing audio data into queue.
2026-08-27 14:08:46.284 - RealTimeSTT: realtimestt - DEBUG - _audio_data_worker writing audio data into queue.
2026-08-27 14:08:47.308 - RealTimeSTT: realtimestt - DEBUG - _audio_data_worker writing audio data into queue.
2026-08-27 14:08:48.332 - RealTimeSTT: realtimestt - DEBUG - _audio_data_worker writing audio data into queue.
2026-08-27 14:08:49.356 - RealTimeSTT: realtimestt - DEBUG - _audio_data_worker writing audio data into queue.
2026-08-27 14:08:50.380 - RealTimeSTT: realtimestt - DEBUG - _audio_data_worker writing audio data into queue.
2026-08-27 14:08:51.404 - RealTimeSTT: realtimestt - DEBUG - _audio_data_worker writing audio data into queue.
2026-08-27 14:08:52.428 - RealTimeSTT: realtimestt - DEBUG - _audio_data_worker writing audio data into queue.
2026-08-27 14:08:53.452 - RealTimeSTT: realtimestt - DEBUG - _audio_data_worker writing audio data into queue.
2026-08-27 14:08:54.476 - RealTimeSTT: realtimestt - DEBUG - _audio_data_worker writing audio data into queue.
2026-08-27 14:08:55.500 - RealTimeSTT: realtimestt - DEBUG - _audio_data_worker writing audio data into queue.
2026-08-27 14:08:56.524 - RealTimeSTT: realtimestt - DEBUG - _audio_data_worker writing audio data into queue.
2026-08-27 14:08:57.548 - RealTimeSTT: realtimestt - DEBUG - _audio_data_worker writing audio data into queue.
2026-08-27 14:08:58.572 - RealTimeSTT: realtimestt - DEBUG - _audio_data_worker writing audio data into queue.
2026-08-27 14:08:59.596 - RealTimeSTT: realtimestt - DEBUG - _audio_data_worker writing audio data into queue.
2026-08-27 14:09:00.620 - RealTimeSTT: realtimestt - DEBUG - _audio_data_worker writing audio data into queue.
2026-08-27 14:09:01.644 - RealTimeSTT: realtimestt - DEBUG - _audio_data_worker writing audio data into queue.
2026-08-27 14:09:02.668 - RealTimeSTT: realtimestt - DEBUG - _audio_data_worker writing audio data into queue.
2026-08-27 14:09:03.692 - RealTimeSTT: realtimestt - DEBUG - _audio_data_worker writing audio data into queue.
2026-08-27 14:09:04.716 - RealTimeSTT: realtimestt - DEBUG - _audio_data_worker writing audio data into queue.
2026-08-27 14:09:05.740 - RealTimeSTT: realtimestt - DEBUG - _audio_data_worker writing audio data into queue.
2026-08-27 14:09:06.764 - RealTimeSTT: realtimestt - DEBUG - _audio_data_worker writing audio data into queue.
2026-08-27 14:09:07.788 - RealTimeSTT: realtimestt - DEBUG - _audio_data_worker writing audio data into queue.
2026-08-27 14:09:08.812 - RealTimeSTT: realtimestt - DEBUG - _audio_data_worker writing audio data into queue.
2026-08-27 14:09:09.836 - RealTimeSTT: realtimestt - DEBUG - _audio_data_worker writing audio data into queue.
2026-08-27 14:09:10.860 - RealTimeSTT: realtimestt - DEBUG - _audio_data_worker writing audio data into queue.
2026-08-27 14:09:11.884 - RealTimeSTT: realtimestt - DEBUG - _audio_data_worker writing audio data into queue.
2026-08-27 14:09:12.908 - RealTimeSTT: realtimestt - DEBUG - _audio_data_worker writing audio data into queue.
2026-08-27 14:09:13.932 - RealTimeSTT: realtimestt - DEBUG - _audio_data_worker writing audio data into queue.
2026-08-27 14:09:14.956 - RealTimeSTT: realtimestt - DEBUG - _audio_data_worker writing audio data into queue.
2026-08-27 14:09:15.980 - RealTimeSTT: realtimestt - DEBUG - _audio_data_worker writing audio data into queue.
2026-08-27 14:09:17.004 - RealTimeSTT: realtimestt - DEBUG - _audio_data_worker writing audio data into queue.
2026-08-27 14:09:18.028 - RealTimeSTT: realtimestt - DEBUG - _audio_data_worker writing audio data into queue.
2026-08-27 14:09:19.052 - RealTimeSTT: realtimestt - DEBUG - _audio_data_worker writing audio data into queue.
2026-08-27 14:09:20.076 - RealTimeSTT: realtimestt - DEBUG - _audio_data_worker writing audio data into queue.
2026-08-27 14:09:21.100 - RealTimeSTT: realtimestt - DEBUG - _audio_data_worker writing audio data into queue.
2026-08-27 14:09:22.124 - RealTimeSTT: realtimestt - DEBUG - _audio_data_worker writing audio data into queue.
2026-08-27 14:09:23.148 - RealTimeSTT: realtimestt - DEBUG - _audio_data_worker writing audio data into queue.
2026-08-27 14:09:24.172 - RealTimeSTT: realtimestt - DEBUG - _audio_data_worker writing audio data into queue.
2026-08-27 14:09:25.196 - RealTimeSTT: realtimestt - DEBUG - _audio_data_worker writing audio data into queue.
2026-08-27 14:09:26.220 - RealTimeSTT: realtimestt - DEBUG - _audio_data_worker writing audio data into queue.
2026-08-27 14:09:27.244 - RealTimeSTT: realtimestt - DEBUG - _audio_data_worker writing audio data into queue.
2026-08-27 14:09:28.268 - RealTimeSTT: realtimestt - DEBUG - _audio_data_worker writing audio data into queue.
2026-08-27 14:09:29.292 - RealTimeSTT: realtimestt - DEBUG - _audio_data_worker writing audio data into queue.
2026-08-27 14:09:30.316 - RealTimeSTT: realtimestt - DEBUG - _audio_data_worker writing audio data into queue.
2026-08-27 14:09:31.340 - RealTimeSTT: realtimestt - DEBUG - _audio_data_worker writing audio data into queue.
2026-08-27 14:09:32.364 - RealTimeSTT: realtimestt - DEBUG - _audio_data_worker writing audio data into queue.
2026-08-27 14:09:33.388 - RealTimeSTT: realtimestt - DEBUG - _audio_data_worker writing audio data into queue.
2026-08-27 14:09:34.412 - RealTimeSTT: realtimestt - DEBUG - _audio_data_worker writing audio data into queue.
2026-08-27 14:09:35.436 - RealTimeSTT: realtimestt - DEBUG - _audio_data_worker writing audio data into queue.
2026-08-27 14:09:36.460 - RealTimeSTT: realtimestt - DEBUG - _audio_data_worker writing audio data into queue.
2026-08-27 14:09:37.484 - RealTimeSTT: realtimestt - DEBUG - _audio_data_worker writing audio data into queue.
2026-08-27 14:09:38.508 - RealTimeSTT: realtimestt - DEBUG - _audio_data_worker writing audio data into queue.
2026-08-27 14:09:39.532 - RealTimeSTT: realtimestt - DEBUG - _audio_data_worker writing audio data into queue.
2026-08-27 14:09:40.556 - RealTimeSTT: realtimestt - DEBUG - _audio_data_worker writing audio data into queue.
2026-08-27 14:09:41.580 - RealTimeSTT: realtimestt - DEBUG - _audio_data_worker writing audio data into queue.
2026-08-27 14:09:42.604 - RealTimeSTT: realtimestt - DEBUG - _audio_data_worker writing audio data into queue.
2026-08-27 14:09:43.628 - RealTimeSTT: realtimestt - DEBUG - _audio_data_worker writing audio data into queue.
2026-08-27 14:09:44.652 - RealTimeSTT: realtimestt - DEBUG - _audio_data_worker writing audio data into queue.
2026-08-27 14:09:45.676 - RealTimeSTT: realtimestt - DEBUG - _audio_data_worker writing audio data into queue.
2026-08-27 14:09:46.700 - RealTimeSTT: realtimestt - DEBUG - _audio_data_worker writing audio data into queue.
2026-08-27 14:09:47.725 - RealTimeSTT: realtimestt - DEBUG - _audio_data_worker writing audio data into queue.
2026-08-27 14:09:48.748 - RealTimeSTT: realtimestt - DEBUG - _audio_data_worker writing audio data into queue.
2026-08-27 14:09:49.772 - RealTimeSTT: realtimestt - DEBUG - _audio_data_worker writing audio data into queue.
2026-08-27 14:09:50.797 - RealTimeSTT: realtimestt - DEBUG - _audio_data_worker writing audio data into queue.
2026-08-27 14:09:51.820 - RealTimeSTT: realtimestt - DEBUG - _audio_data_worker writing audio data into queue.
2026-08-27 14:09:52.844 - RealTimeSTT: realtimestt - DEBUG - _audio_data_worker writing audio data into queue.
2026-08-27 14:09:53.868 - RealTimeSTT: realtimestt - DEBUG - _audio_data_worker writing audio data into queue.
2026-08-27 14:09:54.892 - RealTimeSTT: realtimestt - DEBUG - _audio_data_worker writing audio data into queue.
2026-08-27 14:09:55.916 - RealTimeSTT: realtimestt - DEBUG - _audio_data_worker writing audio data into queue.
2026-08-27 14:09:56.940 - RealTimeSTT: realtimestt - DEBUG - _audio_data_worker writing audio data into queue.
2026-08-27 14:09:57.965 - RealTimeSTT: realtimestt - DEBUG - _audio_data_worker writing audio data into queue.
2026-08-27 14:09:58.989 - RealTimeSTT: realtimestt - DEBUG - _audio_data_worker writing audio data into queue.
2026-08-27 14:10:00.013 - RealTimeSTT: realtimestt - DEBUG - _audio_data_worker writing audio data into queue.
2026-08-27 14:10:01.036 - RealTimeSTT: realtimestt - DEBUG - _audio_data_worker writing audio data into queue.
2026-08-27 14:10:02.061 - RealTimeSTT: realtimestt - DEBUG - _audio_data_worker writing audio data into queue.
2026-08-27 14:10:03.084 - RealTimeSTT: realtimestt - DEBUG - _audio_data_worker writing audio data into queue.
2026-08-27 14:10:04.109 - RealTimeSTT: realtimestt - DEBUG - _audio_data_worker writing audio data into queue.
2026-08-27 14:10:05.133 - RealTimeSTT: realtimestt - DEBUG - _audio_data_worker writing audio data into queue.
2026-08-27 14:10:06.156 - RealTimeSTT: realtimestt - DEBUG - _audio_data_worker writing audio data into queue.
2026-08-27 14:10:07.181 - RealTimeSTT: realtimestt - DEBUG - _audio_data_worker writing audio data into queue.
2026-08-27 14:10:08.205 - RealTimeSTT: realtimestt - DEBUG - _audio_data_worker writing audio data into queue.
2026-08-27 14:10:09.229 - RealTimeSTT: realtimestt - DEBUG - _audio_data_worker writing audio data into queue.
2026-08-27 14:10:10.253 - RealTimeSTT: realtimestt - DEBUG - _audio_data_worker writing audio data into queue.
2026-08-27 14:10:11.277 - RealTimeSTT: realtimestt - DEBUG - _audio_data_worker writing audio data into queue.
2026-08-27 14:10:12.301 - RealTimeSTT: realtimestt - DEBUG - _audio_data_worker writing audio data into queue.
2026-08-27 14:10:13.325 - RealTimeSTT: realtimestt - DEBUG - _audio_data_worker writing audio data into queue.
2026-08-27 14:10:14.349 - RealTimeSTT: realtimestt - DEBUG - _audio_data_worker writing audio data into queue.
2026-08-27 14:10:15.373 - RealTimeSTT: realtimestt - DEBUG - _audio_data_worker writing audio data into queue.
2026-08-27 14:10:16.397 - RealTimeSTT: realtimestt - DEBUG - _audio_data_worker writing audio data into queue.
2026-08-27 14:10:17.421 - RealTimeSTT: realtimestt - DEBUG - _audio_data_worker writing audio data into queue.
2026-08-27 14:10:18.445 - RealTimeSTT: realtimestt - DEBUG - _audio_data_worker writing audio data into queue.
2026-08-27 14:10:19.469 - RealTimeSTT: realtimestt - DEBUG - _audio_data_worker writing audio data into queue.
2026-08-27 14:10:20.493 - RealTimeSTT: realtimestt - DEBUG - _audio_data_worker writing audio data into queue.
2026-08-27 14:10:21.516 - RealTimeSTT: realtimestt - DEBUG - _audio_data_worker writing audio data into queue.
2026-08-27 14:10:22.541 - RealTimeSTT: realtimestt - DEBUG - _audio_data_worker writing audio data into queue.
2026-08-27 14:10:23.565 - RealTimeSTT: realtimestt - DEBUG - _audio_data_worker writing audio data into queue.
2026-08-27 14:10:24.589 - RealTimeSTT: realtimestt - DEBUG - _audio_data_worker writing audio data into queue.
2026-08-27 14:10:25.613 - RealTimeSTT: realtimestt - DEBUG - _audio_data_worker writing audio data into queue.
2026-08-27 14:10:26.637 - RealTimeSTT: realtimestt - DEBUG - _audio_data_worker writing audio data into queue.
2026-08-27 14:10:27.661 - RealTimeSTT: realtimestt - DEBUG - _audio_data_worker writing audio data into queue.
2026-08-27 14:10:28.685 - RealTimeSTT: realtimestt - DEBUG - _audio_data_worker writing audio data into queue.
2026-08-27 14:10:29.709 - RealTimeSTT: realtimestt - DEBUG - _audio_data_worker writing audio data into queue.
2026-08-27 14:10:30.733 - RealTimeSTT: realtimestt - DEBUG - _audio_data_worker writing audio data into queue.
2026-08-27 14:10:31.757 - RealTimeSTT: realtimestt - DEBUG - _audio_data_worker writing audio data into queue.
2026-08-27 14:10:32.781 - RealTimeSTT: realtimestt - DEBUG - _audio_data_worker writing audio data into queue.
2026-08-27 14:10:33.805 - RealTimeSTT: realtimestt - DEBUG - _audio_data_worker writing audio data into queue.
2026-08-27 14:10:34.829 - RealTimeSTT: realtimestt - DEBUG - _audio_data_worker writing audio data into queue.
2026-08-27 14:10:35.853 - RealTimeSTT: realtimestt - DEBUG - _audio_data_worker writing audio data into queue.
2026-08-27 14:10:36.877 - RealTimeSTT: realtimestt - DEBUG - _audio_data_worker writing audio data into queue.
2026-08-27 14:10:37.901 - RealTimeSTT: realtimestt - DEBUG - _audio_data_worker writing audio data into queue.
2026-08-27 14:10:38.925 - RealTimeSTT: realtimestt - DEBUG - _audio_data_worker writing audio data into queue.
2026-08-27 14:10:39.949 - RealTimeSTT: realtimestt - DEBUG - _audio_data_worker writing audio data into queue.
2026-08-27 14:10:40.973 - RealTimeSTT: realtimestt - DEBUG - _audio_data_worker writing audio data into queue.
2026-08-27 14:10:41.997 - RealTimeSTT: realtimestt - DEBUG - _audio_data_worker writing audio data into queue.
2026-08-27 14:10:43.021 - RealTimeSTT: realtimestt - DEBUG - _audio_data_worker writing audio data into queue.
2026-08-27 14:10:44.045 - RealTimeSTT: realtimestt - DEBUG - _audio_data_worker writing audio data into queue.
2026-08-27 14:10:45.069 - RealTimeSTT: realtimestt - DEBUG - _audio_data_worker writing audio data into queue.
2026-08-27 14:10:46.093 - RealTimeSTT: realtimestt - DEBUG - _audio_data_worker writing audio data into queue.
2026-08-27 14:10:47.117 - RealTimeSTT: realtimestt - DEBUG - _audio_data_worker writing audio data into queue.
2026-08-27 14:10:48.141 - RealTimeSTT: realtimestt - DEBUG - _audio_data_worker writing audio data into queue.
2026-08-27 14:10:49.165 - RealTimeSTT: realtimestt - DEBUG - _audio_data_worker writing audio data into queue.
2026-08-27 14:10:50.189 - RealTimeSTT: realtimestt - DEBUG - _audio_data_worker writing audio data into queue.
2026-08-27 14:10:51.213 - RealTimeSTT: realtimestt - DEBUG - _audio_data_worker writing audio data into queue.
2026-08-27 14:10:52.237 - RealTimeSTT: realtimestt - DEBUG - _audio_data_worker writing audio data into queue.
2026-08-27 14:10:53.261 - RealTimeSTT: realtimestt - DEBUG - _audio_data_worker writing audio data into queue.
2026-08-27 14:10:54.285 - RealTimeSTT: realtimestt - DEBUG - _audio_data_worker writing audio data into queue.
2026-08-27 14:10:55.309 - RealTimeSTT: realtimestt - DEBUG - _audio_data_worker writing audio data into queue.
2026-08-27 14:10:56.333 - RealTimeSTT: realtimestt - DEBUG - _audio_data_worker writing audio data into queue.
2026-08-27 14:10:57.357 - RealTimeSTT: realtimestt - DEBUG - _audio_data_worker writing audio data into queue.
2026-08-27 14:10:58.381 - RealTimeSTT: realtimestt - DEBUG - _audio_data_worker writing audio data into queue.
2026-08-27 14:10:59.405 - RealTimeSTT: realtimestt - DEBUG - _audio_data_worker writing audio data into queue.
2026-08-27 14:11:00.429 - RealTimeSTT: realtimestt - DEBUG - _audio_data_worker writing audio data into queue.
2026-08-27 14:11:01.453 - RealTimeSTT: realtimestt - DEBUG - _audio_data_worker writing audio data into queue.
2026-08-27 14:11:02.477 - RealTimeSTT: realtimestt - DEBUG - _audio_data_worker writing audio data into queue.
2026-08-27 14:11:03.501 - RealTimeSTT: realtimestt - DEBUG - _audio_data_worker writing audio data into queue.
2026-08-27 14:11:04.525 - RealTimeSTT: realtimestt - DEBUG - _audio_data_worker writing audio data into queue.
2026-08-27 14:11:05.549 - RealTimeSTT: realtimestt - DEBUG - _audio_data_worker writing audio data into queue.
2026-08-27 14:11:06.573 - RealTimeSTT: realtimestt - DEBUG - _audio_data_worker writing audio data into queue.
2026-08-27 14:11:07.597 - RealTimeSTT: realtimestt - DEBUG - _audio_data_worker writing audio data into queue.
2026-08-27 14:11:08.621 - RealTimeSTT: realtimestt - DEBUG - _audio_data_worker writing audio data into queue.
2026-08-27 14:11:09.645 - RealTimeSTT: realtimestt - DEBUG - _audio_data_worker writing audio data into queue.
2026-08-27 14:11:10.669 - RealTimeSTT: realtimestt - DEBUG - _audio_data_worker writing audio data into queue.
2026-08-27 14:11:11.693 - RealTimeSTT: realtimestt - DEBUG - _audio_data_worker writing audio data into queue.
2026-08-27 14:11:12.717 - RealTimeSTT: realtimestt - DEBUG - _audio_data_worker writing audio data into queue.
2026-08-27 14:11:13.741 - RealTimeSTT: realtimestt - DEBUG - _audio_data_worker writing audio data into queue.
2026-08-27 14:11:14.765 - RealTimeSTT: realtimestt - DEBUG - _audio_data_worker writing audio data into queue.
2026-08-27 14:11:15.789 - RealTimeSTT: realtimestt - DEBUG - _audio_data_worker writing audio data into queue.
2026-08-27 14:11:16.813 - RealTimeSTT: realtimestt - DEBUG - _audio_data_worker writing audio data into queue.
2026-08-27 14:11:17.837 - RealTimeSTT: realtimestt - DEBUG - _audio_data_worker writing audio data into queue.
2026-08-27 14:11:18.861 - RealTimeSTT: realtimestt - DEBUG - _audio_data_worker writing audio data into queue.
2026-08-27 14:11:19.885 - RealTimeSTT: realtimestt - DEBUG - _audio_data_worker writing audio data into queue.
2026-08-27 14:11:20.909 - RealTimeSTT: realtimestt - DEBUG - _audio_data_worker writing audio data into queue.
2026-08-27 14:11:21.933 - RealTimeSTT: realtimestt - DEBUG - _audio_data_worker writing audio data into queue.
2026-08-27 14:11:22.957 - RealTimeSTT: realtimestt - DEBUG - _audio_data_worker writing audio data into queue.
2026-08-27 14:11:23.981 - RealTimeSTT: realtimestt - DEBUG - _audio_data_worker writing audio data into queue.
2026-08-27 14:11:25.005 - RealTimeSTT: realtimestt - DEBUG - _audio_data_worker writing audio data into queue.
2026-08-27 14:11:26.029 - RealTimeSTT: realtimestt - DEBUG - _audio_data_worker writing audio data into queue.
2026-08-27 14:11:27.053 - RealTimeSTT: realtimestt - DEBUG - _audio_data_worker writing audio data into queue.
2026-08-27 14:11:28.077 - RealTimeSTT: realtimestt - DEBUG - _audio_data_worker writing audio data into queue.
2026-08-27 14:11:29.101 - RealTimeSTT: realtimestt - DEBUG - _audio_data_worker writing audio data into queue.
2026-08-27 14:11:30.125 - RealTimeSTT: realtimestt - DEBUG - _audio_data_worker writing audio data into queue.
2026-08-27 14:11:31.149 - RealTimeSTT: realtimestt - DEBUG - _audio_data_worker writing audio data into queue.
2026-08-27 14:11:32.173 - RealTimeSTT: realtimestt - DEBUG - _audio_data_worker writing audio data into queue.
2026-08-27 14:11:33.197 - RealTimeSTT: realtimestt - DEBUG - _audio_data_worker writing audio data into queue.
2026-08-27 14:11:34.221 - RealTimeSTT: realtimestt - DEBUG - _audio_data_worker writing audio data into queue.
2026-08-27 14:11:35.245 - RealTimeSTT: realtimestt - DEBUG - _audio_data_worker writing audio data into queue.
2026-08-27 14:11:36.269 - RealTimeSTT: realtimestt - DEBUG - _audio_data_worker writing audio data into queue.
2026-08-27 14:11:37.293 - RealTimeSTT: realtimestt - DEBUG - _audio_data_worker writing audio data into queue.
2026-08-27 14:11:38.317 - RealTimeSTT: realtimestt - DEBUG - _audio_data_worker writing audio data into queue.
2026-08-27 14:11:39.341 - RealTimeSTT: realtimestt - DEBUG - _audio_data_worker writing audio data into queue.
2026-08-27 14:11:40.365 - RealTimeSTT: realtimestt - DEBUG - _audio_data_worker writing audio data into queue.
2026-08-27 14:11:41.389 - RealTimeSTT: realtimestt - DEBUG - _audio_data_worker writing audio data into queue.
2026-08-27 14:11:42.413 - RealTimeSTT: realtimestt - DEBUG - _audio_data_worker writing audio data into queue.
2026-08-27 14:11:43.437 - RealTimeSTT: realtimestt - DEBUG - _audio_data_worker writing audio data into queue.
2026-08-27 14:11:44.461 - RealTimeSTT: realtimestt - DEBUG - _audio_data_worker writing audio data into queue.
2026-08-27 14:11:45.485 - RealTimeSTT: realtimestt - DEBUG - _audio_data_worker writing audio data into queue.
2026-08-27 14:11:46.509 - RealTimeSTT: realtimestt - DEBUG - _audio_data_worker writing audio data into queue.
2026-08-27 14:11:47.556 - RealTimeSTT: realtimestt - DEBUG - _audio_data_worker writing audio data into queue.
2026-08-27 14:11:48.620 - RealTimeSTT: realtimestt - DEBUG - _audio_data_worker writing audio data into queue.
2026-08-27 14:11:49.679 - RealTimeSTT: realtimestt - DEBUG - _audio_data_worker writing audio data into queue.
2026-08-27 14:11:50.734 - RealTimeSTT: realtimestt - DEBUG - _audio_data_worker writing audio data into queue.
2026-08-27 14:11:51.785 - RealTimeSTT: realtimestt - DEBUG - _audio_data_worker writing audio data into queue.
2026-08-27 14:11:52.832 - RealTimeSTT: realtimestt - DEBUG - _audio_data_worker writing audio data into queue.
2026-08-27 14:11:53.877 - RealTimeSTT: realtimestt - DEBUG - _audio_data_worker writing audio data into queue.
2026-08-27 14:11:54.918 - RealTimeSTT: realtimestt - DEBUG - _audio_data_worker writing audio data into queue.
2026-08-27 14:11:55.958 - RealTimeSTT: realtimestt - DEBUG - _audio_data_worker writing audio data into queue.
2026-08-27 14:11:56.995 - RealTimeSTT: realtimestt - DEBUG - _audio_data_worker writing audio data into queue.
2026-08-27 14:11:58.031 - RealTimeSTT: realtimestt - DEBUG - _audio_data_worker writing audio data into queue.
2026-08-27 14:11:59.066 - RealTimeSTT: realtimestt - DEBUG - _audio_data_worker writing audio data into queue.
2026-08-27 14:12:00.099 - RealTimeSTT: realtimestt - DEBUG - _audio_data_worker writing audio data into queue.
2026-08-27 14:12:01.131 - RealTimeSTT: realtimestt - DEBUG - _audio_data_worker writing audio data into queue.
2026-08-27 14:12:02.162 - RealTimeSTT: realtimestt - DEBUG - _audio_data_worker writing audio data into queue.
2026-08-27 14:12:03.192 - RealTimeSTT: realtimestt - DEBUG - _audio_data_worker writing audio data into queue.
2026-08-27 14:12:04.221 - RealTimeSTT: realtimestt - DEBUG - _audio_data_worker writing audio data into queue.
2026-08-27 14:12:05.250 - RealTimeSTT: realtimestt - DEBUG - _audio_data_worker writing audio data into queue.
2026-08-27 14:12:06.279 - RealTimeSTT: realtimestt - DEBUG - _audio_data_worker writing audio data into queue.
2026-08-27 14:12:07.306 - RealTimeSTT: realtimestt - DEBUG - _audio_data_worker writing audio data into queue.
2026-08-27 14:12:08.334 - RealTimeSTT: realtimestt - DEBUG - _audio_data_worker writing audio data into queue.
2026-08-27 14:12:09.361 - RealTimeSTT: realtimestt - DEBUG - _audio_data_worker writing audio data into queue.
2026-08-27 14:12:10.388 - RealTimeSTT: realtimestt - DEBUG - _audio_data_worker writing audio data into queue.
2026-08-27 14:12:11.414 - RealTimeSTT: realtimestt - DEBUG - _audio_data_worker writing audio data into queue.
2026-08-27 14:12:12.440 - RealTimeSTT: realtimestt - DEBUG - _audio_data_worker writing audio data into queue.
2026-08-27 14:12:13.466 - RealTimeSTT: realtimestt - DEBUG - _audio_data_worker writing audio data into queue.
2026-08-27 14:12:14.492 - RealTimeSTT: realtimestt - DEBUG - _audio_data_worker writing audio data into queue.
2026-08-27 14:12:15.517 - RealTimeSTT: realtimestt - DEBUG - _audio_data_worker writing audio data into queue.
2026-08-27 14:12:16.543 - RealTimeSTT: realtimestt - DEBUG - _audio_data_worker writing audio data into queue.
2026-08-27 14:12:17.568 - RealTimeSTT: realtimestt - DEBUG - _audio_data_worker writing audio data into queue.
2026-08-27 14:12:18.593 - RealTimeSTT: realtimestt - DEBUG - _audio_data_worker writing audio data into queue.
2026-08-27 14:12:19.619 - RealTimeSTT: realtimestt - DEBUG - _audio_data_worker writing audio data into queue.
2026-08-27 14:12:20.644 - RealTimeSTT: realtimestt - DEBUG - _audio_data_worker writing audio data into queue.
2026-08-27 14:12:21.669 - RealTimeSTT: realtimestt - DEBUG - _audio_data_worker writing audio data into queue.
2026-08-27 14:12:22.694 - RealTimeSTT: realtimestt - DEBUG - _audio_data_worker writing audio data into queue.
2026-08-27 14:12:23.718 - RealTimeSTT: realtimestt - DEBUG - _audio_data_worker writing audio data into queue.
2026-08-27 14:12:24.743 - RealTimeSTT: realtimestt - DEBUG - _audio_data_worker writing audio data into queue.
2026-08-27 14:12:25.768 - RealTimeSTT: realtimestt - DEBUG - _audio_data_worker writing audio data into queue.
2026-08-27 14:12:26.793 - RealTimeSTT: realtimestt - DEBUG - _audio_data_worker writing audio data into queue.
2026-08-27 14:12:27.817 - RealTimeSTT: realtimestt - DEBUG - _audio_data_worker writing audio data into queue.
2026-08-27 14:12:28.842 - RealTimeSTT: realtimestt - DEBUG - _audio_data_worker writing audio data into queue.
2026-08-27 14:12:29.867 - RealTimeSTT: realtimestt - DEBUG - _audio_data_worker writing audio data into queue.
2026-08-27 14:12:30.892 - RealTimeSTT: realtimestt - DEBUG - _audio_data_worker writing audio data into queue.
2026-08-27 14:12:31.916 - RealTimeSTT: realtimestt - DEBUG - _audio_data_worker writing audio data into queue.
2026-08-27 14:12:32.941 - RealTimeSTT: realtimestt - DEBUG - _audio_data_worker writing audio data into queue.
2026-08-27 14:12:33.965 - RealTimeSTT: realtimestt - DEBUG - _audio_data_worker writing audio data into queue.
2026-08-27 14:12:34.990 - RealTimeSTT: realtimestt - DEBUG - _audio_data_worker writing audio data into queue.
2026-08-27 14:12:36.015 - RealTimeSTT: realtimestt - DEBUG - _audio_data_worker writing audio data into queue.
2026-08-27 14:12:37.039 - RealTimeSTT: realtimestt - DEBUG - _audio_data_worker writing audio data into queue.
2026-08-27 14:12:38.064 - RealTimeSTT: realtimestt - DEBUG - _audio_data_worker writing audio data into queue.
2026-08-27 14:12:39.088 - RealTimeSTT: realtimestt - DEBUG - _audio_data_worker writing audio data into queue.
2026-08-27 14:12:40.113 - RealTimeSTT: realtimestt - DEBUG - _audio_data_worker writing audio data into queue.
2026-08-27 14:12:41.137 - RealTimeSTT: realtimestt - DEBUG - _audio_data_worker writing audio data into queue.
2026-08-27 14:12:42.162 - RealTimeSTT: realtimestt - DEBUG - _audio_data_worker writing audio data into queue.
2026-08-27 14:12:43.187 - RealTimeSTT: realtimestt - DEBUG - _audio_data_worker writing audio data into queue.
2026-08-27 14:12:44.211 - RealTimeSTT: realtimestt - DEBUG - _audio_data_worker writing audio data into queue.
2026-08-27 14:12:45.034 - RealTimeSTT: realtimestt - DEBUG - Finishing recording thread
2026-08-27 14:12:45.040 - RealTimeSTT: realtimestt - DEBUG - Terminating reader process
2026-08-27 14:12:45.075 - RealTimeSTT: realtimestt - DEBUG - Terminating transcription process
2026-08-27 14:12:45.133 - RealTimeSTT: realtimestt - DEBUG - Finishing realtime thread
