2026-08-18 15:13:02.615 - RealTimeSTT: realtimestt - INFO - Starting RealTimeSTT
2026-08-18 15:13:02.617 - RealTimeSTT: realtimestt - INFO - Initializing audio recording (creating pyAudio input stream, sample rate: 16000 buffer size: 512
2026-08-18 15:13:02.618 - RealTimeSTT: realtimestt - INFO - Initializing WebRTC voice with Sensitivity 3
2026-08-18 15:13:02.618 - RealTimeSTT: realtimestt - DEBUG - WebRTC VAD voice activity detection engine initialized successfully
2026-08-18 15:13:02.620 - RealTimeSTT: realtimestt - DEBUG - Silero VAD auto backend raw_onnx_ifless unavailable
Traceback (most recent call last):
  File "/home/vibhaasw/miniforge3/lib/python3.13/site-packages/RealtimeSTT/core/silero_vad.py", line 176, in _create_auto_vad
    return _create_raw_onnx_vad(
        model_name,
    ...<4 lines>...
        chunk_samples,
    )
  File "/home/vibhaasw/miniforge3/lib/python3.13/site-packages/RealtimeSTT/core/silero_vad.py", line 225, in _create_raw_onnx_vad
    raise SileroVadError(
    ...<3 lines>...
    )
RealtimeSTT.core.silero_vad.SileroVadError: Could not find silero_vad_op18_ifless.onnx in the installed silero_vad package or the local torch hub cache. Install 'silero-vad' or pass silero_onnx_model_path.
2026-08-18 15:13:02.622 - RealTimeSTT: realtimestt - DEBUG - Silero VAD auto backend raw_onnx unavailable
Traceback (most recent call last):
  File "/home/vibhaasw/miniforge3/lib/python3.13/site-packages/RealtimeSTT/core/silero_vad.py", line 176, in _create_auto_vad
    return _create_raw_onnx_vad(
        model_name,
    ...<4 lines>...
        chunk_samples,
    )
  File "/home/vibhaasw/miniforge3/lib/python3.13/site-packages/RealtimeSTT/core/silero_vad.py", line 225, in _create_raw_onnx_vad
    raise SileroVadError(
    ...<3 lines>...
    )
RealtimeSTT.core.silero_vad.SileroVadError: Could not find silero_vad.onnx in the installed silero_vad package or the local torch hub cache. Install 'silero-vad' or pass silero_onnx_model_path.
2026-08-18 15:13:02.635 - RealTimeSTT: realtimestt - DEBUG - Starting audio data worker with target_sample_rate=16000, buffer_size=512, input_device_index=None
2026-08-18 15:13:02.635 - RealTimeSTT: realtimestt - DEBUG - Creating PyAudio interface...
2026-08-18 15:13:02.754 - RealTimeSTT: realtimestt - ERROR - Error initializing Silero VAD voice activity detection engine: Could not initialize any automatic Silero VAD backend. Tried: raw_onnx_ifless: Could not find silero_vad_op18_ifless.onnx in the installed silero_vad package or the local torch hub cache. Install 'silero-vad' or pass silero_onnx_model_path.; raw_onnx: Could not find silero_vad.onnx in the installed silero_vad package or the local torch hub cache. Install 'silero-vad' or pass silero_onnx_model_path.; pytorch_cpu: Untrusted repository.
Traceback (most recent call last):
  File "/home/vibhaasw/miniforge3/lib/python3.13/site-packages/RealtimeSTT/core/silero_vad.py", line 287, in _create_pytorch_vad
    loaded = _load_silero_package_model(onnx=False)
  File "/home/vibhaasw/miniforge3/lib/python3.13/site-packages/RealtimeSTT/core/silero_vad.py", line 303, in _load_silero_package_model
    module = import_module("silero_vad")
  File "/home/vibhaasw/miniforge3/lib/python3.13/importlib/__init__.py", line 88, in import_module
    return _bootstrap._gcd_import(name[level:], package, level)
           ~~~~~~~~~~~~~~~~~~~~~~^^^^^^^^^^^^^^^^^^^^^^^^^^^^^^
  File "<frozen importlib._bootstrap>", line 1395, in _gcd_import
  File "<frozen importlib._bootstrap>", line 1360, in _find_and_load
  File "<frozen importlib._bootstrap>", line 1324, in _find_and_load_unlocked
ModuleNotFoundError: No module named 'silero_vad'

During handling of the above exception, another exception occurred:

Traceback (most recent call last):
  File "/home/vibhaasw/miniforge3/lib/python3.13/site-packages/RealtimeSTT/core/silero_vad.py", line 195, in _create_auto_vad
    return _create_pytorch_vad("cpu")
  File "/home/vibhaasw/miniforge3/lib/python3.13/site-packages/RealtimeSTT/core/silero_vad.py", line 289, in _create_pytorch_vad
    loaded = _load_torch_hub_model(onnx=False)
  File "/home/vibhaasw/miniforge3/lib/python3.13/site-packages/RealtimeSTT/core/silero_vad.py", line 319, in _load_torch_hub_model
    loaded = torch.hub.load(
        repo_or_dir="snakers4/silero-vad",
    ...<2 lines>...
        onnx=onnx,
    )
  File "/home/vibhaasw/miniforge3/lib/python3.13/site-packages/torch/hub.py", line 661, in load
    repo_or_dir = _get_cache_or_reload(
        repo_or_dir,
    ...<3 lines>...
        skip_validation=skip_validation,
    )
  File "/home/vibhaasw/miniforge3/lib/python3.13/site-packages/torch/hub.py", line 291, in _get_cache_or_reload
    _check_repo_is_trusted(
    ~~~~~~~~~~~~~~~~~~~~~~^
        repo_owner,
        ^^^^^^^^^^^
    ...<2 lines>...
        trust_repo=trust_repo,
        ^^^^^^^^^^^^^^^^^^^^^^
    )
    ^
  File "/home/vibhaasw/miniforge3/lib/python3.13/site-packages/torch/hub.py", line 384, in _check_repo_is_trusted
    raise Exception("Untrusted repository.")  # noqa: TRY002
    ^^^^^^^^^^^^^^^^^^^^^^^^^^^^^^^^^^^^^^^^
Exception: Untrusted repository.

During handling of the above exception, another exception occurred:

Traceback (most recent call last):
  File "/home/vibhaasw/miniforge3/lib/python3.13/site-packages/RealtimeSTT/core/initialization.py", line 558, in _initialize_voice_activity_detection
    recorder.silero_vad_model = create_silero_vad_model(
                                ~~~~~~~~~~~~~~~~~~~~~~~^
        backend=silero_backend,
        ^^^^^^^^^^^^^^^^^^^^^^^
    ...<5 lines>...
        logger=logger,
        ^^^^^^^^^^^^^^
    )
    ^
  File "/home/vibhaasw/miniforge3/lib/python3.13/site-packages/RealtimeSTT/core/silero_vad.py", line 114, in create_silero_vad_model
    return _create_auto_vad(
        onnx_model_path=onnx_model_path,
    ...<3 lines>...
        logger=log,
    )
  File "/home/vibhaasw/miniforge3/lib/python3.13/site-packages/RealtimeSTT/core/silero_vad.py", line 198, in _create_auto_vad
    raise SileroVadError(
    ...<2 lines>...
    )
RealtimeSTT.core.silero_vad.SileroVadError: Could not initialize any automatic Silero VAD backend. Tried: raw_onnx_ifless: Could not find silero_vad_op18_ifless.onnx in the installed silero_vad package or the local torch hub cache. Install 'silero-vad' or pass silero_onnx_model_path.; raw_onnx: Could not find silero_vad.onnx in the installed silero_vad package or the local torch hub cache. Install 'silero-vad' or pass silero_onnx_model_path.; pytorch_cpu: Untrusted repository.
2026-08-18 15:13:04.969 - RealTimeSTT: realtimestt - DEBUG - No device index supplied; using default device 14
2026-08-18 15:13:04.969 - RealTimeSTT: realtimestt - DEBUG - Retrieving highest sample rate for device index 14: {'index': 14, 'structVersion': 2, 'name': 'default', 'hostApi': 0, 'maxInputChannels': 128, 'maxOutputChannels': 128, 'defaultLowInputLatency': 0.008707482993197279, 'defaultLowOutputLatency': 0.008707482993197279, 'defaultHighInputLatency': 0.034829931972789115, 'defaultHighOutputLatency': 0.034829931972789115, 'defaultSampleRate': 44100.0}
2026-08-18 15:13:04.969 - RealTimeSTT: realtimestt - DEBUG - Highest supported sample rate for device index 14 is 44100
2026-08-18 15:13:04.969 - RealTimeSTT: realtimestt - DEBUG - Sample rates to try for device 14: [16000, 44100]
2026-08-18 15:13:04.969 - RealTimeSTT: realtimestt - DEBUG - Attempting to initialize audio stream at 16000 Hz.
2026-08-18 15:13:04.970 - RealTimeSTT: realtimestt - DEBUG - Found 15 total audio devices on the system.
2026-08-18 15:13:04.970 - RealTimeSTT: realtimestt - DEBUG - Available input devices with input channels: [4, 8, 9, 12, 13, 14]
2026-08-18 15:13:04.970 - RealTimeSTT: realtimestt - DEBUG - Validating device index 14 with info: {'index': 14, 'structVersion': 2, 'name': 'default', 'hostApi': 0, 'maxInputChannels': 128, 'maxOutputChannels': 128, 'defaultLowInputLatency': 0.008707482993197279, 'defaultLowOutputLatency': 0.008707482993197279, 'defaultHighInputLatency': 0.034829931972789115, 'defaultHighOutputLatency': 0.034829931972789115, 'defaultSampleRate': 44100.0}
2026-08-18 15:13:05.099 - RealTimeSTT: realtimestt - DEBUG - Device index 14 successfully validated.
2026-08-18 15:13:05.099 - RealTimeSTT: realtimestt - DEBUG - Opening stream with device index 14, sample_rate=16000, chunk_size=1024
2026-08-18 15:13:05.126 - RealTimeSTT: realtimestt - INFO - Microphone connected and validated (device index: 14, sample rate: 16000, chunk size: 1024)
2026-08-18 15:13:05.126 - RealTimeSTT: realtimestt - DEBUG - Audio recording initialized successfully at 16000 Hz, reading 1024 frames at a time
2026-08-18 15:13:06.203 - RealTimeSTT: realtimestt - DEBUG - _audio_data_worker writing audio data into queue.
2026-08-18 15:13:07.228 - RealTimeSTT: realtimestt - DEBUG - _audio_data_worker writing audio data into queue.
2026-08-18 15:13:08.252 - RealTimeSTT: realtimestt - DEBUG - _audio_data_worker writing audio data into queue.
2026-08-18 15:13:09.276 - RealTimeSTT: realtimestt - DEBUG - _audio_data_worker writing audio data into queue.
2026-08-18 15:13:10.300 - RealTimeSTT: realtimestt - DEBUG - _audio_data_worker writing audio data into queue.
2026-08-18 15:13:11.324 - RealTimeSTT: realtimestt - DEBUG - _audio_data_worker writing audio data into queue.
2026-08-18 15:13:12.348 - RealTimeSTT: realtimestt - DEBUG - _audio_data_worker writing audio data into queue.
2026-08-18 15:13:13.372 - RealTimeSTT: realtimestt - DEBUG - _audio_data_worker writing audio data into queue.
2026-08-18 15:13:14.396 - RealTimeSTT: realtimestt - DEBUG - _audio_data_worker writing audio data into queue.
2026-08-18 15:13:15.420 - RealTimeSTT: realtimestt - DEBUG - _audio_data_worker writing audio data into queue.
2026-08-18 15:13:16.444 - RealTimeSTT: realtimestt - DEBUG - _audio_data_worker writing audio data into queue.
2026-08-18 15:13:17.468 - RealTimeSTT: realtimestt - DEBUG - _audio_data_worker writing audio data into queue.
2026-08-18 15:13:18.492 - RealTimeSTT: realtimestt - DEBUG - _audio_data_worker writing audio data into queue.
2026-08-18 15:13:19.516 - RealTimeSTT: realtimestt - DEBUG - _audio_data_worker writing audio data into queue.
2026-08-18 15:13:20.540 - RealTimeSTT: realtimestt - DEBUG - _audio_data_worker writing audio data into queue.
2026-08-18 15:13:21.564 - RealTimeSTT: realtimestt - DEBUG - _audio_data_worker writing audio data into queue.
2026-08-18 15:13:22.588 - RealTimeSTT: realtimestt - DEBUG - _audio_data_worker writing audio data into queue.
2026-08-18 15:13:23.612 - RealTimeSTT: realtimestt - DEBUG - _audio_data_worker writing audio data into queue.
2026-08-18 15:13:24.636 - RealTimeSTT: realtimestt - DEBUG - _audio_data_worker writing audio data into queue.
2026-08-18 15:13:25.660 - RealTimeSTT: realtimestt - DEBUG - _audio_data_worker writing audio data into queue.
2026-08-18 15:13:26.684 - RealTimeSTT: realtimestt - DEBUG - _audio_data_worker writing audio data into queue.
2026-08-18 15:13:27.708 - RealTimeSTT: realtimestt - DEBUG - _audio_data_worker writing audio data into queue.
2026-08-18 15:13:28.732 - RealTimeSTT: realtimestt - DEBUG - _audio_data_worker writing audio data into queue.
2026-08-18 15:13:29.756 - RealTimeSTT: realtimestt - DEBUG - _audio_data_worker writing audio data into queue.
2026-08-18 15:13:30.780 - RealTimeSTT: realtimestt - DEBUG - _audio_data_worker writing audio data into queue.
2026-08-18 15:13:31.804 - RealTimeSTT: realtimestt - DEBUG - _audio_data_worker writing audio data into queue.
2026-08-18 15:13:32.828 - RealTimeSTT: realtimestt - DEBUG - _audio_data_worker writing audio data into queue.
2026-08-18 15:13:33.852 - RealTimeSTT: realtimestt - DEBUG - _audio_data_worker writing audio data into queue.
2026-08-18 15:13:34.876 - RealTimeSTT: realtimestt - DEBUG - _audio_data_worker writing audio data into queue.
2026-08-18 15:13:35.900 - RealTimeSTT: realtimestt - DEBUG - _audio_data_worker writing audio data into queue.
2026-08-18 15:13:36.924 - RealTimeSTT: realtimestt - DEBUG - _audio_data_worker writing audio data into queue.
2026-08-18 15:13:37.948 - RealTimeSTT: realtimestt - DEBUG - _audio_data_worker writing audio data into queue.
2026-08-18 15:13:38.972 - RealTimeSTT: realtimestt - DEBUG - _audio_data_worker writing audio data into queue.
2026-08-18 15:13:39.996 - RealTimeSTT: realtimestt - DEBUG - _audio_data_worker writing audio data into queue.
2026-08-18 15:13:41.020 - RealTimeSTT: realtimestt - DEBUG - _audio_data_worker writing audio data into queue.
2026-08-18 15:13:42.043 - RealTimeSTT: realtimestt - DEBUG - _audio_data_worker writing audio data into queue.
2026-08-18 15:13:43.068 - RealTimeSTT: realtimestt - DEBUG - _audio_data_worker writing audio data into queue.
2026-08-18 15:14:56.834 - RealTimeSTT: realtimestt - INFO - Starting RealTimeSTT
2026-08-18 15:14:56.835 - RealTimeSTT: realtimestt - INFO - Initializing audio recording (creating pyAudio input stream, sample rate: 16000 buffer size: 512
2026-08-18 15:14:56.837 - RealTimeSTT: realtimestt - INFO - Initializing WebRTC voice with Sensitivity 3
2026-08-18 15:14:56.837 - RealTimeSTT: realtimestt - DEBUG - WebRTC VAD voice activity detection engine initialized successfully
2026-08-18 15:14:56.837 - RealTimeSTT: realtimestt - DEBUG - Silero VAD auto backend raw_onnx_ifless unavailable
Traceback (most recent call last):
  File "/home/vibhaasw/miniforge3/lib/python3.13/site-packages/RealtimeSTT/core/silero_vad.py", line 176, in _create_auto_vad
    return _create_raw_onnx_vad(
        model_name,
    ...<4 lines>...
        chunk_samples,
    )
  File "/home/vibhaasw/miniforge3/lib/python3.13/site-packages/RealtimeSTT/core/silero_vad.py", line 225, in _create_raw_onnx_vad
    raise SileroVadError(
    ...<3 lines>...
    )
RealtimeSTT.core.silero_vad.SileroVadError: Could not find silero_vad_op18_ifless.onnx in the installed silero_vad package or the local torch hub cache. Install 'silero-vad' or pass silero_onnx_model_path.
2026-08-18 15:14:56.841 - RealTimeSTT: realtimestt - DEBUG - Starting audio data worker with target_sample_rate=16000, buffer_size=512, input_device_index=None
2026-08-18 15:14:56.841 - RealTimeSTT: realtimestt - DEBUG - Creating PyAudio interface...
2026-08-18 15:14:56.846 - RealTimeSTT: realtimestt - DEBUG - Silero VAD auto backend raw_onnx unavailable
Traceback (most recent call last):
  File "/home/vibhaasw/miniforge3/lib/python3.13/site-packages/RealtimeSTT/core/silero_vad.py", line 176, in _create_auto_vad
    return _create_raw_onnx_vad(
        model_name,
    ...<4 lines>...
        chunk_samples,
    )
  File "/home/vibhaasw/miniforge3/lib/python3.13/site-packages/RealtimeSTT/core/silero_vad.py", line 225, in _create_raw_onnx_vad
    raise SileroVadError(
    ...<3 lines>...
    )
RealtimeSTT.core.silero_vad.SileroVadError: Could not find silero_vad.onnx in the installed silero_vad package or the local torch hub cache. Install 'silero-vad' or pass silero_onnx_model_path.
2026-08-18 15:14:56.952 - RealTimeSTT: realtimestt - ERROR - Error initializing Silero VAD voice activity detection engine: Could not initialize any automatic Silero VAD backend. Tried: raw_onnx_ifless: Could not find silero_vad_op18_ifless.onnx in the installed silero_vad package or the local torch hub cache. Install 'silero-vad' or pass silero_onnx_model_path.; raw_onnx: Could not find silero_vad.onnx in the installed silero_vad package or the local torch hub cache. Install 'silero-vad' or pass silero_onnx_model_path.; pytorch_cpu: EOF when reading a line
Traceback (most recent call last):
  File "/home/vibhaasw/miniforge3/lib/python3.13/site-packages/RealtimeSTT/core/silero_vad.py", line 287, in _create_pytorch_vad
    loaded = _load_silero_package_model(onnx=False)
  File "/home/vibhaasw/miniforge3/lib/python3.13/site-packages/RealtimeSTT/core/silero_vad.py", line 303, in _load_silero_package_model
    module = import_module("silero_vad")
  File "/home/vibhaasw/miniforge3/lib/python3.13/importlib/__init__.py", line 88, in import_module
    return _bootstrap._gcd_import(name[level:], package, level)
           ~~~~~~~~~~~~~~~~~~~~~~^^^^^^^^^^^^^^^^^^^^^^^^^^^^^^
  File "<frozen importlib._bootstrap>", line 1395, in _gcd_import
  File "<frozen importlib._bootstrap>", line 1360, in _find_and_load
  File "<frozen importlib._bootstrap>", line 1324, in _find_and_load_unlocked
ModuleNotFoundError: No module named 'silero_vad'

During handling of the above exception, another exception occurred:

Traceback (most recent call last):
  File "/home/vibhaasw/miniforge3/lib/python3.13/site-packages/RealtimeSTT/core/silero_vad.py", line 195, in _create_auto_vad
    return _create_pytorch_vad("cpu")
  File "/home/vibhaasw/miniforge3/lib/python3.13/site-packages/RealtimeSTT/core/silero_vad.py", line 289, in _create_pytorch_vad
    loaded = _load_torch_hub_model(onnx=False)
  File "/home/vibhaasw/miniforge3/lib/python3.13/site-packages/RealtimeSTT/core/silero_vad.py", line 319, in _load_torch_hub_model
    loaded = torch.hub.load(
        repo_or_dir="snakers4/silero-vad",
    ...<2 lines>...
        onnx=onnx,
    )
  File "/home/vibhaasw/miniforge3/lib/python3.13/site-packages/torch/hub.py", line 661, in load
    repo_or_dir = _get_cache_or_reload(
        repo_or_dir,
    ...<3 lines>...
        skip_validation=skip_validation,
    )
  File "/home/vibhaasw/miniforge3/lib/python3.13/site-packages/torch/hub.py", line 291, in _get_cache_or_reload
    _check_repo_is_trusted(
    ~~~~~~~~~~~~~~~~~~~~~~^
        repo_owner,
        ^^^^^^^^^^^
    ...<2 lines>...
        trust_repo=trust_repo,
        ^^^^^^^^^^^^^^^^^^^^^^
    )
    ^
  File "/home/vibhaasw/miniforge3/lib/python3.13/site-packages/torch/hub.py", line 376, in _check_repo_is_trusted
    response = input(
        f"The repository {owner_name} does not belong to the list of trusted repositories and as such cannot be downloaded. "
        "Do you trust this repository and wish to add it to the trusted list of repositories (y/N)?"
    )
EOFError: EOF when reading a line

During handling of the above exception, another exception occurred:

Traceback (most recent call last):
  File "/home/vibhaasw/miniforge3/lib/python3.13/site-packages/RealtimeSTT/core/initialization.py", line 558, in _initialize_voice_activity_detection
    recorder.silero_vad_model = create_silero_vad_model(
                                ~~~~~~~~~~~~~~~~~~~~~~~^
        backend=silero_backend,
        ^^^^^^^^^^^^^^^^^^^^^^^
    ...<5 lines>...
        logger=logger,
        ^^^^^^^^^^^^^^
    )
    ^
  File "/home/vibhaasw/miniforge3/lib/python3.13/site-packages/RealtimeSTT/core/silero_vad.py", line 114, in create_silero_vad_model
    return _create_auto_vad(
        onnx_model_path=onnx_model_path,
    ...<3 lines>...
        logger=log,
    )
  File "/home/vibhaasw/miniforge3/lib/python3.13/site-packages/RealtimeSTT/core/silero_vad.py", line 198, in _create_auto_vad
    raise SileroVadError(
    ...<2 lines>...
    )
RealtimeSTT.core.silero_vad.SileroVadError: Could not initialize any automatic Silero VAD backend. Tried: raw_onnx_ifless: Could not find silero_vad_op18_ifless.onnx in the installed silero_vad package or the local torch hub cache. Install 'silero-vad' or pass silero_onnx_model_path.; raw_onnx: Could not find silero_vad.onnx in the installed silero_vad package or the local torch hub cache. Install 'silero-vad' or pass silero_onnx_model_path.; pytorch_cpu: EOF when reading a line
2026-08-18 15:14:59.109 - RealTimeSTT: realtimestt - DEBUG - No device index supplied; using default device 14
2026-08-18 15:14:59.110 - RealTimeSTT: realtimestt - DEBUG - Retrieving highest sample rate for device index 14: {'index': 14, 'structVersion': 2, 'name': 'default', 'hostApi': 0, 'maxInputChannels': 128, 'maxOutputChannels': 128, 'defaultLowInputLatency': 0.008707482993197279, 'defaultLowOutputLatency': 0.008707482993197279, 'defaultHighInputLatency': 0.034829931972789115, 'defaultHighOutputLatency': 0.034829931972789115, 'defaultSampleRate': 44100.0}
2026-08-18 15:14:59.110 - RealTimeSTT: realtimestt - DEBUG - Highest supported sample rate for device index 14 is 44100
2026-08-18 15:14:59.110 - RealTimeSTT: realtimestt - DEBUG - Sample rates to try for device 14: [16000, 44100]
2026-08-18 15:14:59.110 - RealTimeSTT: realtimestt - DEBUG - Attempting to initialize audio stream at 16000 Hz.
2026-08-18 15:14:59.110 - RealTimeSTT: realtimestt - DEBUG - Found 15 total audio devices on the system.
2026-08-18 15:14:59.110 - RealTimeSTT: realtimestt - DEBUG - Available input devices with input channels: [4, 8, 9, 12, 13, 14]
2026-08-18 15:14:59.110 - RealTimeSTT: realtimestt - DEBUG - Validating device index 14 with info: {'index': 14, 'structVersion': 2, 'name': 'default', 'hostApi': 0, 'maxInputChannels': 128, 'maxOutputChannels': 128, 'defaultLowInputLatency': 0.008707482993197279, 'defaultLowOutputLatency': 0.008707482993197279, 'defaultHighInputLatency': 0.034829931972789115, 'defaultHighOutputLatency': 0.034829931972789115, 'defaultSampleRate': 44100.0}
2026-08-18 15:14:59.238 - RealTimeSTT: realtimestt - DEBUG - Device index 14 successfully validated.
2026-08-18 15:14:59.238 - RealTimeSTT: realtimestt - DEBUG - Opening stream with device index 14, sample_rate=16000, chunk_size=1024
2026-08-18 15:14:59.264 - RealTimeSTT: realtimestt - INFO - Microphone connected and validated (device index: 14, sample rate: 16000, chunk size: 1024)
2026-08-18 15:14:59.264 - RealTimeSTT: realtimestt - DEBUG - Audio recording initialized successfully at 16000 Hz, reading 1024 frames at a time
2026-08-18 15:15:00.342 - RealTimeSTT: realtimestt - DEBUG - _audio_data_worker writing audio data into queue.
2026-08-18 15:15:01.366 - RealTimeSTT: realtimestt - DEBUG - _audio_data_worker writing audio data into queue.
2026-08-18 15:15:02.390 - RealTimeSTT: realtimestt - DEBUG - _audio_data_worker writing audio data into queue.
2026-08-18 15:15:03.414 - RealTimeSTT: realtimestt - DEBUG - _audio_data_worker writing audio data into queue.
2026-08-18 15:15:04.439 - RealTimeSTT: realtimestt - DEBUG - _audio_data_worker writing audio data into queue.
2026-08-18 15:15:05.462 - RealTimeSTT: realtimestt - DEBUG - _audio_data_worker writing audio data into queue.
2026-08-18 15:15:06.486 - RealTimeSTT: realtimestt - DEBUG - _audio_data_worker writing audio data into queue.
2026-08-18 15:15:07.510 - RealTimeSTT: realtimestt - DEBUG - _audio_data_worker writing audio data into queue.
2026-08-18 15:15:08.535 - RealTimeSTT: realtimestt - DEBUG - _audio_data_worker writing audio data into queue.
2026-08-18 15:15:09.558 - RealTimeSTT: realtimestt - DEBUG - _audio_data_worker writing audio data into queue.
2026-08-18 15:15:10.583 - RealTimeSTT: realtimestt - DEBUG - _audio_data_worker writing audio data into queue.
2026-08-18 15:15:11.607 - RealTimeSTT: realtimestt - DEBUG - _audio_data_worker writing audio data into queue.
2026-08-18 15:15:12.631 - RealTimeSTT: realtimestt - DEBUG - _audio_data_worker writing audio data into queue.
2026-08-18 15:15:13.655 - RealTimeSTT: realtimestt - DEBUG - _audio_data_worker writing audio data into queue.
2026-08-18 15:15:14.679 - RealTimeSTT: realtimestt - DEBUG - _audio_data_worker writing audio data into queue.
2026-08-18 15:15:15.703 - RealTimeSTT: realtimestt - DEBUG - _audio_data_worker writing audio data into queue.
2026-08-18 15:15:16.727 - RealTimeSTT: realtimestt - DEBUG - _audio_data_worker writing audio data into queue.
2026-08-18 15:15:17.751 - RealTimeSTT: realtimestt - DEBUG - _audio_data_worker writing audio data into queue.
2026-08-18 15:15:18.775 - RealTimeSTT: realtimestt - DEBUG - _audio_data_worker writing audio data into queue.
2026-08-18 15:15:19.799 - RealTimeSTT: realtimestt - DEBUG - _audio_data_worker writing audio data into queue.
2026-08-18 15:15:20.822 - RealTimeSTT: realtimestt - DEBUG - _audio_data_worker writing audio data into queue.
2026-08-18 15:15:21.847 - RealTimeSTT: realtimestt - DEBUG - _audio_data_worker writing audio data into queue.
2026-08-18 15:15:22.870 - RealTimeSTT: realtimestt - DEBUG - _audio_data_worker writing audio data into queue.
2026-08-18 15:15:23.894 - RealTimeSTT: realtimestt - DEBUG - _audio_data_worker writing audio data into queue.
2026-08-18 15:15:24.918 - RealTimeSTT: realtimestt - DEBUG - _audio_data_worker writing audio data into queue.
2026-08-18 15:15:25.942 - RealTimeSTT: realtimestt - DEBUG - _audio_data_worker writing audio data into queue.
2026-08-18 15:15:26.966 - RealTimeSTT: realtimestt - DEBUG - _audio_data_worker writing audio data into queue.
2026-08-18 15:15:27.990 - RealTimeSTT: realtimestt - DEBUG - _audio_data_worker writing audio data into queue.
2026-08-18 15:15:29.014 - RealTimeSTT: realtimestt - DEBUG - _audio_data_worker writing audio data into queue.
2026-08-18 15:15:30.038 - RealTimeSTT: realtimestt - DEBUG - _audio_data_worker writing audio data into queue.
2026-08-18 15:15:31.063 - RealTimeSTT: realtimestt - DEBUG - _audio_data_worker writing audio data into queue.
2026-08-18 15:15:32.087 - RealTimeSTT: realtimestt - DEBUG - _audio_data_worker writing audio data into queue.
2026-08-18 15:15:33.110 - RealTimeSTT: realtimestt - DEBUG - _audio_data_worker writing audio data into queue.
2026-08-18 15:15:34.134 - RealTimeSTT: realtimestt - DEBUG - _audio_data_worker writing audio data into queue.
2026-08-18 15:15:35.158 - RealTimeSTT: realtimestt - DEBUG - _audio_data_worker writing audio data into queue.
2026-08-18 15:15:36.182 - RealTimeSTT: realtimestt - DEBUG - _audio_data_worker writing audio data into queue.
2026-08-18 15:15:37.206 - RealTimeSTT: realtimestt - DEBUG - _audio_data_worker writing audio data into queue.
2026-08-18 15:15:38.230 - RealTimeSTT: realtimestt - DEBUG - _audio_data_worker writing audio data into queue.
2026-08-18 15:15:39.254 - RealTimeSTT: realtimestt - DEBUG - _audio_data_worker writing audio data into queue.
2026-08-18 15:15:40.278 - RealTimeSTT: realtimestt - DEBUG - _audio_data_worker writing audio data into queue.
2026-08-18 15:15:41.302 - RealTimeSTT: realtimestt - DEBUG - _audio_data_worker writing audio data into queue.
2026-08-18 15:15:42.326 - RealTimeSTT: realtimestt - DEBUG - _audio_data_worker writing audio data into queue.
2026-08-18 15:15:43.350 - RealTimeSTT: realtimestt - DEBUG - _audio_data_worker writing audio data into queue.
2026-08-18 15:15:44.374 - RealTimeSTT: realtimestt - DEBUG - _audio_data_worker writing audio data into queue.
2026-08-18 15:15:45.398 - RealTimeSTT: realtimestt - DEBUG - _audio_data_worker writing audio data into queue.
2026-08-18 15:15:46.422 - RealTimeSTT: realtimestt - DEBUG - _audio_data_worker writing audio data into queue.
2026-08-18 15:15:47.446 - RealTimeSTT: realtimestt - DEBUG - _audio_data_worker writing audio data into queue.
2026-08-18 15:15:48.470 - RealTimeSTT: realtimestt - DEBUG - _audio_data_worker writing audio data into queue.
2026-08-18 15:15:49.494 - RealTimeSTT: realtimestt - DEBUG - _audio_data_worker writing audio data into queue.
2026-08-18 15:15:50.518 - RealTimeSTT: realtimestt - DEBUG - _audio_data_worker writing audio data into queue.
2026-08-18 15:15:51.542 - RealTimeSTT: realtimestt - DEBUG - _audio_data_worker writing audio data into queue.
2026-08-18 15:15:52.566 - RealTimeSTT: realtimestt - DEBUG - _audio_data_worker writing audio data into queue.
2026-08-18 15:15:53.590 - RealTimeSTT: realtimestt - DEBUG - _audio_data_worker writing audio data into queue.
2026-08-18 15:15:54.614 - RealTimeSTT: realtimestt - DEBUG - _audio_data_worker writing audio data into queue.
2026-08-18 15:15:55.638 - RealTimeSTT: realtimestt - DEBUG - _audio_data_worker writing audio data into queue.
2026-08-18 15:15:56.662 - RealTimeSTT: realtimestt - DEBUG - _audio_data_worker writing audio data into queue.
2026-08-18 15:15:57.686 - RealTimeSTT: realtimestt - DEBUG - _audio_data_worker writing audio data into queue.
2026-08-18 15:15:58.710 - RealTimeSTT: realtimestt - DEBUG - _audio_data_worker writing audio data into queue.
2026-08-18 15:15:59.734 - RealTimeSTT: realtimestt - DEBUG - _audio_data_worker writing audio data into queue.
2026-08-18 15:16:00.758 - RealTimeSTT: realtimestt - DEBUG - _audio_data_worker writing audio data into queue.
2026-08-18 15:16:01.782 - RealTimeSTT: realtimestt - DEBUG - _audio_data_worker writing audio data into queue.
2026-08-18 15:16:02.806 - RealTimeSTT: realtimestt - DEBUG - _audio_data_worker writing audio data into queue.
2026-08-18 15:16:03.830 - RealTimeSTT: realtimestt - DEBUG - _audio_data_worker writing audio data into queue.
2026-08-18 15:16:04.854 - RealTimeSTT: realtimestt - DEBUG - _audio_data_worker writing audio data into queue.
2026-08-18 15:16:05.878 - RealTimeSTT: realtimestt - DEBUG - _audio_data_worker writing audio data into queue.
2026-08-18 15:16:06.902 - RealTimeSTT: realtimestt - DEBUG - _audio_data_worker writing audio data into queue.
2026-08-18 15:16:07.926 - RealTimeSTT: realtimestt - DEBUG - _audio_data_worker writing audio data into queue.
2026-08-18 15:16:08.950 - RealTimeSTT: realtimestt - DEBUG - _audio_data_worker writing audio data into queue.
2026-08-18 15:16:09.974 - RealTimeSTT: realtimestt - DEBUG - _audio_data_worker writing audio data into queue.
2026-08-18 15:16:10.998 - RealTimeSTT: realtimestt - DEBUG - _audio_data_worker writing audio data into queue.
2026-08-18 15:16:12.022 - RealTimeSTT: realtimestt - DEBUG - _audio_data_worker writing audio data into queue.
2026-08-18 15:16:13.046 - RealTimeSTT: realtimestt - DEBUG - _audio_data_worker writing audio data into queue.
2026-08-18 15:16:14.070 - RealTimeSTT: realtimestt - DEBUG - _audio_data_worker writing audio data into queue.
2026-08-18 15:16:15.094 - RealTimeSTT: realtimestt - DEBUG - _audio_data_worker writing audio data into queue.
2026-08-18 15:16:16.118 - RealTimeSTT: realtimestt - DEBUG - _audio_data_worker writing audio data into queue.
2026-08-18 15:16:17.142 - RealTimeSTT: realtimestt - DEBUG - _audio_data_worker writing audio data into queue.
2026-08-18 15:16:18.166 - RealTimeSTT: realtimestt - DEBUG - _audio_data_worker writing audio data into queue.
2026-08-18 15:16:19.190 - RealTimeSTT: realtimestt - DEBUG - _audio_data_worker writing audio data into queue.
2026-08-18 15:16:20.214 - RealTimeSTT: realtimestt - DEBUG - _audio_data_worker writing audio data into queue.
2026-08-18 15:16:21.238 - RealTimeSTT: realtimestt - DEBUG - _audio_data_worker writing audio data into queue.
2026-08-18 15:16:22.262 - RealTimeSTT: realtimestt - DEBUG - _audio_data_worker writing audio data into queue.
2026-08-18 15:16:23.286 - RealTimeSTT: realtimestt - DEBUG - _audio_data_worker writing audio data into queue.
2026-08-18 15:16:24.310 - RealTimeSTT: realtimestt - DEBUG - _audio_data_worker writing audio data into queue.
2026-08-18 15:16:25.334 - RealTimeSTT: realtimestt - DEBUG - _audio_data_worker writing audio data into queue.
2026-08-18 15:16:26.358 - RealTimeSTT: realtimestt - DEBUG - _audio_data_worker writing audio data into queue.
2026-08-18 15:16:27.382 - RealTimeSTT: realtimestt - DEBUG - _audio_data_worker writing audio data into queue.
2026-08-18 15:16:28.406 - RealTimeSTT: realtimestt - DEBUG - _audio_data_worker writing audio data into queue.
2026-08-18 15:16:29.430 - RealTimeSTT: realtimestt - DEBUG - _audio_data_worker writing audio data into queue.
2026-08-18 15:16:30.454 - RealTimeSTT: realtimestt - DEBUG - _audio_data_worker writing audio data into queue.
2026-08-18 15:16:31.478 - RealTimeSTT: realtimestt - DEBUG - _audio_data_worker writing audio data into queue.
2026-08-18 15:16:32.502 - RealTimeSTT: realtimestt - DEBUG - _audio_data_worker writing audio data into queue.
2026-08-18 15:16:33.526 - RealTimeSTT: realtimestt - DEBUG - _audio_data_worker writing audio data into queue.
2026-08-18 15:16:34.550 - RealTimeSTT: realtimestt - DEBUG - _audio_data_worker writing audio data into queue.
2026-08-18 15:16:35.574 - RealTimeSTT: realtimestt - DEBUG - _audio_data_worker writing audio data into queue.
2026-08-18 15:16:36.598 - RealTimeSTT: realtimestt - DEBUG - _audio_data_worker writing audio data into queue.
2026-08-18 15:16:37.622 - RealTimeSTT: realtimestt - DEBUG - _audio_data_worker writing audio data into queue.
2026-08-18 15:16:38.646 - RealTimeSTT: realtimestt - DEBUG - _audio_data_worker writing audio data into queue.
2026-08-18 15:16:39.670 - RealTimeSTT: realtimestt - DEBUG - _audio_data_worker writing audio data into queue.
2026-08-18 15:16:40.694 - RealTimeSTT: realtimestt - DEBUG - _audio_data_worker writing audio data into queue.
2026-08-18 15:16:41.718 - RealTimeSTT: realtimestt - DEBUG - _audio_data_worker writing audio data into queue.
2026-08-18 15:16:42.742 - RealTimeSTT: realtimestt - DEBUG - _audio_data_worker writing audio data into queue.
2026-08-18 15:16:43.766 - RealTimeSTT: realtimestt - DEBUG - _audio_data_worker writing audio data into queue.
2026-08-18 15:16:44.790 - RealTimeSTT: realtimestt - DEBUG - _audio_data_worker writing audio data into queue.
2026-08-18 15:16:45.814 - RealTimeSTT: realtimestt - DEBUG - _audio_data_worker writing audio data into queue.
2026-08-18 15:16:46.838 - RealTimeSTT: realtimestt - DEBUG - _audio_data_worker writing audio data into queue.
2026-08-18 15:16:47.862 - RealTimeSTT: realtimestt - DEBUG - _audio_data_worker writing audio data into queue.
2026-08-18 15:16:48.886 - RealTimeSTT: realtimestt - DEBUG - _audio_data_worker writing audio data into queue.
2026-08-18 15:16:49.910 - RealTimeSTT: realtimestt - DEBUG - _audio_data_worker writing audio data into queue.
2026-08-18 15:16:50.935 - RealTimeSTT: realtimestt - DEBUG - _audio_data_worker writing audio data into queue.
2026-08-18 15:16:51.958 - RealTimeSTT: realtimestt - DEBUG - _audio_data_worker writing audio data into queue.
2026-08-18 15:16:52.982 - RealTimeSTT: realtimestt - DEBUG - _audio_data_worker writing audio data into queue.
2026-08-18 15:16:54.006 - RealTimeSTT: realtimestt - DEBUG - _audio_data_worker writing audio data into queue.
2026-08-18 15:16:55.030 - RealTimeSTT: realtimestt - DEBUG - _audio_data_worker writing audio data into queue.
2026-08-18 15:16:56.054 - RealTimeSTT: realtimestt - DEBUG - _audio_data_worker writing audio data into queue.
2026-08-18 15:16:57.078 - RealTimeSTT: realtimestt - DEBUG - _audio_data_worker writing audio data into queue.
2026-08-18 15:16:58.102 - RealTimeSTT: realtimestt - DEBUG - _audio_data_worker writing audio data into queue.
2026-08-18 15:16:59.126 - RealTimeSTT: realtimestt - DEBUG - _audio_data_worker writing audio data into queue.
2026-08-18 15:17:00.150 - RealTimeSTT: realtimestt - DEBUG - _audio_data_worker writing audio data into queue.
2026-08-18 15:17:01.174 - RealTimeSTT: realtimestt - DEBUG - _audio_data_worker writing audio data into queue.
2026-08-18 15:17:02.198 - RealTimeSTT: realtimestt - DEBUG - _audio_data_worker writing audio data into queue.
2026-08-18 15:17:03.222 - RealTimeSTT: realtimestt - DEBUG - _audio_data_worker writing audio data into queue.
2026-08-18 15:17:04.246 - RealTimeSTT: realtimestt - DEBUG - _audio_data_worker writing audio data into queue.
2026-08-18 15:17:05.270 - RealTimeSTT: realtimestt - DEBUG - _audio_data_worker writing audio data into queue.
2026-08-18 15:17:06.294 - RealTimeSTT: realtimestt - DEBUG - _audio_data_worker writing audio data into queue.
2026-08-18 15:17:07.318 - RealTimeSTT: realtimestt - DEBUG - _audio_data_worker writing audio data into queue.
2026-08-18 15:17:08.342 - RealTimeSTT: realtimestt - DEBUG - _audio_data_worker writing audio data into queue.
2026-08-18 15:17:09.366 - RealTimeSTT: realtimestt - DEBUG - _audio_data_worker writing audio data into queue.
2026-08-18 15:17:10.390 - RealTimeSTT: realtimestt - DEBUG - _audio_data_worker writing audio data into queue.
2026-08-18 15:17:11.414 - RealTimeSTT: realtimestt - DEBUG - _audio_data_worker writing audio data into queue.
2026-08-18 15:17:12.438 - RealTimeSTT: realtimestt - DEBUG - _audio_data_worker writing audio data into queue.
2026-08-18 15:17:13.462 - RealTimeSTT: realtimestt - DEBUG - _audio_data_worker writing audio data into queue.
2026-08-18 15:17:14.486 - RealTimeSTT: realtimestt - DEBUG - _audio_data_worker writing audio data into queue.
2026-08-18 15:17:15.510 - RealTimeSTT: realtimestt - DEBUG - _audio_data_worker writing audio data into queue.
2026-08-18 15:17:16.534 - RealTimeSTT: realtimestt - DEBUG - _audio_data_worker writing audio data into queue.
2026-08-18 15:17:17.559 - RealTimeSTT: realtimestt - DEBUG - _audio_data_worker writing audio data into queue.
2026-08-18 15:17:18.583 - RealTimeSTT: realtimestt - DEBUG - _audio_data_worker writing audio data into queue.
2026-08-18 15:17:19.607 - RealTimeSTT: realtimestt - DEBUG - _audio_data_worker writing audio data into queue.
2026-08-18 15:17:20.630 - RealTimeSTT: realtimestt - DEBUG - _audio_data_worker writing audio data into queue.
2026-08-18 15:17:21.655 - RealTimeSTT: realtimestt - DEBUG - _audio_data_worker writing audio data into queue.
2026-08-18 15:17:22.679 - RealTimeSTT: realtimestt - DEBUG - _audio_data_worker writing audio data into queue.
2026-08-18 15:17:23.703 - RealTimeSTT: realtimestt - DEBUG - _audio_data_worker writing audio data into queue.
2026-08-18 15:17:24.726 - RealTimeSTT: realtimestt - DEBUG - _audio_data_worker writing audio data into queue.
2026-08-18 15:17:25.750 - RealTimeSTT: realtimestt - DEBUG - _audio_data_worker writing audio data into queue.
2026-08-18 15:17:26.775 - RealTimeSTT: realtimestt - DEBUG - _audio_data_worker writing audio data into queue.
2026-08-18 15:17:27.798 - RealTimeSTT: realtimestt - DEBUG - _audio_data_worker writing audio data into queue.
2026-08-18 15:17:28.822 - RealTimeSTT: realtimestt - DEBUG - _audio_data_worker writing audio data into queue.
2026-08-18 15:17:29.846 - RealTimeSTT: realtimestt - DEBUG - _audio_data_worker writing audio data into queue.
2026-08-18 15:17:30.620 - RealTimeSTT: realtimestt - INFO - Starting RealTimeSTT
2026-08-18 15:17:30.622 - RealTimeSTT: realtimestt - INFO - Initializing audio recording (creating pyAudio input stream, sample rate: 16000 buffer size: 512
2026-08-18 15:17:30.622 - RealTimeSTT: realtimestt - INFO - Initializing WebRTC voice with Sensitivity 3
2026-08-18 15:17:30.622 - RealTimeSTT: realtimestt - DEBUG - WebRTC VAD voice activity detection engine initialized successfully
2026-08-18 15:17:30.626 - RealTimeSTT: realtimestt - DEBUG - Starting audio data worker with target_sample_rate=16000, buffer_size=512, input_device_index=None
2026-08-18 15:17:30.627 - RealTimeSTT: realtimestt - DEBUG - Creating PyAudio interface...
2026-08-18 15:17:30.772 - RealTimeSTT: realtimestt - DEBUG - Silero VAD voice activity detection engine initialized successfully with backend raw_onnx_ifless
2026-08-18 15:17:30.782 - RealTimeSTT: realtimestt - DEBUG - Starting realtime worker
2026-08-18 15:17:30.782 - RealTimeSTT: realtimestt - DEBUG - Realtime transcription disabled; realtime worker exits
2026-08-18 15:17:30.782 - RealTimeSTT: realtimestt - DEBUG - Waiting for main transcription model to start
2026-08-18 15:17:30.870 - RealTimeSTT: realtimestt - DEBUG - _audio_data_worker writing audio data into queue.
2026-08-18 15:17:31.894 - RealTimeSTT: realtimestt - DEBUG - _audio_data_worker writing audio data into queue.
2026-08-18 15:17:32.687 - RealTimeSTT: realtimestt - DEBUG - No device index supplied; using default device 14
2026-08-18 15:17:32.687 - RealTimeSTT: realtimestt - DEBUG - Retrieving highest sample rate for device index 14: {'index': 14, 'structVersion': 2, 'name': 'default', 'hostApi': 0, 'maxInputChannels': 128, 'maxOutputChannels': 128, 'defaultLowInputLatency': 0.008707482993197279, 'defaultLowOutputLatency': 0.008707482993197279, 'defaultHighInputLatency': 0.034829931972789115, 'defaultHighOutputLatency': 0.034829931972789115, 'defaultSampleRate': 44100.0}
2026-08-18 15:17:32.687 - RealTimeSTT: realtimestt - DEBUG - Highest supported sample rate for device index 14 is 44100
2026-08-18 15:17:32.687 - RealTimeSTT: realtimestt - DEBUG - Sample rates to try for device 14: [16000, 44100]
2026-08-18 15:17:32.687 - RealTimeSTT: realtimestt - DEBUG - Attempting to initialize audio stream at 16000 Hz.
2026-08-18 15:17:32.687 - RealTimeSTT: realtimestt - DEBUG - Found 15 total audio devices on the system.
2026-08-18 15:17:32.687 - RealTimeSTT: realtimestt - DEBUG - Available input devices with input channels: [8, 9, 12, 13, 14]
2026-08-18 15:17:32.687 - RealTimeSTT: realtimestt - DEBUG - Validating device index 14 with info: {'index': 14, 'structVersion': 2, 'name': 'default', 'hostApi': 0, 'maxInputChannels': 128, 'maxOutputChannels': 128, 'defaultLowInputLatency': 0.008707482993197279, 'defaultLowOutputLatency': 0.008707482993197279, 'defaultHighInputLatency': 0.034829931972789115, 'defaultHighOutputLatency': 0.034829931972789115, 'defaultSampleRate': 44100.0}
2026-08-18 15:17:32.797 - RealTimeSTT: realtimestt - DEBUG - Device index 14 successfully validated.
2026-08-18 15:17:32.797 - RealTimeSTT: realtimestt - DEBUG - Opening stream with device index 14, sample_rate=16000, chunk_size=1024
2026-08-18 15:17:32.826 - RealTimeSTT: realtimestt - INFO - Microphone connected and validated (device index: 14, sample rate: 16000, chunk size: 1024)
2026-08-18 15:17:32.826 - RealTimeSTT: realtimestt - DEBUG - Audio recording initialized successfully at 16000 Hz, reading 1024 frames at a time
2026-08-18 15:17:32.918 - RealTimeSTT: realtimestt - DEBUG - _audio_data_worker writing audio data into queue.
2026-08-18 15:17:33.899 - RealTimeSTT: realtimestt - DEBUG - _audio_data_worker writing audio data into queue.
2026-08-18 15:17:33.942 - RealTimeSTT: realtimestt - DEBUG - _audio_data_worker writing audio data into queue.
2026-08-18 15:17:34.923 - RealTimeSTT: realtimestt - DEBUG - _audio_data_worker writing audio data into queue.
2026-08-18 15:17:34.966 - RealTimeSTT: realtimestt - DEBUG - _audio_data_worker writing audio data into queue.
2026-08-18 15:17:35.947 - RealTimeSTT: realtimestt - DEBUG - _audio_data_worker writing audio data into queue.
2026-08-18 15:17:35.990 - RealTimeSTT: realtimestt - DEBUG - _audio_data_worker writing audio data into queue.
2026-08-18 15:17:36.971 - RealTimeSTT: realtimestt - DEBUG - _audio_data_worker writing audio data into queue.
2026-08-18 15:17:37.014 - RealTimeSTT: realtimestt - DEBUG - _audio_data_worker writing audio data into queue.
2026-08-18 15:17:37.995 - RealTimeSTT: realtimestt - DEBUG - _audio_data_worker writing audio data into queue.
2026-08-18 15:17:38.038 - RealTimeSTT: realtimestt - DEBUG - _audio_data_worker writing audio data into queue.
2026-08-18 15:17:39.019 - RealTimeSTT: realtimestt - DEBUG - _audio_data_worker writing audio data into queue.
2026-08-18 15:17:39.062 - RealTimeSTT: realtimestt - DEBUG - _audio_data_worker writing audio data into queue.
2026-08-18 15:17:40.043 - RealTimeSTT: realtimestt - DEBUG - _audio_data_worker writing audio data into queue.
2026-08-18 15:17:40.086 - RealTimeSTT: realtimestt - DEBUG - _audio_data_worker writing audio data into queue.
2026-08-18 15:17:41.067 - RealTimeSTT: realtimestt - DEBUG - _audio_data_worker writing audio data into queue.
2026-08-18 15:17:41.110 - RealTimeSTT: realtimestt - DEBUG - _audio_data_worker writing audio data into queue.
2026-08-18 15:17:42.091 - RealTimeSTT: realtimestt - DEBUG - _audio_data_worker writing audio data into queue.
2026-08-18 15:17:42.134 - RealTimeSTT: realtimestt - DEBUG - _audio_data_worker writing audio data into queue.
2026-08-18 15:17:43.115 - RealTimeSTT: realtimestt - DEBUG - _audio_data_worker writing audio data into queue.
2026-08-18 15:17:43.158 - RealTimeSTT: realtimestt - DEBUG - _audio_data_worker writing audio data into queue.
2026-08-18 15:17:44.139 - RealTimeSTT: realtimestt - DEBUG - _audio_data_worker writing audio data into queue.
2026-08-18 15:17:44.182 - RealTimeSTT: realtimestt - DEBUG - _audio_data_worker writing audio data into queue.
2026-08-18 15:17:45.163 - RealTimeSTT: realtimestt - DEBUG - _audio_data_worker writing audio data into queue.
2026-08-18 15:17:45.206 - RealTimeSTT: realtimestt - DEBUG - _audio_data_worker writing audio data into queue.
2026-08-18 15:17:46.187 - RealTimeSTT: realtimestt - DEBUG - _audio_data_worker writing audio data into queue.
2026-08-18 15:17:46.230 - RealTimeSTT: realtimestt - DEBUG - _audio_data_worker writing audio data into queue.
2026-08-18 15:17:47.211 - RealTimeSTT: realtimestt - DEBUG - _audio_data_worker writing audio data into queue.
2026-08-18 15:17:47.254 - RealTimeSTT: realtimestt - DEBUG - _audio_data_worker writing audio data into queue.
2026-08-18 15:17:48.235 - RealTimeSTT: realtimestt - DEBUG - _audio_data_worker writing audio data into queue.
2026-08-18 15:17:48.278 - RealTimeSTT: realtimestt - DEBUG - _audio_data_worker writing audio data into queue.
2026-08-18 15:17:49.259 - RealTimeSTT: realtimestt - DEBUG - _audio_data_worker writing audio data into queue.
2026-08-18 15:17:49.302 - RealTimeSTT: realtimestt - DEBUG - _audio_data_worker writing audio data into queue.
2026-08-18 15:17:50.283 - RealTimeSTT: realtimestt - DEBUG - _audio_data_worker writing audio data into queue.
2026-08-18 15:17:50.326 - RealTimeSTT: realtimestt - DEBUG - _audio_data_worker writing audio data into queue.
2026-08-18 15:17:51.307 - RealTimeSTT: realtimestt - DEBUG - _audio_data_worker writing audio data into queue.
2026-08-18 15:17:51.350 - RealTimeSTT: realtimestt - DEBUG - _audio_data_worker writing audio data into queue.
2026-08-18 15:17:52.331 - RealTimeSTT: realtimestt - DEBUG - _audio_data_worker writing audio data into queue.
2026-08-18 15:17:52.374 - RealTimeSTT: realtimestt - DEBUG - _audio_data_worker writing audio data into queue.
2026-08-18 15:17:53.355 - RealTimeSTT: realtimestt - DEBUG - _audio_data_worker writing audio data into queue.
2026-08-18 15:17:53.397 - RealTimeSTT: realtimestt - DEBUG - _audio_data_worker writing audio data into queue.
2026-08-18 15:17:54.379 - RealTimeSTT: realtimestt - DEBUG - _audio_data_worker writing audio data into queue.
2026-08-18 15:17:54.421 - RealTimeSTT: realtimestt - DEBUG - _audio_data_worker writing audio data into queue.
2026-08-18 15:17:55.403 - RealTimeSTT: realtimestt - DEBUG - _audio_data_worker writing audio data into queue.
2026-08-18 15:17:55.445 - RealTimeSTT: realtimestt - DEBUG - _audio_data_worker writing audio data into queue.
2026-08-18 15:17:56.427 - RealTimeSTT: realtimestt - DEBUG - _audio_data_worker writing audio data into queue.
2026-08-18 15:17:56.469 - RealTimeSTT: realtimestt - DEBUG - _audio_data_worker writing audio data into queue.
2026-08-18 15:17:57.451 - RealTimeSTT: realtimestt - DEBUG - _audio_data_worker writing audio data into queue.
2026-08-18 15:17:57.493 - RealTimeSTT: realtimestt - DEBUG - _audio_data_worker writing audio data into queue.
2026-08-18 15:17:58.475 - RealTimeSTT: realtimestt - DEBUG - _audio_data_worker writing audio data into queue.
2026-08-18 15:17:58.517 - RealTimeSTT: realtimestt - DEBUG - _audio_data_worker writing audio data into queue.
2026-08-18 15:17:59.499 - RealTimeSTT: realtimestt - DEBUG - _audio_data_worker writing audio data into queue.
2026-08-18 15:17:59.541 - RealTimeSTT: realtimestt - DEBUG - _audio_data_worker writing audio data into queue.
2026-08-18 15:18:00.523 - RealTimeSTT: realtimestt - DEBUG - _audio_data_worker writing audio data into queue.
2026-08-18 15:18:00.565 - RealTimeSTT: realtimestt - DEBUG - _audio_data_worker writing audio data into queue.
2026-08-18 15:18:01.547 - RealTimeSTT: realtimestt - DEBUG - _audio_data_worker writing audio data into queue.
2026-08-18 15:18:01.590 - RealTimeSTT: realtimestt - DEBUG - _audio_data_worker writing audio data into queue.
2026-08-18 15:18:02.571 - RealTimeSTT: realtimestt - DEBUG - _audio_data_worker writing audio data into queue.
2026-08-18 15:18:02.613 - RealTimeSTT: realtimestt - DEBUG - _audio_data_worker writing audio data into queue.
2026-08-18 15:18:03.595 - RealTimeSTT: realtimestt - DEBUG - _audio_data_worker writing audio data into queue.
2026-08-18 15:18:03.637 - RealTimeSTT: realtimestt - DEBUG - _audio_data_worker writing audio data into queue.
2026-08-18 15:18:04.619 - RealTimeSTT: realtimestt - DEBUG - _audio_data_worker writing audio data into queue.
2026-08-18 15:18:04.661 - RealTimeSTT: realtimestt - DEBUG - _audio_data_worker writing audio data into queue.
2026-08-18 15:18:05.643 - RealTimeSTT: realtimestt - DEBUG - _audio_data_worker writing audio data into queue.
2026-08-18 15:18:05.685 - RealTimeSTT: realtimestt - DEBUG - _audio_data_worker writing audio data into queue.
2026-08-18 15:18:06.667 - RealTimeSTT: realtimestt - DEBUG - _audio_data_worker writing audio data into queue.
2026-08-18 15:18:06.709 - RealTimeSTT: realtimestt - DEBUG - _audio_data_worker writing audio data into queue.
2026-08-18 15:18:07.691 - RealTimeSTT: realtimestt - DEBUG - _audio_data_worker writing audio data into queue.
2026-08-18 15:18:07.733 - RealTimeSTT: realtimestt - DEBUG - _audio_data_worker writing audio data into queue.
2026-08-18 15:18:08.715 - RealTimeSTT: realtimestt - DEBUG - _audio_data_worker writing audio data into queue.
2026-08-18 15:18:08.757 - RealTimeSTT: realtimestt - DEBUG - _audio_data_worker writing audio data into queue.
2026-08-18 15:18:09.739 - RealTimeSTT: realtimestt - DEBUG - _audio_data_worker writing audio data into queue.
2026-08-18 15:18:09.781 - RealTimeSTT: realtimestt - DEBUG - _audio_data_worker writing audio data into queue.
2026-08-18 15:18:10.762 - RealTimeSTT: realtimestt - DEBUG - _audio_data_worker writing audio data into queue.
2026-08-18 15:18:10.805 - RealTimeSTT: realtimestt - DEBUG - _audio_data_worker writing audio data into queue.
2026-08-18 15:18:11.829 - RealTimeSTT: realtimestt - DEBUG - _audio_data_worker writing audio data into queue.
2026-08-18 15:18:11.885 - RealTimeSTT: realtimestt - DEBUG - _audio_data_worker writing audio data into queue.
2026-08-18 15:18:12.853 - RealTimeSTT: realtimestt - DEBUG - _audio_data_worker writing audio data into queue.
2026-08-18 15:18:12.878 - RealTimeSTT: realtimestt - DEBUG - Main transcription model ready
2026-08-18 15:18:12.879 - RealTimeSTT: realtimestt - DEBUG - RealtimeSTT initialization completed successfully
2026-08-18 15:18:12.879 - RealTimeSTT: realtimestt - DEBUG - Finishing recording thread
2026-08-18 15:18:12.884 - RealTimeSTT: realtimestt - DEBUG - Terminating reader process
2026-08-18 15:18:12.896 - RealTimeSTT: realtimestt - DEBUG - _audio_data_worker writing audio data into queue.
2026-08-18 15:18:12.928 - RealTimeSTT: realtimestt - DEBUG - Terminating transcription process
2026-08-18 15:18:12.979 - RealTimeSTT: realtimestt - DEBUG - Receive from stdout pipe
2026-08-18 15:18:12.979 - RealTimeSTT: realtimestt - INFO - None
2026-08-18 15:18:12.997 - RealTimeSTT: realtimestt - DEBUG - Finishing realtime thread
2026-08-18 15:18:13.877 - RealTimeSTT: realtimestt - DEBUG - _audio_data_worker writing audio data into queue.
2026-08-18 15:18:14.901 - RealTimeSTT: realtimestt - DEBUG - _audio_data_worker writing audio data into queue.
2026-08-18 15:18:15.925 - RealTimeSTT: realtimestt - DEBUG - _audio_data_worker writing audio data into queue.
2026-08-18 15:18:16.949 - RealTimeSTT: realtimestt - DEBUG - _audio_data_worker writing audio data into queue.
2026-08-18 15:18:17.973 - RealTimeSTT: realtimestt - DEBUG - _audio_data_worker writing audio data into queue.
2026-08-18 15:18:18.997 - RealTimeSTT: realtimestt - DEBUG - _audio_data_worker writing audio data into queue.
2026-08-18 15:18:20.021 - RealTimeSTT: realtimestt - DEBUG - _audio_data_worker writing audio data into queue.
2026-08-18 15:18:21.045 - RealTimeSTT: realtimestt - DEBUG - _audio_data_worker writing audio data into queue.
2026-08-18 15:18:22.069 - RealTimeSTT: realtimestt - DEBUG - _audio_data_worker writing audio data into queue.
2026-08-18 15:18:23.093 - RealTimeSTT: realtimestt - DEBUG - _audio_data_worker writing audio data into queue.
2026-08-18 15:18:24.117 - RealTimeSTT: realtimestt - DEBUG - _audio_data_worker writing audio data into queue.
2026-08-18 15:18:25.141 - RealTimeSTT: realtimestt - DEBUG - _audio_data_worker writing audio data into queue.
2026-08-18 15:18:26.165 - RealTimeSTT: realtimestt - DEBUG - _audio_data_worker writing audio data into queue.
2026-08-18 15:18:27.189 - RealTimeSTT: realtimestt - DEBUG - _audio_data_worker writing audio data into queue.
2026-08-18 15:18:28.213 - RealTimeSTT: realtimestt - DEBUG - _audio_data_worker writing audio data into queue.
2026-08-18 15:18:29.237 - RealTimeSTT: realtimestt - DEBUG - _audio_data_worker writing audio data into queue.
2026-08-18 15:18:30.261 - RealTimeSTT: realtimestt - DEBUG - _audio_data_worker writing audio data into queue.
2026-08-18 15:18:31.285 - RealTimeSTT: realtimestt - DEBUG - _audio_data_worker writing audio data into queue.
2026-08-18 15:18:32.309 - RealTimeSTT: realtimestt - DEBUG - _audio_data_worker writing audio data into queue.
2026-08-18 15:18:33.333 - RealTimeSTT: realtimestt - DEBUG - _audio_data_worker writing audio data into queue.
2026-08-18 15:18:34.357 - RealTimeSTT: realtimestt - DEBUG - _audio_data_worker writing audio data into queue.
2026-08-18 15:18:35.381 - RealTimeSTT: realtimestt - DEBUG - _audio_data_worker writing audio data into queue.
2026-08-18 15:18:36.405 - RealTimeSTT: realtimestt - DEBUG - _audio_data_worker writing audio data into queue.
2026-08-18 15:18:37.429 - RealTimeSTT: realtimestt - DEBUG - _audio_data_worker writing audio data into queue.
2026-08-18 15:18:38.453 - RealTimeSTT: realtimestt - DEBUG - _audio_data_worker writing audio data into queue.
2026-08-18 15:18:39.477 - RealTimeSTT: realtimestt - DEBUG - _audio_data_worker writing audio data into queue.
2026-08-18 15:18:40.501 - RealTimeSTT: realtimestt - DEBUG - _audio_data_worker writing audio data into queue.
2026-08-18 15:18:41.525 - RealTimeSTT: realtimestt - DEBUG - _audio_data_worker writing audio data into queue.
2026-08-18 15:18:42.549 - RealTimeSTT: realtimestt - DEBUG - _audio_data_worker writing audio data into queue.
2026-08-18 15:18:43.573 - RealTimeSTT: realtimestt - DEBUG - _audio_data_worker writing audio data into queue.
2026-08-18 15:18:44.597 - RealTimeSTT: realtimestt - DEBUG - _audio_data_worker writing audio data into queue.
2026-08-18 15:18:45.621 - RealTimeSTT: realtimestt - DEBUG - _audio_data_worker writing audio data into queue.
2026-08-18 15:18:46.645 - RealTimeSTT: realtimestt - DEBUG - _audio_data_worker writing audio data into queue.
2026-08-18 15:18:47.669 - RealTimeSTT: realtimestt - DEBUG - _audio_data_worker writing audio data into queue.
2026-08-18 15:18:48.693 - RealTimeSTT: realtimestt - DEBUG - _audio_data_worker writing audio data into queue.
2026-08-18 15:18:49.717 - RealTimeSTT: realtimestt - DEBUG - _audio_data_worker writing audio data into queue.
2026-08-18 15:18:50.741 - RealTimeSTT: realtimestt - DEBUG - _audio_data_worker writing audio data into queue.
2026-08-18 15:18:51.765 - RealTimeSTT: realtimestt - DEBUG - _audio_data_worker writing audio data into queue.
2026-08-18 15:18:52.789 - RealTimeSTT: realtimestt - DEBUG - _audio_data_worker writing audio data into queue.
2026-08-18 15:18:53.813 - RealTimeSTT: realtimestt - DEBUG - _audio_data_worker writing audio data into queue.
2026-08-18 15:18:54.837 - RealTimeSTT: realtimestt - DEBUG - _audio_data_worker writing audio data into queue.
2026-08-18 15:18:55.861 - RealTimeSTT: realtimestt - DEBUG - _audio_data_worker writing audio data into queue.
2026-08-18 15:18:56.885 - RealTimeSTT: realtimestt - DEBUG - _audio_data_worker writing audio data into queue.
2026-08-18 15:18:57.909 - RealTimeSTT: realtimestt - DEBUG - _audio_data_worker writing audio data into queue.
2026-08-18 15:18:58.933 - RealTimeSTT: realtimestt - DEBUG - _audio_data_worker writing audio data into queue.
2026-08-18 15:18:59.957 - RealTimeSTT: realtimestt - DEBUG - _audio_data_worker writing audio data into queue.
2026-08-18 15:19:00.980 - RealTimeSTT: realtimestt - DEBUG - _audio_data_worker writing audio data into queue.
2026-08-18 15:19:02.004 - RealTimeSTT: realtimestt - DEBUG - _audio_data_worker writing audio data into queue.
2026-08-18 15:19:03.028 - RealTimeSTT: realtimestt - DEBUG - _audio_data_worker writing audio data into queue.
2026-08-18 15:19:04.052 - RealTimeSTT: realtimestt - DEBUG - _audio_data_worker writing audio data into queue.
2026-08-18 15:19:05.076 - RealTimeSTT: realtimestt - DEBUG - _audio_data_worker writing audio data into queue.
2026-08-18 15:19:06.100 - RealTimeSTT: realtimestt - DEBUG - _audio_data_worker writing audio data into queue.
2026-08-18 15:19:07.124 - RealTimeSTT: realtimestt - DEBUG - _audio_data_worker writing audio data into queue.
2026-08-18 15:19:08.148 - RealTimeSTT: realtimestt - DEBUG - _audio_data_worker writing audio data into queue.
2026-08-18 15:19:09.172 - RealTimeSTT: realtimestt - DEBUG - _audio_data_worker writing audio data into queue.
2026-08-18 15:19:10.196 - RealTimeSTT: realtimestt - DEBUG - _audio_data_worker writing audio data into queue.
2026-08-18 15:19:11.220 - RealTimeSTT: realtimestt - DEBUG - _audio_data_worker writing audio data into queue.
2026-08-18 15:19:12.244 - RealTimeSTT: realtimestt - DEBUG - _audio_data_worker writing audio data into queue.
2026-08-18 15:19:13.268 - RealTimeSTT: realtimestt - DEBUG - _audio_data_worker writing audio data into queue.
2026-08-18 15:19:14.292 - RealTimeSTT: realtimestt - DEBUG - _audio_data_worker writing audio data into queue.
2026-08-18 15:19:15.316 - RealTimeSTT: realtimestt - DEBUG - _audio_data_worker writing audio data into queue.
2026-08-18 15:19:16.340 - RealTimeSTT: realtimestt - DEBUG - _audio_data_worker writing audio data into queue.
2026-08-18 15:19:17.364 - RealTimeSTT: realtimestt - DEBUG - _audio_data_worker writing audio data into queue.
2026-08-18 15:19:18.388 - RealTimeSTT: realtimestt - DEBUG - _audio_data_worker writing audio data into queue.
2026-08-18 15:19:19.413 - RealTimeSTT: realtimestt - DEBUG - _audio_data_worker writing audio data into queue.
2026-08-18 15:19:20.436 - RealTimeSTT: realtimestt - DEBUG - _audio_data_worker writing audio data into queue.
2026-08-18 15:19:21.460 - RealTimeSTT: realtimestt - DEBUG - _audio_data_worker writing audio data into queue.
2026-08-18 15:19:22.484 - RealTimeSTT: realtimestt - DEBUG - _audio_data_worker writing audio data into queue.
2026-08-18 15:19:23.508 - RealTimeSTT: realtimestt - DEBUG - _audio_data_worker writing audio data into queue.
2026-08-18 15:19:24.532 - RealTimeSTT: realtimestt - DEBUG - _audio_data_worker writing audio data into queue.
2026-08-18 15:19:25.556 - RealTimeSTT: realtimestt - DEBUG - _audio_data_worker writing audio data into queue.
2026-08-18 15:19:26.580 - RealTimeSTT: realtimestt - DEBUG - _audio_data_worker writing audio data into queue.
2026-08-18 15:19:27.604 - RealTimeSTT: realtimestt - DEBUG - _audio_data_worker writing audio data into queue.
2026-08-18 15:19:28.628 - RealTimeSTT: realtimestt - DEBUG - _audio_data_worker writing audio data into queue.
2026-08-18 15:19:29.652 - RealTimeSTT: realtimestt - DEBUG - _audio_data_worker writing audio data into queue.
2026-08-18 15:19:30.676 - RealTimeSTT: realtimestt - DEBUG - _audio_data_worker writing audio data into queue.
2026-08-18 15:19:31.700 - RealTimeSTT: realtimestt - DEBUG - _audio_data_worker writing audio data into queue.
2026-08-18 15:19:32.724 - RealTimeSTT: realtimestt - DEBUG - _audio_data_worker writing audio data into queue.
2026-08-18 15:19:33.748 - RealTimeSTT: realtimestt - DEBUG - _audio_data_worker writing audio data into queue.
2026-08-18 15:19:34.772 - RealTimeSTT: realtimestt - DEBUG - _audio_data_worker writing audio data into queue.
2026-08-18 15:19:35.797 - RealTimeSTT: realtimestt - DEBUG - _audio_data_worker writing audio data into queue.
2026-08-18 15:19:36.821 - RealTimeSTT: realtimestt - DEBUG - _audio_data_worker writing audio data into queue.
2026-08-18 15:19:37.844 - RealTimeSTT: realtimestt - DEBUG - _audio_data_worker writing audio data into queue.
2026-08-18 15:19:38.868 - RealTimeSTT: realtimestt - DEBUG - _audio_data_worker writing audio data into queue.
2026-08-18 15:19:39.892 - RealTimeSTT: realtimestt - DEBUG - _audio_data_worker writing audio data into queue.
2026-08-18 15:19:40.916 - RealTimeSTT: realtimestt - DEBUG - _audio_data_worker writing audio data into queue.
2026-08-18 15:19:41.940 - RealTimeSTT: realtimestt - DEBUG - _audio_data_worker writing audio data into queue.
2026-08-18 15:19:42.964 - RealTimeSTT: realtimestt - DEBUG - _audio_data_worker writing audio data into queue.
2026-08-18 15:19:43.988 - RealTimeSTT: realtimestt - DEBUG - _audio_data_worker writing audio data into queue.
2026-08-18 15:19:45.012 - RealTimeSTT: realtimestt - DEBUG - _audio_data_worker writing audio data into queue.
2026-08-18 15:19:46.036 - RealTimeSTT: realtimestt - DEBUG - _audio_data_worker writing audio data into queue.
2026-08-18 15:19:47.060 - RealTimeSTT: realtimestt - DEBUG - _audio_data_worker writing audio data into queue.
2026-08-18 15:19:48.084 - RealTimeSTT: realtimestt - DEBUG - _audio_data_worker writing audio data into queue.
2026-08-18 15:19:49.108 - RealTimeSTT: realtimestt - DEBUG - _audio_data_worker writing audio data into queue.
2026-08-18 15:19:50.132 - RealTimeSTT: realtimestt - DEBUG - _audio_data_worker writing audio data into queue.
2026-08-18 15:19:51.156 - RealTimeSTT: realtimestt - DEBUG - _audio_data_worker writing audio data into queue.
2026-08-18 15:19:52.180 - RealTimeSTT: realtimestt - DEBUG - _audio_data_worker writing audio data into queue.
2026-08-18 15:19:53.204 - RealTimeSTT: realtimestt - DEBUG - _audio_data_worker writing audio data into queue.
2026-08-18 15:19:54.228 - RealTimeSTT: realtimestt - DEBUG - _audio_data_worker writing audio data into queue.
2026-08-18 15:19:55.252 - RealTimeSTT: realtimestt - DEBUG - _audio_data_worker writing audio data into queue.
2026-08-18 15:19:56.276 - RealTimeSTT: realtimestt - DEBUG - _audio_data_worker writing audio data into queue.
2026-08-18 15:19:57.300 - RealTimeSTT: realtimestt - DEBUG - _audio_data_worker writing audio data into queue.
2026-08-18 15:19:58.323 - RealTimeSTT: realtimestt - DEBUG - _audio_data_worker writing audio data into queue.
2026-08-18 15:19:59.347 - RealTimeSTT: realtimestt - DEBUG - _audio_data_worker writing audio data into queue.
2026-08-18 15:20:00.372 - RealTimeSTT: realtimestt - DEBUG - _audio_data_worker writing audio data into queue.
2026-08-18 15:20:01.396 - RealTimeSTT: realtimestt - DEBUG - _audio_data_worker writing audio data into queue.
2026-08-18 15:20:02.420 - RealTimeSTT: realtimestt - DEBUG - _audio_data_worker writing audio data into queue.
2026-08-18 15:20:03.443 - RealTimeSTT: realtimestt - DEBUG - _audio_data_worker writing audio data into queue.
2026-08-18 15:20:04.467 - RealTimeSTT: realtimestt - DEBUG - _audio_data_worker writing audio data into queue.
2026-08-18 15:20:05.492 - RealTimeSTT: realtimestt - DEBUG - _audio_data_worker writing audio data into queue.
2026-08-18 15:20:06.516 - RealTimeSTT: realtimestt - DEBUG - _audio_data_worker writing audio data into queue.
2026-08-18 15:20:07.539 - RealTimeSTT: realtimestt - DEBUG - _audio_data_worker writing audio data into queue.
2026-08-18 15:20:08.563 - RealTimeSTT: realtimestt - DEBUG - _audio_data_worker writing audio data into queue.
2026-08-18 15:20:09.587 - RealTimeSTT: realtimestt - DEBUG - _audio_data_worker writing audio data into queue.
2026-08-18 15:20:10.612 - RealTimeSTT: realtimestt - DEBUG - _audio_data_worker writing audio data into queue.
2026-08-18 15:20:11.636 - RealTimeSTT: realtimestt - DEBUG - _audio_data_worker writing audio data into queue.
2026-08-18 15:20:12.660 - RealTimeSTT: realtimestt - DEBUG - _audio_data_worker writing audio data into queue.
2026-08-18 15:20:13.683 - RealTimeSTT: realtimestt - DEBUG - _audio_data_worker writing audio data into queue.
2026-08-18 15:20:14.707 - RealTimeSTT: realtimestt - DEBUG - _audio_data_worker writing audio data into queue.
2026-08-18 15:20:15.731 - RealTimeSTT: realtimestt - DEBUG - _audio_data_worker writing audio data into queue.
2026-08-18 15:20:16.755 - RealTimeSTT: realtimestt - DEBUG - _audio_data_worker writing audio data into queue.
2026-08-18 15:20:17.780 - RealTimeSTT: realtimestt - DEBUG - _audio_data_worker writing audio data into queue.
2026-08-18 15:20:18.803 - RealTimeSTT: realtimestt - DEBUG - _audio_data_worker writing audio data into queue.
2026-08-18 15:20:19.828 - RealTimeSTT: realtimestt - DEBUG - _audio_data_worker writing audio data into queue.
2026-08-18 15:20:20.852 - RealTimeSTT: realtimestt - DEBUG - _audio_data_worker writing audio data into queue.
2026-08-18 15:20:21.875 - RealTimeSTT: realtimestt - DEBUG - _audio_data_worker writing audio data into queue.
2026-08-18 15:20:22.900 - RealTimeSTT: realtimestt - DEBUG - _audio_data_worker writing audio data into queue.
2026-08-18 15:20:23.923 - RealTimeSTT: realtimestt - DEBUG - _audio_data_worker writing audio data into queue.
2026-08-18 15:20:24.947 - RealTimeSTT: realtimestt - DEBUG - _audio_data_worker writing audio data into queue.
2026-08-18 15:20:25.971 - RealTimeSTT: realtimestt - DEBUG - _audio_data_worker writing audio data into queue.
2026-08-18 15:20:26.995 - RealTimeSTT: realtimestt - DEBUG - _audio_data_worker writing audio data into queue.
2026-08-18 15:20:28.019 - RealTimeSTT: realtimestt - DEBUG - _audio_data_worker writing audio data into queue.
2026-08-18 15:20:29.043 - RealTimeSTT: realtimestt - DEBUG - _audio_data_worker writing audio data into queue.
2026-08-18 15:20:30.067 - RealTimeSTT: realtimestt - DEBUG - _audio_data_worker writing audio data into queue.
2026-08-18 15:20:31.091 - RealTimeSTT: realtimestt - DEBUG - _audio_data_worker writing audio data into queue.
2026-08-18 15:20:32.115 - RealTimeSTT: realtimestt - DEBUG - _audio_data_worker writing audio data into queue.
2026-08-18 15:20:33.139 - RealTimeSTT: realtimestt - DEBUG - _audio_data_worker writing audio data into queue.
2026-08-18 15:20:34.163 - RealTimeSTT: realtimestt - DEBUG - _audio_data_worker writing audio data into queue.
2026-08-18 15:20:35.187 - RealTimeSTT: realtimestt - DEBUG - _audio_data_worker writing audio data into queue.
2026-08-18 15:20:36.211 - RealTimeSTT: realtimestt - DEBUG - _audio_data_worker writing audio data into queue.
2026-08-18 15:20:37.235 - RealTimeSTT: realtimestt - DEBUG - _audio_data_worker writing audio data into queue.
2026-08-18 15:20:38.259 - RealTimeSTT: realtimestt - DEBUG - _audio_data_worker writing audio data into queue.
2026-08-18 15:20:39.283 - RealTimeSTT: realtimestt - DEBUG - _audio_data_worker writing audio data into queue.
2026-08-18 15:20:40.307 - RealTimeSTT: realtimestt - DEBUG - _audio_data_worker writing audio data into queue.
2026-08-18 15:20:41.331 - RealTimeSTT: realtimestt - DEBUG - _audio_data_worker writing audio data into queue.
2026-08-18 15:20:42.355 - RealTimeSTT: realtimestt - DEBUG - _audio_data_worker writing audio data into queue.
2026-08-18 15:20:43.379 - RealTimeSTT: realtimestt - DEBUG - _audio_data_worker writing audio data into queue.
2026-08-18 15:20:44.403 - RealTimeSTT: realtimestt - DEBUG - _audio_data_worker writing audio data into queue.
2026-08-18 15:20:45.428 - RealTimeSTT: realtimestt - DEBUG - _audio_data_worker writing audio data into queue.
2026-08-18 15:20:46.451 - RealTimeSTT: realtimestt - DEBUG - _audio_data_worker writing audio data into queue.
2026-08-18 15:20:47.475 - RealTimeSTT: realtimestt - DEBUG - _audio_data_worker writing audio data into queue.
2026-08-18 15:20:48.499 - RealTimeSTT: realtimestt - DEBUG - _audio_data_worker writing audio data into queue.
2026-08-18 15:20:49.524 - RealTimeSTT: realtimestt - DEBUG - _audio_data_worker writing audio data into queue.
2026-08-18 15:20:50.547 - RealTimeSTT: realtimestt - DEBUG - _audio_data_worker writing audio data into queue.
2026-08-18 15:20:51.572 - RealTimeSTT: realtimestt - DEBUG - _audio_data_worker writing audio data into queue.
2026-08-18 15:20:52.595 - RealTimeSTT: realtimestt - DEBUG - _audio_data_worker writing audio data into queue.
2026-08-18 15:20:53.619 - RealTimeSTT: realtimestt - DEBUG - _audio_data_worker writing audio data into queue.
2026-08-18 15:20:54.644 - RealTimeSTT: realtimestt - DEBUG - _audio_data_worker writing audio data into queue.
2026-08-18 15:20:55.667 - RealTimeSTT: realtimestt - DEBUG - _audio_data_worker writing audio data into queue.
2026-08-18 15:20:56.691 - RealTimeSTT: realtimestt - DEBUG - _audio_data_worker writing audio data into queue.
2026-08-18 15:20:57.715 - RealTimeSTT: realtimestt - DEBUG - _audio_data_worker writing audio data into queue.
2026-08-18 15:20:58.739 - RealTimeSTT: realtimestt - DEBUG - _audio_data_worker writing audio data into queue.
2026-08-18 15:20:59.763 - RealTimeSTT: realtimestt - DEBUG - _audio_data_worker writing audio data into queue.
2026-08-18 15:21:00.787 - RealTimeSTT: realtimestt - DEBUG - _audio_data_worker writing audio data into queue.
2026-08-18 15:21:01.811 - RealTimeSTT: realtimestt - DEBUG - _audio_data_worker writing audio data into queue.
2026-08-18 15:21:02.835 - RealTimeSTT: realtimestt - DEBUG - _audio_data_worker writing audio data into queue.
2026-08-18 15:21:03.859 - RealTimeSTT: realtimestt - DEBUG - _audio_data_worker writing audio data into queue.
2026-08-18 15:21:04.883 - RealTimeSTT: realtimestt - DEBUG - _audio_data_worker writing audio data into queue.
2026-08-18 15:21:05.907 - RealTimeSTT: realtimestt - DEBUG - _audio_data_worker writing audio data into queue.
2026-08-18 15:21:06.931 - RealTimeSTT: realtimestt - DEBUG - _audio_data_worker writing audio data into queue.
2026-08-18 15:21:07.955 - RealTimeSTT: realtimestt - DEBUG - _audio_data_worker writing audio data into queue.
2026-08-18 15:21:08.979 - RealTimeSTT: realtimestt - DEBUG - _audio_data_worker writing audio data into queue.
2026-08-18 15:21:10.003 - RealTimeSTT: realtimestt - DEBUG - _audio_data_worker writing audio data into queue.
2026-08-18 15:21:11.027 - RealTimeSTT: realtimestt - DEBUG - _audio_data_worker writing audio data into queue.
2026-08-18 15:21:12.051 - RealTimeSTT: realtimestt - DEBUG - _audio_data_worker writing audio data into queue.
2026-08-18 15:21:13.075 - RealTimeSTT: realtimestt - DEBUG - _audio_data_worker writing audio data into queue.
2026-08-18 15:21:14.099 - RealTimeSTT: realtimestt - DEBUG - _audio_data_worker writing audio data into queue.
2026-08-18 15:21:15.123 - RealTimeSTT: realtimestt - DEBUG - _audio_data_worker writing audio data into queue.
2026-08-18 15:21:16.147 - RealTimeSTT: realtimestt - DEBUG - _audio_data_worker writing audio data into queue.
2026-08-18 15:21:17.170 - RealTimeSTT: realtimestt - DEBUG - _audio_data_worker writing audio data into queue.
2026-08-18 15:21:18.194 - RealTimeSTT: realtimestt - DEBUG - _audio_data_worker writing audio data into queue.
2026-08-18 15:21:19.218 - RealTimeSTT: realtimestt - DEBUG - _audio_data_worker writing audio data into queue.
2026-08-18 15:21:20.243 - RealTimeSTT: realtimestt - DEBUG - _audio_data_worker writing audio data into queue.
2026-08-18 15:21:21.267 - RealTimeSTT: realtimestt - DEBUG - _audio_data_worker writing audio data into queue.
2026-08-18 15:21:22.291 - RealTimeSTT: realtimestt - DEBUG - _audio_data_worker writing audio data into queue.
2026-08-18 15:21:23.315 - RealTimeSTT: realtimestt - DEBUG - _audio_data_worker writing audio data into queue.
2026-08-18 15:21:24.339 - RealTimeSTT: realtimestt - DEBUG - _audio_data_worker writing audio data into queue.
2026-08-18 15:21:25.363 - RealTimeSTT: realtimestt - DEBUG - _audio_data_worker writing audio data into queue.
2026-08-18 15:21:26.387 - RealTimeSTT: realtimestt - DEBUG - _audio_data_worker writing audio data into queue.
2026-08-18 15:21:27.411 - RealTimeSTT: realtimestt - DEBUG - _audio_data_worker writing audio data into queue.
2026-08-18 15:21:28.435 - RealTimeSTT: realtimestt - DEBUG - _audio_data_worker writing audio data into queue.
2026-08-18 15:21:29.459 - RealTimeSTT: realtimestt - DEBUG - _audio_data_worker writing audio data into queue.
2026-08-18 15:21:30.483 - RealTimeSTT: realtimestt - DEBUG - _audio_data_worker writing audio data into queue.
2026-08-18 15:21:31.507 - RealTimeSTT: realtimestt - DEBUG - _audio_data_worker writing audio data into queue.
2026-08-18 15:21:32.531 - RealTimeSTT: realtimestt - DEBUG - _audio_data_worker writing audio data into queue.
2026-08-18 15:21:33.555 - RealTimeSTT: realtimestt - DEBUG - _audio_data_worker writing audio data into queue.
2026-08-18 15:21:34.579 - RealTimeSTT: realtimestt - DEBUG - _audio_data_worker writing audio data into queue.
2026-08-18 15:21:35.603 - RealTimeSTT: realtimestt - DEBUG - _audio_data_worker writing audio data into queue.
2026-08-18 15:21:36.627 - RealTimeSTT: realtimestt - DEBUG - _audio_data_worker writing audio data into queue.
2026-08-18 15:21:37.651 - RealTimeSTT: realtimestt - DEBUG - _audio_data_worker writing audio data into queue.
2026-08-18 15:21:38.675 - RealTimeSTT: realtimestt - DEBUG - _audio_data_worker writing audio data into queue.
2026-08-18 15:21:39.699 - RealTimeSTT: realtimestt - DEBUG - _audio_data_worker writing audio data into queue.
2026-08-18 15:21:40.723 - RealTimeSTT: realtimestt - DEBUG - _audio_data_worker writing audio data into queue.
2026-08-18 15:21:41.747 - RealTimeSTT: realtimestt - DEBUG - _audio_data_worker writing audio data into queue.
2026-08-18 15:21:42.771 - RealTimeSTT: realtimestt - DEBUG - _audio_data_worker writing audio data into queue.
2026-08-18 15:21:43.795 - RealTimeSTT: realtimestt - DEBUG - _audio_data_worker writing audio data into queue.
2026-08-18 15:21:44.819 - RealTimeSTT: realtimestt - DEBUG - _audio_data_worker writing audio data into queue.
2026-08-18 15:21:45.843 - RealTimeSTT: realtimestt - DEBUG - _audio_data_worker writing audio data into queue.
2026-08-18 15:21:46.867 - RealTimeSTT: realtimestt - DEBUG - _audio_data_worker writing audio data into queue.
2026-08-18 15:21:47.891 - RealTimeSTT: realtimestt - DEBUG - _audio_data_worker writing audio data into queue.
2026-08-18 15:21:48.915 - RealTimeSTT: realtimestt - DEBUG - _audio_data_worker writing audio data into queue.
2026-08-18 15:21:49.939 - RealTimeSTT: realtimestt - DEBUG - _audio_data_worker writing audio data into queue.
2026-08-18 15:21:50.962 - RealTimeSTT: realtimestt - DEBUG - _audio_data_worker writing audio data into queue.
2026-08-18 15:21:51.986 - RealTimeSTT: realtimestt - DEBUG - _audio_data_worker writing audio data into queue.
2026-08-18 15:21:53.010 - RealTimeSTT: realtimestt - DEBUG - _audio_data_worker writing audio data into queue.
2026-08-18 15:21:54.034 - RealTimeSTT: realtimestt - DEBUG - _audio_data_worker writing audio data into queue.
2026-08-18 15:21:55.058 - RealTimeSTT: realtimestt - DEBUG - _audio_data_worker writing audio data into queue.
2026-08-18 15:21:56.082 - RealTimeSTT: realtimestt - DEBUG - _audio_data_worker writing audio data into queue.
2026-08-18 15:21:57.106 - RealTimeSTT: realtimestt - DEBUG - _audio_data_worker writing audio data into queue.
2026-08-18 15:21:58.130 - RealTimeSTT: realtimestt - DEBUG - _audio_data_worker writing audio data into queue.
2026-08-18 15:21:59.154 - RealTimeSTT: realtimestt - DEBUG - _audio_data_worker writing audio data into queue.
2026-08-18 15:22:00.178 - RealTimeSTT: realtimestt - DEBUG - _audio_data_worker writing audio data into queue.
2026-08-18 15:22:01.202 - RealTimeSTT: realtimestt - DEBUG - _audio_data_worker writing audio data into queue.
2026-08-18 15:22:02.226 - RealTimeSTT: realtimestt - DEBUG - _audio_data_worker writing audio data into queue.
2026-08-18 15:22:03.251 - RealTimeSTT: realtimestt - DEBUG - _audio_data_worker writing audio data into queue.
2026-08-18 15:22:04.274 - RealTimeSTT: realtimestt - DEBUG - _audio_data_worker writing audio data into queue.
2026-08-18 15:22:05.298 - RealTimeSTT: realtimestt - DEBUG - _audio_data_worker writing audio data into queue.
2026-08-18 15:22:06.323 - RealTimeSTT: realtimestt - DEBUG - _audio_data_worker writing audio data into queue.
2026-08-18 15:22:07.347 - RealTimeSTT: realtimestt - DEBUG - _audio_data_worker writing audio data into queue.
2026-08-18 15:22:08.371 - RealTimeSTT: realtimestt - DEBUG - _audio_data_worker writing audio data into queue.
2026-08-18 15:22:09.395 - RealTimeSTT: realtimestt - DEBUG - _audio_data_worker writing audio data into queue.
2026-08-18 15:22:10.418 - RealTimeSTT: realtimestt - DEBUG - _audio_data_worker writing audio data into queue.
2026-08-18 15:22:11.442 - RealTimeSTT: realtimestt - DEBUG - _audio_data_worker writing audio data into queue.
2026-08-18 15:22:12.467 - RealTimeSTT: realtimestt - DEBUG - _audio_data_worker writing audio data into queue.
2026-08-18 15:22:13.490 - RealTimeSTT: realtimestt - DEBUG - _audio_data_worker writing audio data into queue.
2026-08-18 15:22:14.514 - RealTimeSTT: realtimestt - DEBUG - _audio_data_worker writing audio data into queue.
2026-08-18 15:22:15.539 - RealTimeSTT: realtimestt - DEBUG - _audio_data_worker writing audio data into queue.
2026-08-18 15:22:16.563 - RealTimeSTT: realtimestt - DEBUG - _audio_data_worker writing audio data into queue.
2026-08-18 15:22:17.586 - RealTimeSTT: realtimestt - DEBUG - _audio_data_worker writing audio data into queue.
2026-08-18 15:22:18.610 - RealTimeSTT: realtimestt - DEBUG - _audio_data_worker writing audio data into queue.
2026-08-18 15:22:19.634 - RealTimeSTT: realtimestt - DEBUG - _audio_data_worker writing audio data into queue.
2026-08-18 15:22:20.658 - RealTimeSTT: realtimestt - DEBUG - _audio_data_worker writing audio data into queue.
2026-08-18 15:22:21.682 - RealTimeSTT: realtimestt - DEBUG - _audio_data_worker writing audio data into queue.
2026-08-18 15:22:22.706 - RealTimeSTT: realtimestt - DEBUG - _audio_data_worker writing audio data into queue.
2026-08-18 15:22:23.730 - RealTimeSTT: realtimestt - DEBUG - _audio_data_worker writing audio data into queue.
2026-08-18 15:22:24.754 - RealTimeSTT: realtimestt - DEBUG - _audio_data_worker writing audio data into queue.
2026-08-18 15:22:25.778 - RealTimeSTT: realtimestt - DEBUG - _audio_data_worker writing audio data into queue.
2026-08-18 15:22:26.803 - RealTimeSTT: realtimestt - DEBUG - _audio_data_worker writing audio data into queue.
2026-08-18 15:22:27.827 - RealTimeSTT: realtimestt - DEBUG - _audio_data_worker writing audio data into queue.
2026-08-18 15:22:28.851 - RealTimeSTT: realtimestt - DEBUG - _audio_data_worker writing audio data into queue.
2026-08-18 15:22:29.874 - RealTimeSTT: realtimestt - DEBUG - _audio_data_worker writing audio data into queue.
2026-08-18 15:22:30.898 - RealTimeSTT: realtimestt - DEBUG - _audio_data_worker writing audio data into queue.
2026-08-18 15:22:31.922 - RealTimeSTT: realtimestt - DEBUG - _audio_data_worker writing audio data into queue.
2026-08-18 15:22:32.947 - RealTimeSTT: realtimestt - DEBUG - _audio_data_worker writing audio data into queue.
2026-08-18 15:22:33.970 - RealTimeSTT: realtimestt - DEBUG - _audio_data_worker writing audio data into queue.
2026-08-18 15:22:34.994 - RealTimeSTT: realtimestt - DEBUG - _audio_data_worker writing audio data into queue.
2026-08-18 15:22:36.018 - RealTimeSTT: realtimestt - DEBUG - _audio_data_worker writing audio data into queue.
2026-08-18 15:22:37.042 - RealTimeSTT: realtimestt - DEBUG - _audio_data_worker writing audio data into queue.
2026-08-18 15:22:38.066 - RealTimeSTT: realtimestt - DEBUG - _audio_data_worker writing audio data into queue.
2026-08-18 15:22:39.090 - RealTimeSTT: realtimestt - DEBUG - _audio_data_worker writing audio data into queue.
2026-08-18 15:22:40.114 - RealTimeSTT: realtimestt - DEBUG - _audio_data_worker writing audio data into queue.
2026-08-18 15:22:41.138 - RealTimeSTT: realtimestt - DEBUG - _audio_data_worker writing audio data into queue.
2026-08-18 15:22:42.162 - RealTimeSTT: realtimestt - DEBUG - _audio_data_worker writing audio data into queue.
2026-08-18 15:22:43.186 - RealTimeSTT: realtimestt - DEBUG - _audio_data_worker writing audio data into queue.
2026-08-18 15:22:44.210 - RealTimeSTT: realtimestt - DEBUG - _audio_data_worker writing audio data into queue.
2026-08-18 15:22:45.234 - RealTimeSTT: realtimestt - DEBUG - _audio_data_worker writing audio data into queue.
2026-08-18 15:22:46.258 - RealTimeSTT: realtimestt - DEBUG - _audio_data_worker writing audio data into queue.
2026-08-18 15:22:47.282 - RealTimeSTT: realtimestt - DEBUG - _audio_data_worker writing audio data into queue.
2026-08-18 15:22:48.306 - RealTimeSTT: realtimestt - DEBUG - _audio_data_worker writing audio data into queue.
2026-08-18 15:22:49.330 - RealTimeSTT: realtimestt - DEBUG - _audio_data_worker writing audio data into queue.
2026-08-18 15:22:50.354 - RealTimeSTT: realtimestt - DEBUG - _audio_data_worker writing audio data into queue.
2026-08-18 15:22:51.378 - RealTimeSTT: realtimestt - DEBUG - _audio_data_worker writing audio data into queue.
2026-08-18 15:22:52.402 - RealTimeSTT: realtimestt - DEBUG - _audio_data_worker writing audio data into queue.
2026-08-18 15:22:53.426 - RealTimeSTT: realtimestt - DEBUG - _audio_data_worker writing audio data into queue.
2026-08-18 15:22:54.450 - RealTimeSTT: realtimestt - DEBUG - _audio_data_worker writing audio data into queue.
2026-08-18 15:22:55.474 - RealTimeSTT: realtimestt - DEBUG - _audio_data_worker writing audio data into queue.
2026-08-18 15:22:56.498 - RealTimeSTT: realtimestt - DEBUG - _audio_data_worker writing audio data into queue.
2026-08-18 15:22:57.523 - RealTimeSTT: realtimestt - DEBUG - _audio_data_worker writing audio data into queue.
2026-08-18 15:22:58.546 - RealTimeSTT: realtimestt - DEBUG - _audio_data_worker writing audio data into queue.
2026-08-18 15:22:59.570 - RealTimeSTT: realtimestt - DEBUG - _audio_data_worker writing audio data into queue.
2026-08-18 15:23:00.594 - RealTimeSTT: realtimestt - DEBUG - _audio_data_worker writing audio data into queue.
2026-08-18 15:23:01.618 - RealTimeSTT: realtimestt - DEBUG - _audio_data_worker writing audio data into queue.
2026-08-18 15:23:02.642 - RealTimeSTT: realtimestt - DEBUG - _audio_data_worker writing audio data into queue.
2026-08-18 15:23:03.666 - RealTimeSTT: realtimestt - DEBUG - _audio_data_worker writing audio data into queue.
2026-08-18 15:23:04.690 - RealTimeSTT: realtimestt - DEBUG - _audio_data_worker writing audio data into queue.
2026-08-18 15:23:05.714 - RealTimeSTT: realtimestt - DEBUG - _audio_data_worker writing audio data into queue.
2026-08-18 15:23:06.738 - RealTimeSTT: realtimestt - DEBUG - _audio_data_worker writing audio data into queue.
2026-08-18 15:23:07.762 - RealTimeSTT: realtimestt - DEBUG - _audio_data_worker writing audio data into queue.
2026-08-18 15:23:08.786 - RealTimeSTT: realtimestt - DEBUG - _audio_data_worker writing audio data into queue.
2026-08-18 15:23:09.810 - RealTimeSTT: realtimestt - DEBUG - _audio_data_worker writing audio data into queue.
2026-08-18 15:23:10.834 - RealTimeSTT: realtimestt - DEBUG - _audio_data_worker writing audio data into queue.
2026-08-18 15:23:11.858 - RealTimeSTT: realtimestt - DEBUG - _audio_data_worker writing audio data into queue.
2026-08-18 15:23:12.882 - RealTimeSTT: realtimestt - DEBUG - _audio_data_worker writing audio data into queue.
2026-08-18 15:23:13.906 - RealTimeSTT: realtimestt - DEBUG - _audio_data_worker writing audio data into queue.
2026-08-18 15:23:14.930 - RealTimeSTT: realtimestt - DEBUG - _audio_data_worker writing audio data into queue.
2026-08-18 15:23:15.954 - RealTimeSTT: realtimestt - DEBUG - _audio_data_worker writing audio data into queue.
2026-08-18 15:23:16.977 - RealTimeSTT: realtimestt - DEBUG - _audio_data_worker writing audio data into queue.
2026-08-18 15:23:18.001 - RealTimeSTT: realtimestt - DEBUG - _audio_data_worker writing audio data into queue.
2026-08-18 15:23:19.025 - RealTimeSTT: realtimestt - DEBUG - _audio_data_worker writing audio data into queue.
2026-08-18 15:23:20.049 - RealTimeSTT: realtimestt - DEBUG - _audio_data_worker writing audio data into queue.
2026-08-18 15:23:21.073 - RealTimeSTT: realtimestt - DEBUG - _audio_data_worker writing audio data into queue.
2026-08-18 15:23:22.097 - RealTimeSTT: realtimestt - DEBUG - _audio_data_worker writing audio data into queue.
2026-08-18 15:23:23.121 - RealTimeSTT: realtimestt - DEBUG - _audio_data_worker writing audio data into queue.
2026-08-18 15:23:24.145 - RealTimeSTT: realtimestt - DEBUG - _audio_data_worker writing audio data into queue.
2026-08-18 15:23:25.169 - RealTimeSTT: realtimestt - DEBUG - _audio_data_worker writing audio data into queue.
2026-08-18 15:23:26.193 - RealTimeSTT: realtimestt - DEBUG - _audio_data_worker writing audio data into queue.
2026-08-18 15:23:27.217 - RealTimeSTT: realtimestt - DEBUG - _audio_data_worker writing audio data into queue.
2026-08-18 15:23:28.241 - RealTimeSTT: realtimestt - DEBUG - _audio_data_worker writing audio data into queue.
2026-08-18 15:23:29.266 - RealTimeSTT: realtimestt - DEBUG - _audio_data_worker writing audio data into queue.
2026-08-18 15:23:30.290 - RealTimeSTT: realtimestt - DEBUG - _audio_data_worker writing audio data into queue.
2026-08-18 15:23:31.313 - RealTimeSTT: realtimestt - DEBUG - _audio_data_worker writing audio data into queue.
2026-08-18 15:23:32.337 - RealTimeSTT: realtimestt - DEBUG - _audio_data_worker writing audio data into queue.
2026-08-18 15:23:33.361 - RealTimeSTT: realtimestt - DEBUG - _audio_data_worker writing audio data into queue.
2026-08-18 15:23:34.385 - RealTimeSTT: realtimestt - DEBUG - _audio_data_worker writing audio data into queue.
2026-08-18 15:23:35.409 - RealTimeSTT: realtimestt - DEBUG - _audio_data_worker writing audio data into queue.
2026-08-18 15:23:36.434 - RealTimeSTT: realtimestt - DEBUG - _audio_data_worker writing audio data into queue.
2026-08-18 15:23:37.458 - RealTimeSTT: realtimestt - DEBUG - _audio_data_worker writing audio data into queue.
2026-08-18 15:23:38.482 - RealTimeSTT: realtimestt - DEBUG - _audio_data_worker writing audio data into queue.
2026-08-18 15:23:39.505 - RealTimeSTT: realtimestt - DEBUG - _audio_data_worker writing audio data into queue.
2026-08-18 15:23:40.530 - RealTimeSTT: realtimestt - DEBUG - _audio_data_worker writing audio data into queue.
2026-08-18 15:23:41.554 - RealTimeSTT: realtimestt - DEBUG - _audio_data_worker writing audio data into queue.
2026-08-18 15:23:42.578 - RealTimeSTT: realtimestt - DEBUG - _audio_data_worker writing audio data into queue.
2026-08-18 15:23:43.602 - RealTimeSTT: realtimestt - DEBUG - _audio_data_worker writing audio data into queue.
2026-08-18 15:23:44.626 - RealTimeSTT: realtimestt - DEBUG - _audio_data_worker writing audio data into queue.
2026-08-18 15:23:45.650 - RealTimeSTT: realtimestt - DEBUG - _audio_data_worker writing audio data into queue.
2026-08-18 15:23:46.674 - RealTimeSTT: realtimestt - DEBUG - _audio_data_worker writing audio data into queue.
2026-08-18 15:23:47.698 - RealTimeSTT: realtimestt - DEBUG - _audio_data_worker writing audio data into queue.
2026-08-18 15:23:48.722 - RealTimeSTT: realtimestt - DEBUG - _audio_data_worker writing audio data into queue.
2026-08-18 15:23:49.746 - RealTimeSTT: realtimestt - DEBUG - _audio_data_worker writing audio data into queue.
2026-08-18 15:23:50.770 - RealTimeSTT: realtimestt - DEBUG - _audio_data_worker writing audio data into queue.
2026-08-18 15:23:51.793 - RealTimeSTT: realtimestt - DEBUG - _audio_data_worker writing audio data into queue.
2026-08-18 15:23:52.818 - RealTimeSTT: realtimestt - DEBUG - _audio_data_worker writing audio data into queue.
2026-08-18 15:23:53.842 - RealTimeSTT: realtimestt - DEBUG - _audio_data_worker writing audio data into queue.
2026-08-18 15:23:54.866 - RealTimeSTT: realtimestt - DEBUG - _audio_data_worker writing audio data into queue.
2026-08-18 15:23:55.890 - RealTimeSTT: realtimestt - DEBUG - _audio_data_worker writing audio data into queue.
2026-08-18 15:23:56.914 - RealTimeSTT: realtimestt - DEBUG - _audio_data_worker writing audio data into queue.
2026-08-18 15:23:57.937 - RealTimeSTT: realtimestt - DEBUG - _audio_data_worker writing audio data into queue.
2026-08-18 15:23:58.961 - RealTimeSTT: realtimestt - DEBUG - _audio_data_worker writing audio data into queue.
2026-08-18 15:23:59.985 - RealTimeSTT: realtimestt - DEBUG - _audio_data_worker writing audio data into queue.
2026-08-18 15:24:01.009 - RealTimeSTT: realtimestt - DEBUG - _audio_data_worker writing audio data into queue.
2026-08-18 15:24:02.033 - RealTimeSTT: realtimestt - DEBUG - _audio_data_worker writing audio data into queue.
2026-08-18 15:24:03.057 - RealTimeSTT: realtimestt - DEBUG - _audio_data_worker writing audio data into queue.
2026-08-18 15:24:04.081 - RealTimeSTT: realtimestt - DEBUG - _audio_data_worker writing audio data into queue.
2026-08-18 15:24:05.105 - RealTimeSTT: realtimestt - DEBUG - _audio_data_worker writing audio data into queue.
2026-08-18 15:24:05.653 - RealTimeSTT: realtimestt - INFO - Starting RealTimeSTT
2026-08-18 15:24:05.655 - RealTimeSTT: realtimestt - INFO - Initializing audio recording (creating pyAudio input stream, sample rate: 16000 buffer size: 512
2026-08-18 15:24:05.656 - RealTimeSTT: realtimestt - INFO - Initializing WebRTC voice with Sensitivity 3
2026-08-18 15:24:05.656 - RealTimeSTT: realtimestt - DEBUG - WebRTC VAD voice activity detection engine initialized successfully
2026-08-18 15:24:05.659 - RealTimeSTT: realtimestt - DEBUG - Starting audio data worker with target_sample_rate=16000, buffer_size=512, input_device_index=None
2026-08-18 15:24:05.660 - RealTimeSTT: realtimestt - DEBUG - Creating PyAudio interface...
2026-08-18 15:24:05.770 - RealTimeSTT: realtimestt - DEBUG - Silero VAD voice activity detection engine initialized successfully with backend raw_onnx_ifless
2026-08-18 15:24:05.812 - RealTimeSTT: realtimestt - DEBUG - Starting realtime worker
2026-08-18 15:24:05.812 - RealTimeSTT: realtimestt - DEBUG - Realtime transcription disabled; realtime worker exits
2026-08-18 15:24:05.812 - RealTimeSTT: realtimestt - DEBUG - Waiting for main transcription model to start
2026-08-18 15:24:06.129 - RealTimeSTT: realtimestt - DEBUG - _audio_data_worker writing audio data into queue.
2026-08-18 15:24:07.153 - RealTimeSTT: realtimestt - DEBUG - _audio_data_worker writing audio data into queue.
2026-08-18 15:24:07.598 - RealTimeSTT: realtimestt - DEBUG - Main transcription model ready
2026-08-18 15:24:07.599 - RealTimeSTT: realtimestt - DEBUG - RealtimeSTT initialization completed successfully
2026-08-18 15:24:07.897 - RealTimeSTT: realtimestt - DEBUG - No device index supplied; using default device 14
2026-08-18 15:24:07.898 - RealTimeSTT: realtimestt - DEBUG - Retrieving highest sample rate for device index 14: {'index': 14, 'structVersion': 2, 'name': 'default', 'hostApi': 0, 'maxInputChannels': 128, 'maxOutputChannels': 128, 'defaultLowInputLatency': 0.008707482993197279, 'defaultLowOutputLatency': 0.008707482993197279, 'defaultHighInputLatency': 0.034829931972789115, 'defaultHighOutputLatency': 0.034829931972789115, 'defaultSampleRate': 44100.0}
2026-08-18 15:24:07.898 - RealTimeSTT: realtimestt - DEBUG - Highest supported sample rate for device index 14 is 44100
2026-08-18 15:24:07.898 - RealTimeSTT: realtimestt - DEBUG - Sample rates to try for device 14: [16000, 44100]
2026-08-18 15:24:07.898 - RealTimeSTT: realtimestt - DEBUG - Attempting to initialize audio stream at 16000 Hz.
2026-08-18 15:24:07.898 - RealTimeSTT: realtimestt - DEBUG - Found 15 total audio devices on the system.
2026-08-18 15:24:07.898 - RealTimeSTT: realtimestt - DEBUG - Available input devices with input channels: [8, 9, 12, 13, 14]
2026-08-18 15:24:07.898 - RealTimeSTT: realtimestt - DEBUG - Validating device index 14 with info: {'index': 14, 'structVersion': 2, 'name': 'default', 'hostApi': 0, 'maxInputChannels': 128, 'maxOutputChannels': 128, 'defaultLowInputLatency': 0.008707482993197279, 'defaultLowOutputLatency': 0.008707482993197279, 'defaultHighInputLatency': 0.034829931972789115, 'defaultHighOutputLatency': 0.034829931972789115, 'defaultSampleRate': 44100.0}
2026-08-18 15:24:08.028 - RealTimeSTT: realtimestt - DEBUG - Device index 14 successfully validated.
2026-08-18 15:24:08.028 - RealTimeSTT: realtimestt - DEBUG - Opening stream with device index 14, sample_rate=16000, chunk_size=1024
2026-08-18 15:24:08.077 - RealTimeSTT: realtimestt - INFO - Microphone connected and validated (device index: 14, sample rate: 16000, chunk size: 1024)
2026-08-18 15:24:08.078 - RealTimeSTT: realtimestt - DEBUG - Audio recording initialized successfully at 16000 Hz, reading 1024 frames at a time
2026-08-18 15:24:08.177 - RealTimeSTT: realtimestt - DEBUG - _audio_data_worker writing audio data into queue.
2026-08-18 15:24:09.159 - RealTimeSTT: realtimestt - DEBUG - _audio_data_worker writing audio data into queue.
2026-08-18 15:24:09.201 - RealTimeSTT: realtimestt - DEBUG - _audio_data_worker writing audio data into queue.
2026-08-18 15:24:10.182 - RealTimeSTT: realtimestt - DEBUG - _audio_data_worker writing audio data into queue.
2026-08-18 15:24:10.225 - RealTimeSTT: realtimestt - DEBUG - _audio_data_worker writing audio data into queue.
2026-08-18 15:24:11.207 - RealTimeSTT: realtimestt - DEBUG - _audio_data_worker writing audio data into queue.
2026-08-18 15:24:11.249 - RealTimeSTT: realtimestt - DEBUG - _audio_data_worker writing audio data into queue.
2026-08-18 15:24:12.231 - RealTimeSTT: realtimestt - DEBUG - _audio_data_worker writing audio data into queue.
2026-08-18 15:24:12.273 - RealTimeSTT: realtimestt - DEBUG - _audio_data_worker writing audio data into queue.
2026-08-18 15:24:13.255 - RealTimeSTT: realtimestt - DEBUG - _audio_data_worker writing audio data into queue.
2026-08-18 15:24:13.297 - RealTimeSTT: realtimestt - DEBUG - _audio_data_worker writing audio data into queue.
2026-08-18 15:24:13.566 - RealTimeSTT: realtimestt - INFO - recording started
2026-08-18 15:24:13.566 - RealTimeSTT: realtimestt - INFO - State changed from 'inactive' to 'recording'
2026-08-18 15:24:14.278 - RealTimeSTT: realtimestt - DEBUG - _audio_data_worker writing audio data into queue.
2026-08-18 15:24:14.321 - RealTimeSTT: realtimestt - DEBUG - _audio_data_worker writing audio data into queue.
2026-08-18 15:24:15.303 - RealTimeSTT: realtimestt - DEBUG - _audio_data_worker writing audio data into queue.
2026-08-18 15:24:15.345 - RealTimeSTT: realtimestt - DEBUG - _audio_data_worker writing audio data into queue.
2026-08-18 15:24:16.327 - RealTimeSTT: realtimestt - DEBUG - _audio_data_worker writing audio data into queue.
2026-08-18 15:24:16.369 - RealTimeSTT: realtimestt - DEBUG - _audio_data_worker writing audio data into queue.
2026-08-18 15:24:17.351 - RealTimeSTT: realtimestt - DEBUG - _audio_data_worker writing audio data into queue.
2026-08-18 15:24:17.394 - RealTimeSTT: realtimestt - DEBUG - _audio_data_worker writing audio data into queue.
2026-08-18 15:24:18.374 - RealTimeSTT: realtimestt - DEBUG - _audio_data_worker writing audio data into queue.
2026-08-18 15:24:18.417 - RealTimeSTT: realtimestt - DEBUG - _audio_data_worker writing audio data into queue.
2026-08-18 15:24:19.124 - RealTimeSTT: realtimestt - INFO - recording stopped
2026-08-18 15:24:19.128 - RealTimeSTT: realtimestt - INFO - Setting listen time
2026-08-18 15:24:19.130 - RealTimeSTT: realtimestt - DEBUG - No samples removed, final audio length: 88064
2026-08-18 15:24:19.130 - RealTimeSTT: realtimestt - INFO - State changed from 'recording' to 'inactive'
2026-08-18 15:24:19.130 - RealTimeSTT: realtimestt - INFO - State changed from 'inactive' to 'transcribing'
2026-08-18 15:24:19.130 - RealTimeSTT: realtimestt - DEBUG - Adding transcription request, no early transcription started
2026-08-18 15:24:19.133 - RealTimeSTT: realtimestt - DEBUG - Receive from parent_transcription_pipe after sendiung transcription request, transcribe_count: 1
2026-08-18 15:24:19.234 - RealTimeSTT: realtimestt - DEBUG - Receive from parent_transcription_pipe after sendiung transcription request, transcribe_count: 1
2026-08-18 15:24:19.335 - RealTimeSTT: realtimestt - DEBUG - Receive from parent_transcription_pipe after sendiung transcription request, transcribe_count: 1
2026-08-18 15:24:19.398 - RealTimeSTT: realtimestt - DEBUG - _audio_data_worker writing audio data into queue.
2026-08-18 15:24:19.436 - RealTimeSTT: realtimestt - DEBUG - Receive from parent_transcription_pipe after sendiung transcription request, transcribe_count: 1
2026-08-18 15:24:19.441 - RealTimeSTT: realtimestt - DEBUG - _audio_data_worker writing audio data into queue.
2026-08-18 15:24:19.537 - RealTimeSTT: realtimestt - DEBUG - Receive from parent_transcription_pipe after sendiung transcription request, transcribe_count: 1
2026-08-18 15:24:19.638 - RealTimeSTT: realtimestt - DEBUG - Receive from parent_transcription_pipe after sendiung transcription request, transcribe_count: 1
2026-08-18 15:24:19.739 - RealTimeSTT: realtimestt - DEBUG - Receive from parent_transcription_pipe after sendiung transcription request, transcribe_count: 1
2026-08-18 15:24:19.840 - RealTimeSTT: realtimestt - DEBUG - Receive from parent_transcription_pipe after sendiung transcription request, transcribe_count: 1
2026-08-18 15:24:19.941 - RealTimeSTT: realtimestt - DEBUG - Receive from parent_transcription_pipe after sendiung transcription request, transcribe_count: 1
2026-08-18 15:24:19.992 - RealTimeSTT: realtimestt - INFO - State changed from 'transcribing' to 'inactive'
2026-08-18 15:24:19.995 - RealTimeSTT: realtimestt - DEBUG - Model tiny completed transcription in 0.86 seconds
2026-08-18 15:24:20.002 - RealTimeSTT: realtimestt - DEBUG - Finishing recording thread
2026-08-18 15:24:20.008 - RealTimeSTT: realtimestt - DEBUG - Terminating reader process
2026-08-18 15:24:20.109 - RealTimeSTT: realtimestt - DEBUG - Terminating transcription process
2026-08-18 15:24:20.110 - RealTimeSTT: realtimestt - DEBUG - Finishing realtime thread
2026-08-18 15:24:20.465 - RealTimeSTT: realtimestt - DEBUG - _audio_data_worker writing audio data into queue.
2026-08-18 15:24:21.490 - RealTimeSTT: realtimestt - DEBUG - _audio_data_worker writing audio data into queue.
2026-08-18 15:24:22.513 - RealTimeSTT: realtimestt - DEBUG - _audio_data_worker writing audio data into queue.
2026-08-18 15:24:23.538 - RealTimeSTT: realtimestt - DEBUG - _audio_data_worker writing audio data into queue.
2026-08-18 15:24:24.562 - RealTimeSTT: realtimestt - DEBUG - _audio_data_worker writing audio data into queue.
2026-08-18 15:24:25.586 - RealTimeSTT: realtimestt - DEBUG - _audio_data_worker writing audio data into queue.
2026-08-18 15:24:26.610 - RealTimeSTT: realtimestt - DEBUG - _audio_data_worker writing audio data into queue.
2026-08-18 15:24:27.634 - RealTimeSTT: realtimestt - DEBUG - _audio_data_worker writing audio data into queue.
2026-08-18 15:24:28.657 - RealTimeSTT: realtimestt - DEBUG - _audio_data_worker writing audio data into queue.
2026-08-18 15:24:29.682 - RealTimeSTT: realtimestt - DEBUG - _audio_data_worker writing audio data into queue.
2026-08-18 15:24:30.706 - RealTimeSTT: realtimestt - DEBUG - _audio_data_worker writing audio data into queue.
2026-08-18 15:24:31.729 - RealTimeSTT: realtimestt - DEBUG - _audio_data_worker writing audio data into queue.
2026-08-18 15:24:32.753 - RealTimeSTT: realtimestt - DEBUG - _audio_data_worker writing audio data into queue.
2026-08-18 15:24:33.777 - RealTimeSTT: realtimestt - DEBUG - _audio_data_worker writing audio data into queue.
2026-08-18 15:24:34.801 - RealTimeSTT: realtimestt - DEBUG - _audio_data_worker writing audio data into queue.
2026-08-18 15:24:35.825 - RealTimeSTT: realtimestt - DEBUG - _audio_data_worker writing audio data into queue.
2026-08-18 15:24:36.849 - RealTimeSTT: realtimestt - DEBUG - _audio_data_worker writing audio data into queue.
2026-08-18 15:24:37.873 - RealTimeSTT: realtimestt - DEBUG - _audio_data_worker writing audio data into queue.
2026-08-18 15:24:38.897 - RealTimeSTT: realtimestt - DEBUG - _audio_data_worker writing audio data into queue.
2026-08-18 15:24:39.921 - RealTimeSTT: realtimestt - DEBUG - _audio_data_worker writing audio data into queue.
2026-08-18 15:24:40.945 - RealTimeSTT: realtimestt - DEBUG - _audio_data_worker writing audio data into queue.
2026-08-18 15:24:41.969 - RealTimeSTT: realtimestt - DEBUG - _audio_data_worker writing audio data into queue.
2026-08-18 15:24:42.993 - RealTimeSTT: realtimestt - DEBUG - _audio_data_worker writing audio data into queue.
2026-08-18 15:24:44.017 - RealTimeSTT: realtimestt - DEBUG - _audio_data_worker writing audio data into queue.
2026-08-18 15:24:45.041 - RealTimeSTT: realtimestt - DEBUG - _audio_data_worker writing audio data into queue.
2026-08-18 15:24:46.065 - RealTimeSTT: realtimestt - DEBUG - _audio_data_worker writing audio data into queue.
2026-08-18 15:24:47.089 - RealTimeSTT: realtimestt - DEBUG - _audio_data_worker writing audio data into queue.
2026-08-18 15:24:48.113 - RealTimeSTT: realtimestt - DEBUG - _audio_data_worker writing audio data into queue.
2026-08-18 15:24:49.137 - RealTimeSTT: realtimestt - DEBUG - _audio_data_worker writing audio data into queue.
2026-08-18 15:24:50.161 - RealTimeSTT: realtimestt - DEBUG - _audio_data_worker writing audio data into queue.
2026-08-18 15:24:51.185 - RealTimeSTT: realtimestt - DEBUG - _audio_data_worker writing audio data into queue.
2026-08-18 15:24:52.209 - RealTimeSTT: realtimestt - DEBUG - _audio_data_worker writing audio data into queue.
2026-08-18 15:24:53.233 - RealTimeSTT: realtimestt - DEBUG - _audio_data_worker writing audio data into queue.
2026-08-18 15:24:54.257 - RealTimeSTT: realtimestt - DEBUG - _audio_data_worker writing audio data into queue.
2026-08-18 15:24:55.281 - RealTimeSTT: realtimestt - DEBUG - _audio_data_worker writing audio data into queue.
2026-08-18 15:24:56.305 - RealTimeSTT: realtimestt - DEBUG - _audio_data_worker writing audio data into queue.
2026-08-18 15:24:57.329 - RealTimeSTT: realtimestt - DEBUG - _audio_data_worker writing audio data into queue.
2026-08-18 15:24:58.353 - RealTimeSTT: realtimestt - DEBUG - _audio_data_worker writing audio data into queue.
2026-08-18 15:24:59.377 - RealTimeSTT: realtimestt - DEBUG - _audio_data_worker writing audio data into queue.
2026-08-18 15:25:00.401 - RealTimeSTT: realtimestt - DEBUG - _audio_data_worker writing audio data into queue.
2026-08-18 15:25:01.425 - RealTimeSTT: realtimestt - DEBUG - _audio_data_worker writing audio data into queue.
2026-08-18 15:25:02.449 - RealTimeSTT: realtimestt - DEBUG - _audio_data_worker writing audio data into queue.
2026-08-18 15:25:03.474 - RealTimeSTT: realtimestt - DEBUG - _audio_data_worker writing audio data into queue.
2026-08-18 15:25:04.497 - RealTimeSTT: realtimestt - DEBUG - _audio_data_worker writing audio data into queue.
2026-08-18 15:25:05.521 - RealTimeSTT: realtimestt - DEBUG - _audio_data_worker writing audio data into queue.
2026-08-18 15:25:06.545 - RealTimeSTT: realtimestt - DEBUG - _audio_data_worker writing audio data into queue.
2026-08-18 15:25:07.569 - RealTimeSTT: realtimestt - DEBUG - _audio_data_worker writing audio data into queue.
2026-08-18 15:25:08.593 - RealTimeSTT: realtimestt - DEBUG - _audio_data_worker writing audio data into queue.
2026-08-18 15:25:09.617 - RealTimeSTT: realtimestt - DEBUG - _audio_data_worker writing audio data into queue.
2026-08-18 15:25:10.641 - RealTimeSTT: realtimestt - DEBUG - _audio_data_worker writing audio data into queue.
2026-08-18 15:25:11.665 - RealTimeSTT: realtimestt - DEBUG - _audio_data_worker writing audio data into queue.
2026-08-18 15:25:12.689 - RealTimeSTT: realtimestt - DEBUG - _audio_data_worker writing audio data into queue.
2026-08-18 15:25:13.713 - RealTimeSTT: realtimestt - DEBUG - _audio_data_worker writing audio data into queue.
2026-08-18 15:25:14.737 - RealTimeSTT: realtimestt - DEBUG - _audio_data_worker writing audio data into queue.
2026-08-18 15:25:15.761 - RealTimeSTT: realtimestt - DEBUG - _audio_data_worker writing audio data into queue.
2026-08-18 15:25:16.785 - RealTimeSTT: realtimestt - DEBUG - _audio_data_worker writing audio data into queue.
2026-08-18 15:25:17.809 - RealTimeSTT: realtimestt - DEBUG - _audio_data_worker writing audio data into queue.
2026-08-18 15:25:18.833 - RealTimeSTT: realtimestt - DEBUG - _audio_data_worker writing audio data into queue.
2026-08-18 15:25:19.857 - RealTimeSTT: realtimestt - DEBUG - _audio_data_worker writing audio data into queue.
2026-08-18 15:25:20.881 - RealTimeSTT: realtimestt - DEBUG - _audio_data_worker writing audio data into queue.
2026-08-18 15:25:21.905 - RealTimeSTT: realtimestt - DEBUG - _audio_data_worker writing audio data into queue.
2026-08-18 15:25:22.929 - RealTimeSTT: realtimestt - DEBUG - _audio_data_worker writing audio data into queue.
2026-08-18 15:25:23.953 - RealTimeSTT: realtimestt - DEBUG - _audio_data_worker writing audio data into queue.
2026-08-18 15:25:24.976 - RealTimeSTT: realtimestt - DEBUG - _audio_data_worker writing audio data into queue.
2026-08-18 15:25:26.001 - RealTimeSTT: realtimestt - DEBUG - _audio_data_worker writing audio data into queue.
2026-08-18 15:25:27.024 - RealTimeSTT: realtimestt - DEBUG - _audio_data_worker writing audio data into queue.
2026-08-18 15:25:28.048 - RealTimeSTT: realtimestt - DEBUG - _audio_data_worker writing audio data into queue.
2026-08-18 15:25:29.072 - RealTimeSTT: realtimestt - DEBUG - _audio_data_worker writing audio data into queue.
2026-08-18 15:25:30.096 - RealTimeSTT: realtimestt - DEBUG - _audio_data_worker writing audio data into queue.
2026-08-18 15:25:31.120 - RealTimeSTT: realtimestt - DEBUG - _audio_data_worker writing audio data into queue.
2026-08-18 15:25:32.144 - RealTimeSTT: realtimestt - DEBUG - _audio_data_worker writing audio data into queue.
2026-08-18 15:25:33.169 - RealTimeSTT: realtimestt - DEBUG - _audio_data_worker writing audio data into queue.
2026-08-18 15:25:34.193 - RealTimeSTT: realtimestt - DEBUG - _audio_data_worker writing audio data into queue.
2026-08-18 15:25:35.217 - RealTimeSTT: realtimestt - DEBUG - _audio_data_worker writing audio data into queue.
2026-08-18 15:25:36.241 - RealTimeSTT: realtimestt - DEBUG - _audio_data_worker writing audio data into queue.
2026-08-18 15:25:37.265 - RealTimeSTT: realtimestt - DEBUG - _audio_data_worker writing audio data into queue.
2026-08-18 15:25:38.289 - RealTimeSTT: realtimestt - DEBUG - _audio_data_worker writing audio data into queue.
2026-08-18 15:25:39.313 - RealTimeSTT: realtimestt - DEBUG - _audio_data_worker writing audio data into queue.
2026-08-18 15:25:40.337 - RealTimeSTT: realtimestt - DEBUG - _audio_data_worker writing audio data into queue.
2026-08-18 15:25:41.361 - RealTimeSTT: realtimestt - DEBUG - _audio_data_worker writing audio data into queue.
2026-08-18 15:25:42.385 - RealTimeSTT: realtimestt - DEBUG - _audio_data_worker writing audio data into queue.
2026-08-18 15:25:43.409 - RealTimeSTT: realtimestt - DEBUG - _audio_data_worker writing audio data into queue.
2026-08-18 15:25:44.433 - RealTimeSTT: realtimestt - DEBUG - _audio_data_worker writing audio data into queue.
2026-08-18 15:25:45.457 - RealTimeSTT: realtimestt - DEBUG - _audio_data_worker writing audio data into queue.
2026-08-18 15:25:46.480 - RealTimeSTT: realtimestt - DEBUG - _audio_data_worker writing audio data into queue.
2026-08-18 15:25:47.504 - RealTimeSTT: realtimestt - DEBUG - _audio_data_worker writing audio data into queue.
2026-08-18 15:25:48.528 - RealTimeSTT: realtimestt - DEBUG - _audio_data_worker writing audio data into queue.
2026-08-18 15:25:49.552 - RealTimeSTT: realtimestt - DEBUG - _audio_data_worker writing audio data into queue.
2026-08-18 15:25:50.577 - RealTimeSTT: realtimestt - DEBUG - _audio_data_worker writing audio data into queue.
2026-08-18 15:25:51.601 - RealTimeSTT: realtimestt - DEBUG - _audio_data_worker writing audio data into queue.
2026-08-18 15:25:52.625 - RealTimeSTT: realtimestt - DEBUG - _audio_data_worker writing audio data into queue.
2026-08-18 15:25:53.649 - RealTimeSTT: realtimestt - DEBUG - _audio_data_worker writing audio data into queue.
2026-08-18 15:25:54.673 - RealTimeSTT: realtimestt - DEBUG - _audio_data_worker writing audio data into queue.
2026-08-18 15:25:55.697 - RealTimeSTT: realtimestt - DEBUG - _audio_data_worker writing audio data into queue.
2026-08-18 15:25:56.721 - RealTimeSTT: realtimestt - DEBUG - _audio_data_worker writing audio data into queue.
2026-08-18 15:25:57.745 - RealTimeSTT: realtimestt - DEBUG - _audio_data_worker writing audio data into queue.
2026-08-18 15:25:58.769 - RealTimeSTT: realtimestt - DEBUG - _audio_data_worker writing audio data into queue.
2026-08-18 15:25:59.792 - RealTimeSTT: realtimestt - DEBUG - _audio_data_worker writing audio data into queue.
2026-08-18 15:26:00.817 - RealTimeSTT: realtimestt - DEBUG - _audio_data_worker writing audio data into queue.
2026-08-18 15:26:01.841 - RealTimeSTT: realtimestt - DEBUG - _audio_data_worker writing audio data into queue.
2026-08-18 15:26:02.865 - RealTimeSTT: realtimestt - DEBUG - _audio_data_worker writing audio data into queue.
2026-08-18 15:26:03.889 - RealTimeSTT: realtimestt - DEBUG - _audio_data_worker writing audio data into queue.
2026-08-18 15:26:04.913 - RealTimeSTT: realtimestt - DEBUG - _audio_data_worker writing audio data into queue.
2026-08-18 15:26:05.937 - RealTimeSTT: realtimestt - DEBUG - _audio_data_worker writing audio data into queue.
2026-08-18 15:26:06.961 - RealTimeSTT: realtimestt - DEBUG - _audio_data_worker writing audio data into queue.
2026-08-18 15:26:07.985 - RealTimeSTT: realtimestt - DEBUG - _audio_data_worker writing audio data into queue.
2026-08-18 15:26:09.009 - RealTimeSTT: realtimestt - DEBUG - _audio_data_worker writing audio data into queue.
2026-08-18 15:26:10.033 - RealTimeSTT: realtimestt - DEBUG - _audio_data_worker writing audio data into queue.
2026-08-18 15:26:11.057 - RealTimeSTT: realtimestt - DEBUG - _audio_data_worker writing audio data into queue.
2026-08-18 15:26:12.081 - RealTimeSTT: realtimestt - DEBUG - _audio_data_worker writing audio data into queue.
2026-08-18 15:26:13.104 - RealTimeSTT: realtimestt - DEBUG - _audio_data_worker writing audio data into queue.
2026-08-18 15:26:14.129 - RealTimeSTT: realtimestt - DEBUG - _audio_data_worker writing audio data into queue.
2026-08-18 15:26:15.153 - RealTimeSTT: realtimestt - DEBUG - _audio_data_worker writing audio data into queue.
2026-08-18 15:26:16.176 - RealTimeSTT: realtimestt - DEBUG - _audio_data_worker writing audio data into queue.
2026-08-18 15:26:17.201 - RealTimeSTT: realtimestt - DEBUG - _audio_data_worker writing audio data into queue.
2026-08-18 15:26:18.225 - RealTimeSTT: realtimestt - DEBUG - _audio_data_worker writing audio data into queue.
2026-08-18 15:26:19.249 - RealTimeSTT: realtimestt - DEBUG - _audio_data_worker writing audio data into queue.
2026-08-18 15:26:20.273 - RealTimeSTT: realtimestt - DEBUG - _audio_data_worker writing audio data into queue.
2026-08-18 15:26:21.296 - RealTimeSTT: realtimestt - DEBUG - _audio_data_worker writing audio data into queue.
2026-08-18 15:26:22.320 - RealTimeSTT: realtimestt - DEBUG - _audio_data_worker writing audio data into queue.
2026-08-18 15:26:23.344 - RealTimeSTT: realtimestt - DEBUG - _audio_data_worker writing audio data into queue.
2026-08-18 15:26:24.369 - RealTimeSTT: realtimestt - DEBUG - _audio_data_worker writing audio data into queue.
2026-08-18 15:26:25.392 - RealTimeSTT: realtimestt - DEBUG - _audio_data_worker writing audio data into queue.
2026-08-18 15:26:26.417 - RealTimeSTT: realtimestt - DEBUG - _audio_data_worker writing audio data into queue.
2026-08-18 15:26:27.440 - RealTimeSTT: realtimestt - DEBUG - _audio_data_worker writing audio data into queue.
2026-08-18 15:26:28.465 - RealTimeSTT: realtimestt - DEBUG - _audio_data_worker writing audio data into queue.
2026-08-18 15:26:29.489 - RealTimeSTT: realtimestt - DEBUG - _audio_data_worker writing audio data into queue.
2026-08-18 15:26:30.513 - RealTimeSTT: realtimestt - DEBUG - _audio_data_worker writing audio data into queue.
2026-08-18 15:26:31.536 - RealTimeSTT: realtimestt - DEBUG - _audio_data_worker writing audio data into queue.
2026-08-18 15:26:32.561 - RealTimeSTT: realtimestt - DEBUG - _audio_data_worker writing audio data into queue.
2026-08-18 15:26:33.584 - RealTimeSTT: realtimestt - DEBUG - _audio_data_worker writing audio data into queue.
2026-08-18 15:26:34.608 - RealTimeSTT: realtimestt - DEBUG - _audio_data_worker writing audio data into queue.
2026-08-18 15:26:35.632 - RealTimeSTT: realtimestt - DEBUG - _audio_data_worker writing audio data into queue.
2026-08-18 15:26:36.656 - RealTimeSTT: realtimestt - DEBUG - _audio_data_worker writing audio data into queue.
2026-08-18 15:26:37.680 - RealTimeSTT: realtimestt - DEBUG - _audio_data_worker writing audio data into queue.
2026-08-18 15:26:38.704 - RealTimeSTT: realtimestt - DEBUG - _audio_data_worker writing audio data into queue.
2026-08-18 15:26:39.728 - RealTimeSTT: realtimestt - DEBUG - _audio_data_worker writing audio data into queue.
2026-08-18 15:26:40.752 - RealTimeSTT: realtimestt - DEBUG - _audio_data_worker writing audio data into queue.
2026-08-18 15:26:41.776 - RealTimeSTT: realtimestt - DEBUG - _audio_data_worker writing audio data into queue.
2026-08-18 15:26:42.800 - RealTimeSTT: realtimestt - DEBUG - _audio_data_worker writing audio data into queue.
2026-08-18 15:26:43.824 - RealTimeSTT: realtimestt - DEBUG - _audio_data_worker writing audio data into queue.
2026-08-18 15:26:44.848 - RealTimeSTT: realtimestt - DEBUG - _audio_data_worker writing audio data into queue.
2026-08-18 15:26:45.872 - RealTimeSTT: realtimestt - DEBUG - _audio_data_worker writing audio data into queue.
2026-08-18 15:26:46.896 - RealTimeSTT: realtimestt - DEBUG - _audio_data_worker writing audio data into queue.
2026-08-18 15:26:47.920 - RealTimeSTT: realtimestt - DEBUG - _audio_data_worker writing audio data into queue.
2026-08-18 15:26:48.944 - RealTimeSTT: realtimestt - DEBUG - _audio_data_worker writing audio data into queue.
2026-08-18 15:26:49.968 - RealTimeSTT: realtimestt - DEBUG - _audio_data_worker writing audio data into queue.
2026-08-18 15:26:50.993 - RealTimeSTT: realtimestt - DEBUG - _audio_data_worker writing audio data into queue.
2026-08-18 15:26:52.016 - RealTimeSTT: realtimestt - DEBUG - _audio_data_worker writing audio data into queue.
2026-08-18 15:26:53.040 - RealTimeSTT: realtimestt - DEBUG - _audio_data_worker writing audio data into queue.
2026-08-18 15:26:54.064 - RealTimeSTT: realtimestt - DEBUG - _audio_data_worker writing audio data into queue.
2026-08-18 15:26:55.088 - RealTimeSTT: realtimestt - DEBUG - _audio_data_worker writing audio data into queue.
2026-08-18 15:26:56.112 - RealTimeSTT: realtimestt - DEBUG - _audio_data_worker writing audio data into queue.
2026-08-18 15:26:57.136 - RealTimeSTT: realtimestt - DEBUG - _audio_data_worker writing audio data into queue.
2026-08-18 15:26:58.160 - RealTimeSTT: realtimestt - DEBUG - _audio_data_worker writing audio data into queue.
2026-08-18 15:26:59.184 - RealTimeSTT: realtimestt - DEBUG - _audio_data_worker writing audio data into queue.
2026-08-18 15:27:00.208 - RealTimeSTT: realtimestt - DEBUG - _audio_data_worker writing audio data into queue.
2026-08-18 15:27:01.232 - RealTimeSTT: realtimestt - DEBUG - _audio_data_worker writing audio data into queue.
2026-08-18 15:27:02.256 - RealTimeSTT: realtimestt - DEBUG - _audio_data_worker writing audio data into queue.
2026-08-18 15:27:03.280 - RealTimeSTT: realtimestt - DEBUG - _audio_data_worker writing audio data into queue.
2026-08-18 15:27:04.304 - RealTimeSTT: realtimestt - DEBUG - _audio_data_worker writing audio data into queue.
2026-08-18 15:27:05.328 - RealTimeSTT: realtimestt - DEBUG - _audio_data_worker writing audio data into queue.
2026-08-18 15:27:06.352 - RealTimeSTT: realtimestt - DEBUG - _audio_data_worker writing audio data into queue.
2026-08-18 15:27:07.376 - RealTimeSTT: realtimestt - DEBUG - _audio_data_worker writing audio data into queue.
2026-08-18 15:27:08.400 - RealTimeSTT: realtimestt - DEBUG - _audio_data_worker writing audio data into queue.
2026-08-18 15:27:09.424 - RealTimeSTT: realtimestt - DEBUG - _audio_data_worker writing audio data into queue.
2026-08-18 15:27:10.448 - RealTimeSTT: realtimestt - DEBUG - _audio_data_worker writing audio data into queue.
2026-08-18 15:27:11.472 - RealTimeSTT: realtimestt - DEBUG - _audio_data_worker writing audio data into queue.
2026-08-18 15:27:12.496 - RealTimeSTT: realtimestt - DEBUG - _audio_data_worker writing audio data into queue.
2026-08-18 15:27:13.520 - RealTimeSTT: realtimestt - DEBUG - _audio_data_worker writing audio data into queue.
2026-08-18 15:27:14.544 - RealTimeSTT: realtimestt - DEBUG - _audio_data_worker writing audio data into queue.
2026-08-18 15:27:15.568 - RealTimeSTT: realtimestt - DEBUG - _audio_data_worker writing audio data into queue.
2026-08-18 15:27:16.592 - RealTimeSTT: realtimestt - DEBUG - _audio_data_worker writing audio data into queue.
2026-08-18 15:27:17.616 - RealTimeSTT: realtimestt - DEBUG - _audio_data_worker writing audio data into queue.
2026-08-18 15:27:18.640 - RealTimeSTT: realtimestt - DEBUG - _audio_data_worker writing audio data into queue.
2026-08-18 15:27:19.664 - RealTimeSTT: realtimestt - DEBUG - _audio_data_worker writing audio data into queue.
2026-08-18 15:27:20.688 - RealTimeSTT: realtimestt - DEBUG - _audio_data_worker writing audio data into queue.
2026-08-18 15:27:21.712 - RealTimeSTT: realtimestt - DEBUG - _audio_data_worker writing audio data into queue.
2026-08-18 15:27:22.736 - RealTimeSTT: realtimestt - DEBUG - _audio_data_worker writing audio data into queue.
2026-08-18 15:27:23.760 - RealTimeSTT: realtimestt - DEBUG - _audio_data_worker writing audio data into queue.
2026-08-18 15:27:24.784 - RealTimeSTT: realtimestt - DEBUG - _audio_data_worker writing audio data into queue.
2026-08-18 15:27:25.808 - RealTimeSTT: realtimestt - DEBUG - _audio_data_worker writing audio data into queue.
2026-08-18 15:27:26.832 - RealTimeSTT: realtimestt - DEBUG - _audio_data_worker writing audio data into queue.
2026-08-18 15:27:27.856 - RealTimeSTT: realtimestt - DEBUG - _audio_data_worker writing audio data into queue.
2026-08-18 15:27:28.880 - RealTimeSTT: realtimestt - DEBUG - _audio_data_worker writing audio data into queue.
2026-08-18 15:27:29.904 - RealTimeSTT: realtimestt - DEBUG - _audio_data_worker writing audio data into queue.
2026-08-18 15:27:30.928 - RealTimeSTT: realtimestt - DEBUG - _audio_data_worker writing audio data into queue.
2026-08-18 15:27:31.952 - RealTimeSTT: realtimestt - DEBUG - _audio_data_worker writing audio data into queue.
2026-08-18 15:27:32.976 - RealTimeSTT: realtimestt - DEBUG - _audio_data_worker writing audio data into queue.
2026-08-18 15:27:34.000 - RealTimeSTT: realtimestt - DEBUG - _audio_data_worker writing audio data into queue.
2026-08-18 15:27:35.024 - RealTimeSTT: realtimestt - DEBUG - _audio_data_worker writing audio data into queue.
2026-08-18 15:27:36.048 - RealTimeSTT: realtimestt - DEBUG - _audio_data_worker writing audio data into queue.
2026-08-18 15:27:37.072 - RealTimeSTT: realtimestt - DEBUG - _audio_data_worker writing audio data into queue.
2026-08-18 15:27:38.096 - RealTimeSTT: realtimestt - DEBUG - _audio_data_worker writing audio data into queue.
2026-08-18 15:27:39.120 - RealTimeSTT: realtimestt - DEBUG - _audio_data_worker writing audio data into queue.
2026-08-18 15:27:40.144 - RealTimeSTT: realtimestt - DEBUG - _audio_data_worker writing audio data into queue.
2026-08-18 15:27:41.168 - RealTimeSTT: realtimestt - DEBUG - _audio_data_worker writing audio data into queue.
2026-08-18 15:27:42.192 - RealTimeSTT: realtimestt - DEBUG - _audio_data_worker writing audio data into queue.
2026-08-18 15:27:43.216 - RealTimeSTT: realtimestt - DEBUG - _audio_data_worker writing audio data into queue.
2026-08-18 15:27:44.240 - RealTimeSTT: realtimestt - DEBUG - _audio_data_worker writing audio data into queue.
2026-08-18 15:27:45.264 - RealTimeSTT: realtimestt - DEBUG - _audio_data_worker writing audio data into queue.
2026-08-18 15:27:46.288 - RealTimeSTT: realtimestt - DEBUG - _audio_data_worker writing audio data into queue.
2026-08-18 15:27:47.312 - RealTimeSTT: realtimestt - DEBUG - _audio_data_worker writing audio data into queue.
2026-08-18 15:27:48.336 - RealTimeSTT: realtimestt - DEBUG - _audio_data_worker writing audio data into queue.
2026-08-18 15:27:49.360 - RealTimeSTT: realtimestt - DEBUG - _audio_data_worker writing audio data into queue.
2026-08-18 15:27:50.384 - RealTimeSTT: realtimestt - DEBUG - _audio_data_worker writing audio data into queue.
2026-08-18 15:27:51.408 - RealTimeSTT: realtimestt - DEBUG - _audio_data_worker writing audio data into queue.
2026-08-18 15:27:52.432 - RealTimeSTT: realtimestt - DEBUG - _audio_data_worker writing audio data into queue.
2026-08-18 15:27:53.456 - RealTimeSTT: realtimestt - DEBUG - _audio_data_worker writing audio data into queue.
2026-08-18 15:27:54.480 - RealTimeSTT: realtimestt - DEBUG - _audio_data_worker writing audio data into queue.
2026-08-18 15:27:55.504 - RealTimeSTT: realtimestt - DEBUG - _audio_data_worker writing audio data into queue.
2026-08-18 15:27:56.528 - RealTimeSTT: realtimestt - DEBUG - _audio_data_worker writing audio data into queue.
2026-08-18 15:27:57.552 - RealTimeSTT: realtimestt - DEBUG - _audio_data_worker writing audio data into queue.
2026-08-18 15:27:58.576 - RealTimeSTT: realtimestt - DEBUG - _audio_data_worker writing audio data into queue.
2026-08-18 15:27:59.600 - RealTimeSTT: realtimestt - DEBUG - _audio_data_worker writing audio data into queue.
2026-08-18 15:28:00.624 - RealTimeSTT: realtimestt - DEBUG - _audio_data_worker writing audio data into queue.
2026-08-18 15:28:01.648 - RealTimeSTT: realtimestt - DEBUG - _audio_data_worker writing audio data into queue.
2026-08-18 15:28:02.672 - RealTimeSTT: realtimestt - DEBUG - _audio_data_worker writing audio data into queue.
2026-08-18 15:28:03.696 - RealTimeSTT: realtimestt - DEBUG - _audio_data_worker writing audio data into queue.
2026-08-18 15:28:04.720 - RealTimeSTT: realtimestt - DEBUG - _audio_data_worker writing audio data into queue.
2026-08-18 15:28:05.744 - RealTimeSTT: realtimestt - DEBUG - _audio_data_worker writing audio data into queue.
2026-08-18 15:28:06.768 - RealTimeSTT: realtimestt - DEBUG - _audio_data_worker writing audio data into queue.
2026-08-18 15:28:07.792 - RealTimeSTT: realtimestt - DEBUG - _audio_data_worker writing audio data into queue.
2026-08-18 15:28:08.816 - RealTimeSTT: realtimestt - DEBUG - _audio_data_worker writing audio data into queue.
2026-08-18 15:28:09.840 - RealTimeSTT: realtimestt - DEBUG - _audio_data_worker writing audio data into queue.
2026-08-18 15:28:10.864 - RealTimeSTT: realtimestt - DEBUG - _audio_data_worker writing audio data into queue.
2026-08-18 15:28:11.888 - RealTimeSTT: realtimestt - DEBUG - _audio_data_worker writing audio data into queue.
2026-08-18 15:28:12.912 - RealTimeSTT: realtimestt - DEBUG - _audio_data_worker writing audio data into queue.
2026-08-18 15:28:13.936 - RealTimeSTT: realtimestt - DEBUG - _audio_data_worker writing audio data into queue.
2026-08-18 15:28:14.960 - RealTimeSTT: realtimestt - DEBUG - _audio_data_worker writing audio data into queue.
2026-08-18 15:28:15.984 - RealTimeSTT: realtimestt - DEBUG - _audio_data_worker writing audio data into queue.
2026-08-18 15:28:17.008 - RealTimeSTT: realtimestt - DEBUG - _audio_data_worker writing audio data into queue.
2026-08-18 15:28:18.032 - RealTimeSTT: realtimestt - DEBUG - _audio_data_worker writing audio data into queue.
2026-08-18 15:28:19.056 - RealTimeSTT: realtimestt - DEBUG - _audio_data_worker writing audio data into queue.
2026-08-18 15:28:20.080 - RealTimeSTT: realtimestt - DEBUG - _audio_data_worker writing audio data into queue.
2026-08-18 15:28:21.104 - RealTimeSTT: realtimestt - DEBUG - _audio_data_worker writing audio data into queue.
2026-08-18 15:28:22.128 - RealTimeSTT: realtimestt - DEBUG - _audio_data_worker writing audio data into queue.
2026-08-18 15:28:23.152 - RealTimeSTT: realtimestt - DEBUG - _audio_data_worker writing audio data into queue.
2026-08-18 15:28:24.176 - RealTimeSTT: realtimestt - DEBUG - _audio_data_worker writing audio data into queue.
2026-08-18 15:28:25.200 - RealTimeSTT: realtimestt - DEBUG - _audio_data_worker writing audio data into queue.
2026-08-18 15:28:26.224 - RealTimeSTT: realtimestt - DEBUG - _audio_data_worker writing audio data into queue.
2026-08-18 15:28:27.248 - RealTimeSTT: realtimestt - DEBUG - _audio_data_worker writing audio data into queue.
2026-08-18 15:28:28.272 - RealTimeSTT: realtimestt - DEBUG - _audio_data_worker writing audio data into queue.
2026-08-18 15:28:29.296 - RealTimeSTT: realtimestt - DEBUG - _audio_data_worker writing audio data into queue.
2026-08-18 15:28:30.320 - RealTimeSTT: realtimestt - DEBUG - _audio_data_worker writing audio data into queue.
2026-08-18 15:28:31.344 - RealTimeSTT: realtimestt - DEBUG - _audio_data_worker writing audio data into queue.
2026-08-18 15:28:32.368 - RealTimeSTT: realtimestt - DEBUG - _audio_data_worker writing audio data into queue.
2026-08-18 15:28:33.392 - RealTimeSTT: realtimestt - DEBUG - _audio_data_worker writing audio data into queue.
2026-08-18 15:28:34.416 - RealTimeSTT: realtimestt - DEBUG - _audio_data_worker writing audio data into queue.
2026-08-18 15:28:35.440 - RealTimeSTT: realtimestt - DEBUG - _audio_data_worker writing audio data into queue.
2026-08-18 15:28:36.464 - RealTimeSTT: realtimestt - DEBUG - _audio_data_worker writing audio data into queue.
2026-08-18 15:28:37.488 - RealTimeSTT: realtimestt - DEBUG - _audio_data_worker writing audio data into queue.
2026-08-18 15:28:38.512 - RealTimeSTT: realtimestt - DEBUG - _audio_data_worker writing audio data into queue.
2026-08-18 15:28:39.536 - RealTimeSTT: realtimestt - DEBUG - _audio_data_worker writing audio data into queue.
2026-08-18 15:28:40.560 - RealTimeSTT: realtimestt - DEBUG - _audio_data_worker writing audio data into queue.
2026-08-18 15:28:41.584 - RealTimeSTT: realtimestt - DEBUG - _audio_data_worker writing audio data into queue.
2026-08-18 15:28:42.608 - RealTimeSTT: realtimestt - DEBUG - _audio_data_worker writing audio data into queue.
2026-08-18 15:28:43.632 - RealTimeSTT: realtimestt - DEBUG - _audio_data_worker writing audio data into queue.
2026-08-18 15:28:44.656 - RealTimeSTT: realtimestt - DEBUG - _audio_data_worker writing audio data into queue.
2026-08-18 15:28:45.680 - RealTimeSTT: realtimestt - DEBUG - _audio_data_worker writing audio data into queue.
2026-08-18 15:28:46.704 - RealTimeSTT: realtimestt - DEBUG - _audio_data_worker writing audio data into queue.
2026-08-18 15:28:47.728 - RealTimeSTT: realtimestt - DEBUG - _audio_data_worker writing audio data into queue.
2026-08-18 15:28:48.752 - RealTimeSTT: realtimestt - DEBUG - _audio_data_worker writing audio data into queue.
2026-08-18 15:28:49.776 - RealTimeSTT: realtimestt - DEBUG - _audio_data_worker writing audio data into queue.
2026-08-18 15:28:50.800 - RealTimeSTT: realtimestt - DEBUG - _audio_data_worker writing audio data into queue.
2026-08-18 15:28:51.824 - RealTimeSTT: realtimestt - DEBUG - _audio_data_worker writing audio data into queue.
2026-08-18 15:28:52.848 - RealTimeSTT: realtimestt - DEBUG - _audio_data_worker writing audio data into queue.
2026-08-18 15:28:53.872 - RealTimeSTT: realtimestt - DEBUG - _audio_data_worker writing audio data into queue.
2026-08-18 15:28:54.896 - RealTimeSTT: realtimestt - DEBUG - _audio_data_worker writing audio data into queue.
2026-08-18 15:28:55.920 - RealTimeSTT: realtimestt - DEBUG - _audio_data_worker writing audio data into queue.
2026-08-18 15:28:56.944 - RealTimeSTT: realtimestt - DEBUG - _audio_data_worker writing audio data into queue.
2026-08-18 15:28:57.968 - RealTimeSTT: realtimestt - DEBUG - _audio_data_worker writing audio data into queue.
2026-08-18 15:28:58.992 - RealTimeSTT: realtimestt - DEBUG - _audio_data_worker writing audio data into queue.
2026-08-18 15:29:00.016 - RealTimeSTT: realtimestt - DEBUG - _audio_data_worker writing audio data into queue.
2026-08-18 15:29:01.040 - RealTimeSTT: realtimestt - DEBUG - _audio_data_worker writing audio data into queue.
2026-08-18 15:29:02.064 - RealTimeSTT: realtimestt - DEBUG - _audio_data_worker writing audio data into queue.
2026-08-18 15:29:03.088 - RealTimeSTT: realtimestt - DEBUG - _audio_data_worker writing audio data into queue.
2026-08-18 15:29:04.112 - RealTimeSTT: realtimestt - DEBUG - _audio_data_worker writing audio data into queue.
2026-08-18 15:29:05.136 - RealTimeSTT: realtimestt - DEBUG - _audio_data_worker writing audio data into queue.
2026-08-18 15:29:06.160 - RealTimeSTT: realtimestt - DEBUG - _audio_data_worker writing audio data into queue.
2026-08-18 15:29:07.184 - RealTimeSTT: realtimestt - DEBUG - _audio_data_worker writing audio data into queue.
2026-08-18 15:29:08.208 - RealTimeSTT: realtimestt - DEBUG - _audio_data_worker writing audio data into queue.
2026-08-18 15:29:09.232 - RealTimeSTT: realtimestt - DEBUG - _audio_data_worker writing audio data into queue.
2026-08-18 15:29:10.256 - RealTimeSTT: realtimestt - DEBUG - _audio_data_worker writing audio data into queue.
2026-08-18 15:29:11.280 - RealTimeSTT: realtimestt - DEBUG - _audio_data_worker writing audio data into queue.
2026-08-18 15:29:12.304 - RealTimeSTT: realtimestt - DEBUG - _audio_data_worker writing audio data into queue.
2026-08-18 15:29:13.327 - RealTimeSTT: realtimestt - DEBUG - _audio_data_worker writing audio data into queue.
2026-08-18 15:29:14.351 - RealTimeSTT: realtimestt - DEBUG - _audio_data_worker writing audio data into queue.
2026-08-18 15:29:15.376 - RealTimeSTT: realtimestt - DEBUG - _audio_data_worker writing audio data into queue.
2026-08-18 15:29:16.399 - RealTimeSTT: realtimestt - DEBUG - _audio_data_worker writing audio data into queue.
2026-08-18 15:29:17.423 - RealTimeSTT: realtimestt - DEBUG - _audio_data_worker writing audio data into queue.
2026-08-18 15:29:18.447 - RealTimeSTT: realtimestt - DEBUG - _audio_data_worker writing audio data into queue.
2026-08-18 15:29:19.471 - RealTimeSTT: realtimestt - DEBUG - _audio_data_worker writing audio data into queue.
2026-08-18 15:29:20.495 - RealTimeSTT: realtimestt - DEBUG - _audio_data_worker writing audio data into queue.
2026-08-18 15:29:21.519 - RealTimeSTT: realtimestt - DEBUG - _audio_data_worker writing audio data into queue.
2026-08-18 15:29:22.543 - RealTimeSTT: realtimestt - DEBUG - _audio_data_worker writing audio data into queue.
2026-08-18 15:29:23.568 - RealTimeSTT: realtimestt - DEBUG - _audio_data_worker writing audio data into queue.
2026-08-18 15:29:24.591 - RealTimeSTT: realtimestt - DEBUG - _audio_data_worker writing audio data into queue.
2026-08-18 15:29:25.616 - RealTimeSTT: realtimestt - DEBUG - _audio_data_worker writing audio data into queue.
2026-08-18 15:29:26.639 - RealTimeSTT: realtimestt - DEBUG - _audio_data_worker writing audio data into queue.
2026-08-18 15:29:27.664 - RealTimeSTT: realtimestt - DEBUG - _audio_data_worker writing audio data into queue.
2026-08-18 15:29:28.687 - RealTimeSTT: realtimestt - DEBUG - _audio_data_worker writing audio data into queue.
2026-08-18 15:29:29.711 - RealTimeSTT: realtimestt - DEBUG - _audio_data_worker writing audio data into queue.
2026-08-18 15:29:30.736 - RealTimeSTT: realtimestt - DEBUG - _audio_data_worker writing audio data into queue.
2026-08-18 15:29:31.760 - RealTimeSTT: realtimestt - DEBUG - _audio_data_worker writing audio data into queue.
2026-08-18 15:29:32.783 - RealTimeSTT: realtimestt - DEBUG - _audio_data_worker writing audio data into queue.
2026-08-18 15:29:33.807 - RealTimeSTT: realtimestt - DEBUG - _audio_data_worker writing audio data into queue.
2026-08-18 15:29:34.832 - RealTimeSTT: realtimestt - DEBUG - _audio_data_worker writing audio data into queue.
2026-08-18 15:29:35.855 - RealTimeSTT: realtimestt - DEBUG - _audio_data_worker writing audio data into queue.
2026-08-18 15:29:36.879 - RealTimeSTT: realtimestt - DEBUG - _audio_data_worker writing audio data into queue.
2026-08-18 15:29:37.903 - RealTimeSTT: realtimestt - DEBUG - _audio_data_worker writing audio data into queue.
2026-08-18 15:29:38.927 - RealTimeSTT: realtimestt - DEBUG - _audio_data_worker writing audio data into queue.
2026-08-18 15:29:39.951 - RealTimeSTT: realtimestt - DEBUG - _audio_data_worker writing audio data into queue.
2026-08-18 15:29:40.975 - RealTimeSTT: realtimestt - DEBUG - _audio_data_worker writing audio data into queue.
2026-08-18 15:29:41.999 - RealTimeSTT: realtimestt - DEBUG - _audio_data_worker writing audio data into queue.
2026-08-18 15:29:43.023 - RealTimeSTT: realtimestt - DEBUG - _audio_data_worker writing audio data into queue.
2026-08-18 15:29:44.047 - RealTimeSTT: realtimestt - DEBUG - _audio_data_worker writing audio data into queue.
2026-08-18 15:29:45.071 - RealTimeSTT: realtimestt - DEBUG - _audio_data_worker writing audio data into queue.
2026-08-18 15:29:46.095 - RealTimeSTT: realtimestt - DEBUG - _audio_data_worker writing audio data into queue.
2026-08-18 15:29:47.119 - RealTimeSTT: realtimestt - DEBUG - _audio_data_worker writing audio data into queue.
2026-08-18 15:29:48.143 - RealTimeSTT: realtimestt - DEBUG - _audio_data_worker writing audio data into queue.
2026-08-18 15:29:49.167 - RealTimeSTT: realtimestt - DEBUG - _audio_data_worker writing audio data into queue.
2026-08-18 15:29:50.191 - RealTimeSTT: realtimestt - DEBUG - _audio_data_worker writing audio data into queue.
2026-08-18 15:29:51.215 - RealTimeSTT: realtimestt - DEBUG - _audio_data_worker writing audio data into queue.
2026-08-18 15:29:52.239 - RealTimeSTT: realtimestt - DEBUG - _audio_data_worker writing audio data into queue.
2026-08-18 15:29:53.263 - RealTimeSTT: realtimestt - DEBUG - _audio_data_worker writing audio data into queue.
2026-08-18 15:29:54.287 - RealTimeSTT: realtimestt - DEBUG - _audio_data_worker writing audio data into queue.
2026-08-18 15:29:55.311 - RealTimeSTT: realtimestt - DEBUG - _audio_data_worker writing audio data into queue.
2026-08-18 15:29:56.335 - RealTimeSTT: realtimestt - DEBUG - _audio_data_worker writing audio data into queue.
2026-08-18 15:29:57.359 - RealTimeSTT: realtimestt - DEBUG - _audio_data_worker writing audio data into queue.
2026-08-18 15:29:58.383 - RealTimeSTT: realtimestt - DEBUG - _audio_data_worker writing audio data into queue.
2026-08-18 15:29:59.407 - RealTimeSTT: realtimestt - DEBUG - _audio_data_worker writing audio data into queue.
2026-08-18 15:30:00.431 - RealTimeSTT: realtimestt - DEBUG - _audio_data_worker writing audio data into queue.
2026-08-18 15:30:01.455 - RealTimeSTT: realtimestt - DEBUG - _audio_data_worker writing audio data into queue.
2026-08-18 15:30:02.479 - RealTimeSTT: realtimestt - DEBUG - _audio_data_worker writing audio data into queue.
2026-08-18 15:30:03.503 - RealTimeSTT: realtimestt - DEBUG - _audio_data_worker writing audio data into queue.
2026-08-18 15:30:04.527 - RealTimeSTT: realtimestt - DEBUG - _audio_data_worker writing audio data into queue.
2026-08-18 15:30:05.551 - RealTimeSTT: realtimestt - DEBUG - _audio_data_worker writing audio data into queue.
2026-08-18 15:30:06.575 - RealTimeSTT: realtimestt - DEBUG - _audio_data_worker writing audio data into queue.
2026-08-18 15:30:07.599 - RealTimeSTT: realtimestt - DEBUG - _audio_data_worker writing audio data into queue.
2026-08-18 15:30:08.623 - RealTimeSTT: realtimestt - DEBUG - _audio_data_worker writing audio data into queue.
2026-08-18 15:30:09.647 - RealTimeSTT: realtimestt - DEBUG - _audio_data_worker writing audio data into queue.
2026-08-18 15:30:10.671 - RealTimeSTT: realtimestt - DEBUG - _audio_data_worker writing audio data into queue.
2026-08-18 15:30:11.695 - RealTimeSTT: realtimestt - DEBUG - _audio_data_worker writing audio data into queue.
2026-08-18 15:30:12.719 - RealTimeSTT: realtimestt - DEBUG - _audio_data_worker writing audio data into queue.
2026-08-18 15:30:13.743 - RealTimeSTT: realtimestt - DEBUG - _audio_data_worker writing audio data into queue.
2026-08-18 15:30:14.767 - RealTimeSTT: realtimestt - DEBUG - _audio_data_worker writing audio data into queue.
2026-08-18 15:30:15.791 - RealTimeSTT: realtimestt - DEBUG - _audio_data_worker writing audio data into queue.
2026-08-18 15:30:16.815 - RealTimeSTT: realtimestt - DEBUG - _audio_data_worker writing audio data into queue.
2026-08-18 15:30:17.839 - RealTimeSTT: realtimestt - DEBUG - _audio_data_worker writing audio data into queue.
2026-08-18 15:30:18.863 - RealTimeSTT: realtimestt - DEBUG - _audio_data_worker writing audio data into queue.
2026-08-18 15:30:19.887 - RealTimeSTT: realtimestt - DEBUG - _audio_data_worker writing audio data into queue.
2026-08-18 15:30:20.911 - RealTimeSTT: realtimestt - DEBUG - _audio_data_worker writing audio data into queue.
2026-08-18 15:30:21.935 - RealTimeSTT: realtimestt - DEBUG - _audio_data_worker writing audio data into queue.
2026-08-18 15:30:22.959 - RealTimeSTT: realtimestt - DEBUG - _audio_data_worker writing audio data into queue.
2026-08-18 15:30:23.983 - RealTimeSTT: realtimestt - DEBUG - _audio_data_worker writing audio data into queue.
2026-08-18 15:30:25.007 - RealTimeSTT: realtimestt - DEBUG - _audio_data_worker writing audio data into queue.
2026-08-18 15:30:26.031 - RealTimeSTT: realtimestt - DEBUG - _audio_data_worker writing audio data into queue.
2026-08-18 15:30:27.055 - RealTimeSTT: realtimestt - DEBUG - _audio_data_worker writing audio data into queue.
2026-08-18 15:30:28.079 - RealTimeSTT: realtimestt - DEBUG - _audio_data_worker writing audio data into queue.
2026-08-18 15:30:29.103 - RealTimeSTT: realtimestt - DEBUG - _audio_data_worker writing audio data into queue.
2026-08-18 15:30:30.128 - RealTimeSTT: realtimestt - DEBUG - _audio_data_worker writing audio data into queue.
2026-08-18 15:30:31.151 - RealTimeSTT: realtimestt - DEBUG - _audio_data_worker writing audio data into queue.
2026-08-18 15:30:32.175 - RealTimeSTT: realtimestt - DEBUG - _audio_data_worker writing audio data into queue.
2026-08-18 15:30:33.199 - RealTimeSTT: realtimestt - DEBUG - _audio_data_worker writing audio data into queue.
2026-08-18 15:30:34.223 - RealTimeSTT: realtimestt - DEBUG - _audio_data_worker writing audio data into queue.
2026-08-18 15:30:35.247 - RealTimeSTT: realtimestt - DEBUG - _audio_data_worker writing audio data into queue.
2026-08-18 15:30:36.271 - RealTimeSTT: realtimestt - DEBUG - _audio_data_worker writing audio data into queue.
2026-08-18 15:30:37.295 - RealTimeSTT: realtimestt - DEBUG - _audio_data_worker writing audio data into queue.
2026-08-18 15:30:38.319 - RealTimeSTT: realtimestt - DEBUG - _audio_data_worker writing audio data into queue.
2026-08-18 15:30:39.343 - RealTimeSTT: realtimestt - DEBUG - _audio_data_worker writing audio data into queue.
2026-08-18 15:30:40.367 - RealTimeSTT: realtimestt - DEBUG - _audio_data_worker writing audio data into queue.
2026-08-18 15:30:41.391 - RealTimeSTT: realtimestt - DEBUG - _audio_data_worker writing audio data into queue.
2026-08-18 15:30:42.415 - RealTimeSTT: realtimestt - DEBUG - _audio_data_worker writing audio data into queue.
2026-08-18 15:30:43.439 - RealTimeSTT: realtimestt - DEBUG - _audio_data_worker writing audio data into queue.
2026-08-18 15:30:44.463 - RealTimeSTT: realtimestt - DEBUG - _audio_data_worker writing audio data into queue.
2026-08-18 15:30:45.487 - RealTimeSTT: realtimestt - DEBUG - _audio_data_worker writing audio data into queue.
2026-08-18 15:30:46.511 - RealTimeSTT: realtimestt - DEBUG - _audio_data_worker writing audio data into queue.
2026-08-18 15:30:47.535 - RealTimeSTT: realtimestt - DEBUG - _audio_data_worker writing audio data into queue.
2026-08-18 15:30:48.559 - RealTimeSTT: realtimestt - DEBUG - _audio_data_worker writing audio data into queue.
2026-08-18 15:30:49.583 - RealTimeSTT: realtimestt - DEBUG - _audio_data_worker writing audio data into queue.
2026-08-18 15:30:50.607 - RealTimeSTT: realtimestt - DEBUG - _audio_data_worker writing audio data into queue.
2026-08-18 15:30:51.631 - RealTimeSTT: realtimestt - DEBUG - _audio_data_worker writing audio data into queue.
2026-08-18 15:30:52.655 - RealTimeSTT: realtimestt - DEBUG - _audio_data_worker writing audio data into queue.
2026-08-18 15:30:53.679 - RealTimeSTT: realtimestt - DEBUG - _audio_data_worker writing audio data into queue.
2026-08-18 15:30:54.703 - RealTimeSTT: realtimestt - DEBUG - _audio_data_worker writing audio data into queue.
2026-08-18 15:30:55.727 - RealTimeSTT: realtimestt - DEBUG - _audio_data_worker writing audio data into queue.
2026-08-18 15:30:56.751 - RealTimeSTT: realtimestt - DEBUG - _audio_data_worker writing audio data into queue.
2026-08-18 15:30:57.775 - RealTimeSTT: realtimestt - DEBUG - _audio_data_worker writing audio data into queue.
2026-08-18 15:30:58.799 - RealTimeSTT: realtimestt - DEBUG - _audio_data_worker writing audio data into queue.
2026-08-18 15:30:59.823 - RealTimeSTT: realtimestt - DEBUG - _audio_data_worker writing audio data into queue.
2026-08-18 15:31:00.847 - RealTimeSTT: realtimestt - DEBUG - _audio_data_worker writing audio data into queue.
2026-08-18 15:31:01.871 - RealTimeSTT: realtimestt - DEBUG - _audio_data_worker writing audio data into queue.
2026-08-18 15:31:02.895 - RealTimeSTT: realtimestt - DEBUG - _audio_data_worker writing audio data into queue.
2026-08-18 15:31:03.919 - RealTimeSTT: realtimestt - DEBUG - _audio_data_worker writing audio data into queue.
2026-08-18 15:31:04.943 - RealTimeSTT: realtimestt - DEBUG - _audio_data_worker writing audio data into queue.
2026-08-18 15:31:05.967 - RealTimeSTT: realtimestt - DEBUG - _audio_data_worker writing audio data into queue.
2026-08-18 15:31:06.991 - RealTimeSTT: realtimestt - DEBUG - _audio_data_worker writing audio data into queue.
2026-08-18 15:31:08.015 - RealTimeSTT: realtimestt - DEBUG - _audio_data_worker writing audio data into queue.
2026-08-18 15:31:09.039 - RealTimeSTT: realtimestt - DEBUG - _audio_data_worker writing audio data into queue.
2026-08-18 15:31:10.063 - RealTimeSTT: realtimestt - DEBUG - _audio_data_worker writing audio data into queue.
2026-08-18 15:31:11.087 - RealTimeSTT: realtimestt - DEBUG - _audio_data_worker writing audio data into queue.
2026-08-18 15:31:12.111 - RealTimeSTT: realtimestt - DEBUG - _audio_data_worker writing audio data into queue.
2026-08-18 15:31:13.135 - RealTimeSTT: realtimestt - DEBUG - _audio_data_worker writing audio data into queue.
2026-08-18 15:31:14.159 - RealTimeSTT: realtimestt - DEBUG - _audio_data_worker writing audio data into queue.
2026-08-18 15:31:15.183 - RealTimeSTT: realtimestt - DEBUG - _audio_data_worker writing audio data into queue.
2026-08-18 15:31:16.207 - RealTimeSTT: realtimestt - DEBUG - _audio_data_worker writing audio data into queue.
2026-08-18 15:31:17.231 - RealTimeSTT: realtimestt - DEBUG - _audio_data_worker writing audio data into queue.
2026-08-18 15:31:18.255 - RealTimeSTT: realtimestt - DEBUG - _audio_data_worker writing audio data into queue.
2026-08-18 15:31:19.279 - RealTimeSTT: realtimestt - DEBUG - _audio_data_worker writing audio data into queue.
2026-08-18 15:31:20.303 - RealTimeSTT: realtimestt - DEBUG - _audio_data_worker writing audio data into queue.
2026-08-18 15:31:21.327 - RealTimeSTT: realtimestt - DEBUG - _audio_data_worker writing audio data into queue.
2026-08-18 15:31:22.351 - RealTimeSTT: realtimestt - DEBUG - _audio_data_worker writing audio data into queue.
2026-08-18 15:31:23.375 - RealTimeSTT: realtimestt - DEBUG - _audio_data_worker writing audio data into queue.
2026-08-18 15:31:24.399 - RealTimeSTT: realtimestt - DEBUG - _audio_data_worker writing audio data into queue.
2026-08-18 15:31:25.423 - RealTimeSTT: realtimestt - DEBUG - _audio_data_worker writing audio data into queue.
2026-08-18 15:31:26.447 - RealTimeSTT: realtimestt - DEBUG - _audio_data_worker writing audio data into queue.
2026-08-18 15:31:27.471 - RealTimeSTT: realtimestt - DEBUG - _audio_data_worker writing audio data into queue.
2026-08-18 15:31:28.495 - RealTimeSTT: realtimestt - DEBUG - _audio_data_worker writing audio data into queue.
2026-08-18 15:31:29.519 - RealTimeSTT: realtimestt - DEBUG - _audio_data_worker writing audio data into queue.
2026-08-18 15:31:30.543 - RealTimeSTT: realtimestt - DEBUG - _audio_data_worker writing audio data into queue.
2026-08-18 15:31:31.567 - RealTimeSTT: realtimestt - DEBUG - _audio_data_worker writing audio data into queue.
2026-08-18 15:31:32.591 - RealTimeSTT: realtimestt - DEBUG - _audio_data_worker writing audio data into queue.
2026-08-18 15:31:33.615 - RealTimeSTT: realtimestt - DEBUG - _audio_data_worker writing audio data into queue.
2026-08-18 15:31:34.639 - RealTimeSTT: realtimestt - DEBUG - _audio_data_worker writing audio data into queue.
2026-08-18 15:31:35.663 - RealTimeSTT: realtimestt - DEBUG - _audio_data_worker writing audio data into queue.
2026-08-18 15:31:36.687 - RealTimeSTT: realtimestt - DEBUG - _audio_data_worker writing audio data into queue.
2026-08-18 15:31:37.711 - RealTimeSTT: realtimestt - DEBUG - _audio_data_worker writing audio data into queue.
2026-08-18 15:31:38.735 - RealTimeSTT: realtimestt - DEBUG - _audio_data_worker writing audio data into queue.
2026-08-18 15:31:39.759 - RealTimeSTT: realtimestt - DEBUG - _audio_data_worker writing audio data into queue.
2026-08-18 15:31:40.783 - RealTimeSTT: realtimestt - DEBUG - _audio_data_worker writing audio data into queue.
2026-08-18 15:31:41.807 - RealTimeSTT: realtimestt - DEBUG - _audio_data_worker writing audio data into queue.
2026-08-18 15:31:42.831 - RealTimeSTT: realtimestt - DEBUG - _audio_data_worker writing audio data into queue.
2026-08-18 15:31:43.855 - RealTimeSTT: realtimestt - DEBUG - _audio_data_worker writing audio data into queue.
2026-08-18 15:31:44.879 - RealTimeSTT: realtimestt - DEBUG - _audio_data_worker writing audio data into queue.
2026-08-18 15:31:45.903 - RealTimeSTT: realtimestt - DEBUG - _audio_data_worker writing audio data into queue.
2026-08-18 15:31:46.927 - RealTimeSTT: realtimestt - DEBUG - _audio_data_worker writing audio data into queue.
2026-08-18 15:31:47.951 - RealTimeSTT: realtimestt - DEBUG - _audio_data_worker writing audio data into queue.
2026-08-18 15:31:48.975 - RealTimeSTT: realtimestt - DEBUG - _audio_data_worker writing audio data into queue.
2026-08-18 15:31:49.999 - RealTimeSTT: realtimestt - DEBUG - _audio_data_worker writing audio data into queue.
2026-08-18 15:31:51.023 - RealTimeSTT: realtimestt - DEBUG - _audio_data_worker writing audio data into queue.
2026-08-18 15:31:52.047 - RealTimeSTT: realtimestt - DEBUG - _audio_data_worker writing audio data into queue.
2026-08-18 15:31:53.071 - RealTimeSTT: realtimestt - DEBUG - _audio_data_worker writing audio data into queue.
2026-08-18 15:31:54.095 - RealTimeSTT: realtimestt - DEBUG - _audio_data_worker writing audio data into queue.
2026-08-18 15:31:55.119 - RealTimeSTT: realtimestt - DEBUG - _audio_data_worker writing audio data into queue.
2026-08-18 15:31:56.143 - RealTimeSTT: realtimestt - DEBUG - _audio_data_worker writing audio data into queue.
2026-08-18 15:31:57.167 - RealTimeSTT: realtimestt - DEBUG - _audio_data_worker writing audio data into queue.
2026-08-18 15:31:58.191 - RealTimeSTT: realtimestt - DEBUG - _audio_data_worker writing audio data into queue.
2026-08-18 15:31:59.215 - RealTimeSTT: realtimestt - DEBUG - _audio_data_worker writing audio data into queue.
2026-08-18 15:32:00.239 - RealTimeSTT: realtimestt - DEBUG - _audio_data_worker writing audio data into queue.
2026-08-18 15:32:01.263 - RealTimeSTT: realtimestt - DEBUG - _audio_data_worker writing audio data into queue.
2026-08-18 15:32:02.287 - RealTimeSTT: realtimestt - DEBUG - _audio_data_worker writing audio data into queue.
2026-08-18 15:32:03.311 - RealTimeSTT: realtimestt - DEBUG - _audio_data_worker writing audio data into queue.
2026-08-18 15:32:04.335 - RealTimeSTT: realtimestt - DEBUG - _audio_data_worker writing audio data into queue.
2026-08-18 15:32:05.359 - RealTimeSTT: realtimestt - DEBUG - _audio_data_worker writing audio data into queue.
2026-08-18 15:32:06.383 - RealTimeSTT: realtimestt - DEBUG - _audio_data_worker writing audio data into queue.
2026-08-18 15:32:07.407 - RealTimeSTT: realtimestt - DEBUG - _audio_data_worker writing audio data into queue.
2026-08-18 15:32:08.431 - RealTimeSTT: realtimestt - DEBUG - _audio_data_worker writing audio data into queue.
2026-08-18 15:32:09.455 - RealTimeSTT: realtimestt - DEBUG - _audio_data_worker writing audio data into queue.
2026-08-18 15:32:10.479 - RealTimeSTT: realtimestt - DEBUG - _audio_data_worker writing audio data into queue.
2026-08-18 15:32:11.503 - RealTimeSTT: realtimestt - DEBUG - _audio_data_worker writing audio data into queue.
2026-08-18 15:32:12.527 - RealTimeSTT: realtimestt - DEBUG - _audio_data_worker writing audio data into queue.
2026-08-18 15:32:13.551 - RealTimeSTT: realtimestt - DEBUG - _audio_data_worker writing audio data into queue.
2026-08-18 15:32:14.575 - RealTimeSTT: realtimestt - DEBUG - _audio_data_worker writing audio data into queue.
2026-08-18 15:32:15.599 - RealTimeSTT: realtimestt - DEBUG - _audio_data_worker writing audio data into queue.
2026-08-18 15:32:16.623 - RealTimeSTT: realtimestt - DEBUG - _audio_data_worker writing audio data into queue.
2026-08-18 15:32:17.647 - RealTimeSTT: realtimestt - DEBUG - _audio_data_worker writing audio data into queue.
2026-08-18 15:32:18.671 - RealTimeSTT: realtimestt - DEBUG - _audio_data_worker writing audio data into queue.
2026-08-18 15:32:19.695 - RealTimeSTT: realtimestt - DEBUG - _audio_data_worker writing audio data into queue.
2026-08-18 15:32:20.719 - RealTimeSTT: realtimestt - DEBUG - _audio_data_worker writing audio data into queue.
2026-08-18 15:32:21.743 - RealTimeSTT: realtimestt - DEBUG - _audio_data_worker writing audio data into queue.
2026-08-18 15:32:22.767 - RealTimeSTT: realtimestt - DEBUG - _audio_data_worker writing audio data into queue.
2026-08-18 15:32:23.791 - RealTimeSTT: realtimestt - DEBUG - _audio_data_worker writing audio data into queue.
2026-08-18 15:32:24.815 - RealTimeSTT: realtimestt - DEBUG - _audio_data_worker writing audio data into queue.
2026-08-18 15:32:25.839 - RealTimeSTT: realtimestt - DEBUG - _audio_data_worker writing audio data into queue.
2026-08-18 15:32:26.863 - RealTimeSTT: realtimestt - DEBUG - _audio_data_worker writing audio data into queue.
2026-08-18 15:32:27.887 - RealTimeSTT: realtimestt - DEBUG - _audio_data_worker writing audio data into queue.
2026-08-18 15:32:28.911 - RealTimeSTT: realtimestt - DEBUG - _audio_data_worker writing audio data into queue.
2026-08-18 15:32:29.935 - RealTimeSTT: realtimestt - DEBUG - _audio_data_worker writing audio data into queue.
2026-08-18 15:32:30.959 - RealTimeSTT: realtimestt - DEBUG - _audio_data_worker writing audio data into queue.
2026-08-18 15:32:31.983 - RealTimeSTT: realtimestt - DEBUG - _audio_data_worker writing audio data into queue.
2026-08-18 15:32:33.007 - RealTimeSTT: realtimestt - DEBUG - _audio_data_worker writing audio data into queue.
2026-08-18 15:32:34.031 - RealTimeSTT: realtimestt - DEBUG - _audio_data_worker writing audio data into queue.
2026-08-18 15:32:35.055 - RealTimeSTT: realtimestt - DEBUG - _audio_data_worker writing audio data into queue.
2026-08-18 15:32:36.079 - RealTimeSTT: realtimestt - DEBUG - _audio_data_worker writing audio data into queue.
2026-08-18 15:32:37.103 - RealTimeSTT: realtimestt - DEBUG - _audio_data_worker writing audio data into queue.
2026-08-18 15:32:38.127 - RealTimeSTT: realtimestt - DEBUG - _audio_data_worker writing audio data into queue.
2026-08-18 15:32:39.151 - RealTimeSTT: realtimestt - DEBUG - _audio_data_worker writing audio data into queue.
2026-08-18 15:32:40.175 - RealTimeSTT: realtimestt - DEBUG - _audio_data_worker writing audio data into queue.
2026-08-18 15:32:41.199 - RealTimeSTT: realtimestt - DEBUG - _audio_data_worker writing audio data into queue.
2026-08-18 15:32:42.223 - RealTimeSTT: realtimestt - DEBUG - _audio_data_worker writing audio data into queue.
2026-08-18 15:32:43.247 - RealTimeSTT: realtimestt - DEBUG - _audio_data_worker writing audio data into queue.
2026-08-18 15:32:44.270 - RealTimeSTT: realtimestt - DEBUG - _audio_data_worker writing audio data into queue.
2026-08-18 15:32:45.295 - RealTimeSTT: realtimestt - DEBUG - _audio_data_worker writing audio data into queue.
2026-08-18 15:32:46.319 - RealTimeSTT: realtimestt - DEBUG - _audio_data_worker writing audio data into queue.
2026-08-18 15:32:47.342 - RealTimeSTT: realtimestt - DEBUG - _audio_data_worker writing audio data into queue.
2026-08-18 15:32:48.367 - RealTimeSTT: realtimestt - DEBUG - _audio_data_worker writing audio data into queue.
2026-08-18 15:32:49.390 - RealTimeSTT: realtimestt - DEBUG - _audio_data_worker writing audio data into queue.
2026-08-18 15:32:50.415 - RealTimeSTT: realtimestt - DEBUG - _audio_data_worker writing audio data into queue.
2026-08-18 15:32:51.439 - RealTimeSTT: realtimestt - DEBUG - _audio_data_worker writing audio data into queue.
2026-08-18 15:32:52.462 - RealTimeSTT: realtimestt - DEBUG - _audio_data_worker writing audio data into queue.
2026-08-18 15:32:53.486 - RealTimeSTT: realtimestt - DEBUG - _audio_data_worker writing audio data into queue.
2026-08-18 15:32:54.511 - RealTimeSTT: realtimestt - DEBUG - _audio_data_worker writing audio data into queue.
2026-08-18 15:32:55.535 - RealTimeSTT: realtimestt - DEBUG - _audio_data_worker writing audio data into queue.
2026-08-18 15:32:56.559 - RealTimeSTT: realtimestt - DEBUG - _audio_data_worker writing audio data into queue.
2026-08-18 15:32:57.583 - RealTimeSTT: realtimestt - DEBUG - _audio_data_worker writing audio data into queue.
2026-08-18 15:32:58.607 - RealTimeSTT: realtimestt - DEBUG - _audio_data_worker writing audio data into queue.
2026-08-18 15:32:59.631 - RealTimeSTT: realtimestt - DEBUG - _audio_data_worker writing audio data into queue.
2026-08-18 15:33:00.655 - RealTimeSTT: realtimestt - DEBUG - _audio_data_worker writing audio data into queue.
2026-08-18 15:33:01.679 - RealTimeSTT: realtimestt - DEBUG - _audio_data_worker writing audio data into queue.
2026-08-18 15:33:02.702 - RealTimeSTT: realtimestt - DEBUG - _audio_data_worker writing audio data into queue.
2026-08-18 15:33:03.727 - RealTimeSTT: realtimestt - DEBUG - _audio_data_worker writing audio data into queue.
2026-08-18 15:33:04.750 - RealTimeSTT: realtimestt - DEBUG - _audio_data_worker writing audio data into queue.
2026-08-18 15:33:05.774 - RealTimeSTT: realtimestt - DEBUG - _audio_data_worker writing audio data into queue.
2026-08-18 15:33:06.798 - RealTimeSTT: realtimestt - DEBUG - _audio_data_worker writing audio data into queue.
2026-08-18 15:33:07.822 - RealTimeSTT: realtimestt - DEBUG - _audio_data_worker writing audio data into queue.
2026-08-18 15:33:08.847 - RealTimeSTT: realtimestt - DEBUG - _audio_data_worker writing audio data into queue.
2026-08-18 15:33:09.870 - RealTimeSTT: realtimestt - DEBUG - _audio_data_worker writing audio data into queue.
2026-08-18 15:33:10.894 - RealTimeSTT: realtimestt - DEBUG - _audio_data_worker writing audio data into queue.
2026-08-18 15:33:11.918 - RealTimeSTT: realtimestt - DEBUG - _audio_data_worker writing audio data into queue.
2026-08-18 15:33:12.942 - RealTimeSTT: realtimestt - DEBUG - _audio_data_worker writing audio data into queue.
2026-08-18 15:33:13.966 - RealTimeSTT: realtimestt - DEBUG - _audio_data_worker writing audio data into queue.
2026-08-18 15:33:14.990 - RealTimeSTT: realtimestt - DEBUG - _audio_data_worker writing audio data into queue.
2026-08-18 15:33:16.014 - RealTimeSTT: realtimestt - DEBUG - _audio_data_worker writing audio data into queue.
2026-08-18 15:33:17.038 - RealTimeSTT: realtimestt - DEBUG - _audio_data_worker writing audio data into queue.
2026-08-18 15:33:18.062 - RealTimeSTT: realtimestt - DEBUG - _audio_data_worker writing audio data into queue.
2026-08-18 15:33:19.086 - RealTimeSTT: realtimestt - DEBUG - _audio_data_worker writing audio data into queue.
2026-08-18 15:33:20.110 - RealTimeSTT: realtimestt - DEBUG - _audio_data_worker writing audio data into queue.
2026-08-18 15:33:21.134 - RealTimeSTT: realtimestt - DEBUG - _audio_data_worker writing audio data into queue.
2026-08-18 15:33:22.158 - RealTimeSTT: realtimestt - DEBUG - _audio_data_worker writing audio data into queue.
2026-08-18 15:33:23.182 - RealTimeSTT: realtimestt - DEBUG - _audio_data_worker writing audio data into queue.
2026-08-18 15:33:24.206 - RealTimeSTT: realtimestt - DEBUG - _audio_data_worker writing audio data into queue.
2026-08-18 15:33:25.230 - RealTimeSTT: realtimestt - DEBUG - _audio_data_worker writing audio data into queue.
2026-08-18 15:33:26.254 - RealTimeSTT: realtimestt - DEBUG - _audio_data_worker writing audio data into queue.
2026-08-18 15:33:27.278 - RealTimeSTT: realtimestt - DEBUG - _audio_data_worker writing audio data into queue.
2026-08-18 15:33:28.303 - RealTimeSTT: realtimestt - DEBUG - _audio_data_worker writing audio data into queue.
2026-08-18 15:33:29.326 - RealTimeSTT: realtimestt - DEBUG - _audio_data_worker writing audio data into queue.
2026-08-18 15:33:30.350 - RealTimeSTT: realtimestt - DEBUG - _audio_data_worker writing audio data into queue.
2026-08-18 15:33:31.374 - RealTimeSTT: realtimestt - DEBUG - _audio_data_worker writing audio data into queue.
2026-08-18 15:33:32.398 - RealTimeSTT: realtimestt - DEBUG - _audio_data_worker writing audio data into queue.
2026-08-18 15:33:33.422 - RealTimeSTT: realtimestt - DEBUG - _audio_data_worker writing audio data into queue.
2026-08-18 15:33:34.446 - RealTimeSTT: realtimestt - DEBUG - _audio_data_worker writing audio data into queue.
2026-08-18 15:33:35.470 - RealTimeSTT: realtimestt - DEBUG - _audio_data_worker writing audio data into queue.
2026-08-18 15:33:36.494 - RealTimeSTT: realtimestt - DEBUG - _audio_data_worker writing audio data into queue.
2026-08-18 15:33:37.518 - RealTimeSTT: realtimestt - DEBUG - _audio_data_worker writing audio data into queue.
2026-08-18 15:33:38.542 - RealTimeSTT: realtimestt - DEBUG - _audio_data_worker writing audio data into queue.
2026-08-18 15:33:39.566 - RealTimeSTT: realtimestt - DEBUG - _audio_data_worker writing audio data into queue.
2026-08-18 15:33:40.590 - RealTimeSTT: realtimestt - DEBUG - _audio_data_worker writing audio data into queue.
2026-08-18 15:33:41.614 - RealTimeSTT: realtimestt - DEBUG - _audio_data_worker writing audio data into queue.
2026-08-18 15:33:42.638 - RealTimeSTT: realtimestt - DEBUG - _audio_data_worker writing audio data into queue.
2026-08-18 15:33:43.662 - RealTimeSTT: realtimestt - DEBUG - _audio_data_worker writing audio data into queue.
2026-08-18 15:33:44.686 - RealTimeSTT: realtimestt - DEBUG - _audio_data_worker writing audio data into queue.
2026-08-18 15:33:45.710 - RealTimeSTT: realtimestt - DEBUG - _audio_data_worker writing audio data into queue.
2026-08-18 15:33:46.734 - RealTimeSTT: realtimestt - DEBUG - _audio_data_worker writing audio data into queue.
2026-08-18 15:33:47.758 - RealTimeSTT: realtimestt - DEBUG - _audio_data_worker writing audio data into queue.
2026-08-18 15:33:48.782 - RealTimeSTT: realtimestt - DEBUG - _audio_data_worker writing audio data into queue.
2026-08-18 15:33:49.806 - RealTimeSTT: realtimestt - DEBUG - _audio_data_worker writing audio data into queue.
2026-08-18 15:33:50.830 - RealTimeSTT: realtimestt - DEBUG - _audio_data_worker writing audio data into queue.
2026-08-18 15:33:51.854 - RealTimeSTT: realtimestt - DEBUG - _audio_data_worker writing audio data into queue.
2026-08-18 15:33:52.878 - RealTimeSTT: realtimestt - DEBUG - _audio_data_worker writing audio data into queue.
2026-08-18 15:33:53.902 - RealTimeSTT: realtimestt - DEBUG - _audio_data_worker writing audio data into queue.
2026-08-18 15:33:54.926 - RealTimeSTT: realtimestt - DEBUG - _audio_data_worker writing audio data into queue.
2026-08-18 15:33:55.950 - RealTimeSTT: realtimestt - DEBUG - _audio_data_worker writing audio data into queue.
2026-08-18 15:33:56.974 - RealTimeSTT: realtimestt - DEBUG - _audio_data_worker writing audio data into queue.
2026-08-18 15:33:57.998 - RealTimeSTT: realtimestt - DEBUG - _audio_data_worker writing audio data into queue.
2026-08-18 15:33:59.022 - RealTimeSTT: realtimestt - DEBUG - _audio_data_worker writing audio data into queue.
2026-08-18 15:34:00.046 - RealTimeSTT: realtimestt - DEBUG - _audio_data_worker writing audio data into queue.
2026-08-18 15:34:01.070 - RealTimeSTT: realtimestt - DEBUG - _audio_data_worker writing audio data into queue.
2026-08-18 15:34:02.094 - RealTimeSTT: realtimestt - DEBUG - _audio_data_worker writing audio data into queue.
2026-08-18 15:34:03.118 - RealTimeSTT: realtimestt - DEBUG - _audio_data_worker writing audio data into queue.
2026-08-18 15:34:04.142 - RealTimeSTT: realtimestt - DEBUG - _audio_data_worker writing audio data into queue.
2026-08-18 15:34:05.166 - RealTimeSTT: realtimestt - DEBUG - _audio_data_worker writing audio data into queue.
2026-08-18 15:34:06.190 - RealTimeSTT: realtimestt - DEBUG - _audio_data_worker writing audio data into queue.
2026-08-18 15:34:07.214 - RealTimeSTT: realtimestt - DEBUG - _audio_data_worker writing audio data into queue.
2026-08-18 15:34:08.238 - RealTimeSTT: realtimestt - DEBUG - _audio_data_worker writing audio data into queue.
2026-08-18 15:34:09.262 - RealTimeSTT: realtimestt - DEBUG - _audio_data_worker writing audio data into queue.
2026-08-18 15:34:10.286 - RealTimeSTT: realtimestt - DEBUG - _audio_data_worker writing audio data into queue.
2026-08-18 15:34:11.310 - RealTimeSTT: realtimestt - DEBUG - _audio_data_worker writing audio data into queue.
2026-08-18 15:34:12.334 - RealTimeSTT: realtimestt - DEBUG - _audio_data_worker writing audio data into queue.
2026-08-18 15:34:13.358 - RealTimeSTT: realtimestt - DEBUG - _audio_data_worker writing audio data into queue.
2026-08-18 15:34:14.382 - RealTimeSTT: realtimestt - DEBUG - _audio_data_worker writing audio data into queue.
2026-08-18 15:34:15.406 - RealTimeSTT: realtimestt - DEBUG - _audio_data_worker writing audio data into queue.
2026-08-18 15:34:16.430 - RealTimeSTT: realtimestt - DEBUG - _audio_data_worker writing audio data into queue.
2026-08-18 15:34:17.454 - RealTimeSTT: realtimestt - DEBUG - _audio_data_worker writing audio data into queue.
2026-08-18 15:34:18.478 - RealTimeSTT: realtimestt - DEBUG - _audio_data_worker writing audio data into queue.
2026-08-18 15:34:19.502 - RealTimeSTT: realtimestt - DEBUG - _audio_data_worker writing audio data into queue.
2026-08-18 15:34:20.526 - RealTimeSTT: realtimestt - DEBUG - _audio_data_worker writing audio data into queue.
2026-08-18 15:34:21.550 - RealTimeSTT: realtimestt - DEBUG - _audio_data_worker writing audio data into queue.
2026-08-18 15:34:22.574 - RealTimeSTT: realtimestt - DEBUG - _audio_data_worker writing audio data into queue.
2026-08-18 15:34:23.598 - RealTimeSTT: realtimestt - DEBUG - _audio_data_worker writing audio data into queue.
2026-08-18 15:34:24.622 - RealTimeSTT: realtimestt - DEBUG - _audio_data_worker writing audio data into queue.
2026-08-18 15:34:25.646 - RealTimeSTT: realtimestt - DEBUG - _audio_data_worker writing audio data into queue.
2026-08-18 15:34:26.670 - RealTimeSTT: realtimestt - DEBUG - _audio_data_worker writing audio data into queue.
2026-08-18 15:34:27.694 - RealTimeSTT: realtimestt - DEBUG - _audio_data_worker writing audio data into queue.
2026-08-18 15:34:28.718 - RealTimeSTT: realtimestt - DEBUG - _audio_data_worker writing audio data into queue.
2026-08-18 15:34:29.742 - RealTimeSTT: realtimestt - DEBUG - _audio_data_worker writing audio data into queue.
2026-08-18 15:34:30.766 - RealTimeSTT: realtimestt - DEBUG - _audio_data_worker writing audio data into queue.
2026-08-18 15:34:31.790 - RealTimeSTT: realtimestt - DEBUG - _audio_data_worker writing audio data into queue.
2026-08-18 15:34:32.814 - RealTimeSTT: realtimestt - DEBUG - _audio_data_worker writing audio data into queue.
2026-08-18 15:34:33.838 - RealTimeSTT: realtimestt - DEBUG - _audio_data_worker writing audio data into queue.
2026-08-18 15:34:34.862 - RealTimeSTT: realtimestt - DEBUG - _audio_data_worker writing audio data into queue.
2026-08-18 15:34:35.886 - RealTimeSTT: realtimestt - DEBUG - _audio_data_worker writing audio data into queue.
2026-08-18 15:34:36.910 - RealTimeSTT: realtimestt - DEBUG - _audio_data_worker writing audio data into queue.
2026-08-18 15:34:37.934 - RealTimeSTT: realtimestt - DEBUG - _audio_data_worker writing audio data into queue.
2026-08-18 15:34:38.958 - RealTimeSTT: realtimestt - DEBUG - _audio_data_worker writing audio data into queue.
2026-08-18 15:34:39.982 - RealTimeSTT: realtimestt - DEBUG - _audio_data_worker writing audio data into queue.
2026-08-18 15:34:41.006 - RealTimeSTT: realtimestt - DEBUG - _audio_data_worker writing audio data into queue.
2026-08-18 15:34:42.030 - RealTimeSTT: realtimestt - DEBUG - _audio_data_worker writing audio data into queue.
2026-08-18 15:34:43.054 - RealTimeSTT: realtimestt - DEBUG - _audio_data_worker writing audio data into queue.
2026-08-18 15:34:44.078 - RealTimeSTT: realtimestt - DEBUG - _audio_data_worker writing audio data into queue.
2026-08-18 15:34:45.102 - RealTimeSTT: realtimestt - DEBUG - _audio_data_worker writing audio data into queue.
2026-08-18 15:34:46.126 - RealTimeSTT: realtimestt - DEBUG - _audio_data_worker writing audio data into queue.
2026-08-18 15:34:47.150 - RealTimeSTT: realtimestt - DEBUG - _audio_data_worker writing audio data into queue.
2026-08-18 15:34:48.174 - RealTimeSTT: realtimestt - DEBUG - _audio_data_worker writing audio data into queue.
2026-08-18 15:34:49.198 - RealTimeSTT: realtimestt - DEBUG - _audio_data_worker writing audio data into queue.
2026-08-18 15:34:50.222 - RealTimeSTT: realtimestt - DEBUG - _audio_data_worker writing audio data into queue.
2026-08-18 15:34:51.246 - RealTimeSTT: realtimestt - DEBUG - _audio_data_worker writing audio data into queue.
2026-08-18 15:34:52.270 - RealTimeSTT: realtimestt - DEBUG - _audio_data_worker writing audio data into queue.
2026-08-18 15:34:53.294 - RealTimeSTT: realtimestt - DEBUG - _audio_data_worker writing audio data into queue.
2026-08-18 15:34:54.318 - RealTimeSTT: realtimestt - DEBUG - _audio_data_worker writing audio data into queue.
2026-08-18 15:34:55.342 - RealTimeSTT: realtimestt - DEBUG - _audio_data_worker writing audio data into queue.
2026-08-18 15:34:56.366 - RealTimeSTT: realtimestt - DEBUG - _audio_data_worker writing audio data into queue.
2026-08-18 15:34:57.390 - RealTimeSTT: realtimestt - DEBUG - _audio_data_worker writing audio data into queue.
2026-08-18 15:34:58.414 - RealTimeSTT: realtimestt - DEBUG - _audio_data_worker writing audio data into queue.
2026-08-18 15:34:59.438 - RealTimeSTT: realtimestt - DEBUG - _audio_data_worker writing audio data into queue.
2026-08-18 15:35:00.462 - RealTimeSTT: realtimestt - DEBUG - _audio_data_worker writing audio data into queue.
2026-08-18 15:35:01.486 - RealTimeSTT: realtimestt - DEBUG - _audio_data_worker writing audio data into queue.
2026-08-18 15:35:02.510 - RealTimeSTT: realtimestt - DEBUG - _audio_data_worker writing audio data into queue.
2026-08-18 15:35:03.534 - RealTimeSTT: realtimestt - DEBUG - _audio_data_worker writing audio data into queue.
2026-08-18 15:35:04.558 - RealTimeSTT: realtimestt - DEBUG - _audio_data_worker writing audio data into queue.
2026-08-18 15:35:05.582 - RealTimeSTT: realtimestt - DEBUG - _audio_data_worker writing audio data into queue.
2026-08-18 15:35:06.606 - RealTimeSTT: realtimestt - DEBUG - _audio_data_worker writing audio data into queue.
2026-08-18 15:35:07.630 - RealTimeSTT: realtimestt - DEBUG - _audio_data_worker writing audio data into queue.
2026-08-18 15:35:08.654 - RealTimeSTT: realtimestt - DEBUG - _audio_data_worker writing audio data into queue.
2026-08-18 15:35:09.678 - RealTimeSTT: realtimestt - DEBUG - _audio_data_worker writing audio data into queue.
2026-08-18 15:35:10.702 - RealTimeSTT: realtimestt - DEBUG - _audio_data_worker writing audio data into queue.
2026-08-18 15:35:11.726 - RealTimeSTT: realtimestt - DEBUG - _audio_data_worker writing audio data into queue.
2026-08-18 15:35:12.750 - RealTimeSTT: realtimestt - DEBUG - _audio_data_worker writing audio data into queue.
2026-08-18 15:35:13.774 - RealTimeSTT: realtimestt - DEBUG - _audio_data_worker writing audio data into queue.
2026-08-18 15:35:14.798 - RealTimeSTT: realtimestt - DEBUG - _audio_data_worker writing audio data into queue.
2026-08-18 15:35:15.822 - RealTimeSTT: realtimestt - DEBUG - _audio_data_worker writing audio data into queue.
2026-08-18 15:35:16.846 - RealTimeSTT: realtimestt - DEBUG - _audio_data_worker writing audio data into queue.
2026-08-18 15:35:17.870 - RealTimeSTT: realtimestt - DEBUG - _audio_data_worker writing audio data into queue.
2026-08-18 15:35:18.894 - RealTimeSTT: realtimestt - DEBUG - _audio_data_worker writing audio data into queue.
2026-08-18 15:35:19.918 - RealTimeSTT: realtimestt - DEBUG - _audio_data_worker writing audio data into queue.
2026-08-18 15:35:20.942 - RealTimeSTT: realtimestt - DEBUG - _audio_data_worker writing audio data into queue.
2026-08-18 15:35:21.966 - RealTimeSTT: realtimestt - DEBUG - _audio_data_worker writing audio data into queue.
2026-08-18 15:35:22.990 - RealTimeSTT: realtimestt - DEBUG - _audio_data_worker writing audio data into queue.
2026-08-18 15:35:24.014 - RealTimeSTT: realtimestt - DEBUG - _audio_data_worker writing audio data into queue.
2026-08-18 15:35:25.038 - RealTimeSTT: realtimestt - DEBUG - _audio_data_worker writing audio data into queue.
2026-08-18 15:35:26.062 - RealTimeSTT: realtimestt - DEBUG - _audio_data_worker writing audio data into queue.
2026-08-18 15:35:27.086 - RealTimeSTT: realtimestt - DEBUG - _audio_data_worker writing audio data into queue.
2026-08-18 15:35:28.110 - RealTimeSTT: realtimestt - DEBUG - _audio_data_worker writing audio data into queue.
2026-08-18 15:35:29.134 - RealTimeSTT: realtimestt - DEBUG - _audio_data_worker writing audio data into queue.
2026-08-18 15:35:30.158 - RealTimeSTT: realtimestt - DEBUG - _audio_data_worker writing audio data into queue.
2026-08-18 15:35:31.182 - RealTimeSTT: realtimestt - DEBUG - _audio_data_worker writing audio data into queue.
2026-08-18 15:35:32.206 - RealTimeSTT: realtimestt - DEBUG - _audio_data_worker writing audio data into queue.
2026-08-18 15:35:33.230 - RealTimeSTT: realtimestt - DEBUG - _audio_data_worker writing audio data into queue.
2026-08-18 15:35:34.254 - RealTimeSTT: realtimestt - DEBUG - _audio_data_worker writing audio data into queue.
2026-08-18 15:35:35.278 - RealTimeSTT: realtimestt - DEBUG - _audio_data_worker writing audio data into queue.
2026-08-18 15:35:36.302 - RealTimeSTT: realtimestt - DEBUG - _audio_data_worker writing audio data into queue.
2026-08-18 15:35:37.326 - RealTimeSTT: realtimestt - DEBUG - _audio_data_worker writing audio data into queue.
2026-08-18 15:35:38.350 - RealTimeSTT: realtimestt - DEBUG - _audio_data_worker writing audio data into queue.
2026-08-18 15:35:39.374 - RealTimeSTT: realtimestt - DEBUG - _audio_data_worker writing audio data into queue.
2026-08-18 15:35:40.398 - RealTimeSTT: realtimestt - DEBUG - _audio_data_worker writing audio data into queue.
2026-08-18 15:35:41.422 - RealTimeSTT: realtimestt - DEBUG - _audio_data_worker writing audio data into queue.
2026-08-18 15:35:42.446 - RealTimeSTT: realtimestt - DEBUG - _audio_data_worker writing audio data into queue.
2026-08-18 15:35:43.470 - RealTimeSTT: realtimestt - DEBUG - _audio_data_worker writing audio data into queue.
2026-08-18 15:35:44.494 - RealTimeSTT: realtimestt - DEBUG - _audio_data_worker writing audio data into queue.
2026-08-18 15:35:45.518 - RealTimeSTT: realtimestt - DEBUG - _audio_data_worker writing audio data into queue.
2026-08-18 15:35:46.542 - RealTimeSTT: realtimestt - DEBUG - _audio_data_worker writing audio data into queue.
2026-08-18 15:35:47.566 - RealTimeSTT: realtimestt - DEBUG - _audio_data_worker writing audio data into queue.
2026-08-18 15:35:48.590 - RealTimeSTT: realtimestt - DEBUG - _audio_data_worker writing audio data into queue.
2026-08-18 15:35:49.614 - RealTimeSTT: realtimestt - DEBUG - _audio_data_worker writing audio data into queue.
2026-08-18 15:35:50.638 - RealTimeSTT: realtimestt - DEBUG - _audio_data_worker writing audio data into queue.
2026-08-18 15:35:51.662 - RealTimeSTT: realtimestt - DEBUG - _audio_data_worker writing audio data into queue.
2026-08-18 15:35:52.686 - RealTimeSTT: realtimestt - DEBUG - _audio_data_worker writing audio data into queue.
2026-08-18 15:35:53.710 - RealTimeSTT: realtimestt - DEBUG - _audio_data_worker writing audio data into queue.
2026-08-18 15:35:54.734 - RealTimeSTT: realtimestt - DEBUG - _audio_data_worker writing audio data into queue.
2026-08-18 15:35:55.758 - RealTimeSTT: realtimestt - DEBUG - _audio_data_worker writing audio data into queue.
2026-08-18 15:35:56.782 - RealTimeSTT: realtimestt - DEBUG - _audio_data_worker writing audio data into queue.
2026-08-18 15:35:57.806 - RealTimeSTT: realtimestt - DEBUG - _audio_data_worker writing audio data into queue.
2026-08-18 15:35:58.830 - RealTimeSTT: realtimestt - DEBUG - _audio_data_worker writing audio data into queue.
2026-08-18 15:35:59.854 - RealTimeSTT: realtimestt - DEBUG - _audio_data_worker writing audio data into queue.
2026-08-18 15:36:00.878 - RealTimeSTT: realtimestt - DEBUG - _audio_data_worker writing audio data into queue.
2026-08-18 15:36:01.902 - RealTimeSTT: realtimestt - DEBUG - _audio_data_worker writing audio data into queue.
2026-08-18 15:36:02.926 - RealTimeSTT: realtimestt - DEBUG - _audio_data_worker writing audio data into queue.
2026-08-18 15:36:03.950 - RealTimeSTT: realtimestt - DEBUG - _audio_data_worker writing audio data into queue.
2026-08-18 15:36:04.974 - RealTimeSTT: realtimestt - DEBUG - _audio_data_worker writing audio data into queue.
2026-08-18 15:36:05.998 - RealTimeSTT: realtimestt - DEBUG - _audio_data_worker writing audio data into queue.
2026-08-18 15:36:07.022 - RealTimeSTT: realtimestt - DEBUG - _audio_data_worker writing audio data into queue.
2026-08-18 15:36:08.046 - RealTimeSTT: realtimestt - DEBUG - _audio_data_worker writing audio data into queue.
2026-08-18 15:36:09.070 - RealTimeSTT: realtimestt - DEBUG - _audio_data_worker writing audio data into queue.
2026-08-18 15:36:10.094 - RealTimeSTT: realtimestt - DEBUG - _audio_data_worker writing audio data into queue.
2026-08-18 15:36:11.118 - RealTimeSTT: realtimestt - DEBUG - _audio_data_worker writing audio data into queue.
2026-08-18 15:36:12.142 - RealTimeSTT: realtimestt - DEBUG - _audio_data_worker writing audio data into queue.
2026-08-18 15:36:13.166 - RealTimeSTT: realtimestt - DEBUG - _audio_data_worker writing audio data into queue.
2026-08-18 15:36:14.190 - RealTimeSTT: realtimestt - DEBUG - _audio_data_worker writing audio data into queue.
2026-08-18 15:36:15.214 - RealTimeSTT: realtimestt - DEBUG - _audio_data_worker writing audio data into queue.
2026-08-18 15:36:16.238 - RealTimeSTT: realtimestt - DEBUG - _audio_data_worker writing audio data into queue.
2026-08-18 15:36:17.263 - RealTimeSTT: realtimestt - DEBUG - _audio_data_worker writing audio data into queue.
2026-08-18 15:36:18.286 - RealTimeSTT: realtimestt - DEBUG - _audio_data_worker writing audio data into queue.
2026-08-18 15:36:19.310 - RealTimeSTT: realtimestt - DEBUG - _audio_data_worker writing audio data into queue.
2026-08-18 15:36:20.334 - RealTimeSTT: realtimestt - DEBUG - _audio_data_worker writing audio data into queue.
2026-08-18 15:36:21.358 - RealTimeSTT: realtimestt - DEBUG - _audio_data_worker writing audio data into queue.
2026-08-18 15:36:22.382 - RealTimeSTT: realtimestt - DEBUG - _audio_data_worker writing audio data into queue.
2026-08-18 15:36:23.406 - RealTimeSTT: realtimestt - DEBUG - _audio_data_worker writing audio data into queue.
2026-08-18 15:36:24.430 - RealTimeSTT: realtimestt - DEBUG - _audio_data_worker writing audio data into queue.
2026-08-18 15:36:25.454 - RealTimeSTT: realtimestt - DEBUG - _audio_data_worker writing audio data into queue.
2026-08-18 15:36:26.478 - RealTimeSTT: realtimestt - DEBUG - _audio_data_worker writing audio data into queue.
2026-08-18 15:36:27.503 - RealTimeSTT: realtimestt - DEBUG - _audio_data_worker writing audio data into queue.
2026-08-18 15:36:28.527 - RealTimeSTT: realtimestt - DEBUG - _audio_data_worker writing audio data into queue.
2026-08-18 15:36:29.551 - RealTimeSTT: realtimestt - DEBUG - _audio_data_worker writing audio data into queue.
2026-08-18 15:36:30.574 - RealTimeSTT: realtimestt - DEBUG - _audio_data_worker writing audio data into queue.
2026-08-18 15:36:31.599 - RealTimeSTT: realtimestt - DEBUG - _audio_data_worker writing audio data into queue.
2026-08-18 15:36:32.622 - RealTimeSTT: realtimestt - DEBUG - _audio_data_worker writing audio data into queue.
2026-08-18 15:36:33.646 - RealTimeSTT: realtimestt - DEBUG - _audio_data_worker writing audio data into queue.
2026-08-18 15:36:34.670 - RealTimeSTT: realtimestt - DEBUG - _audio_data_worker writing audio data into queue.
2026-08-18 15:36:35.695 - RealTimeSTT: realtimestt - DEBUG - _audio_data_worker writing audio data into queue.
2026-08-18 15:36:36.718 - RealTimeSTT: realtimestt - DEBUG - _audio_data_worker writing audio data into queue.
2026-08-18 15:36:37.742 - RealTimeSTT: realtimestt - DEBUG - _audio_data_worker writing audio data into queue.
2026-08-18 15:36:38.766 - RealTimeSTT: realtimestt - DEBUG - _audio_data_worker writing audio data into queue.
2026-08-18 15:36:39.790 - RealTimeSTT: realtimestt - DEBUG - _audio_data_worker writing audio data into queue.
2026-08-18 15:36:40.814 - RealTimeSTT: realtimestt - DEBUG - _audio_data_worker writing audio data into queue.
2026-08-18 15:36:41.838 - RealTimeSTT: realtimestt - DEBUG - _audio_data_worker writing audio data into queue.
2026-08-18 15:36:42.862 - RealTimeSTT: realtimestt - DEBUG - _audio_data_worker writing audio data into queue.
2026-08-18 15:36:43.886 - RealTimeSTT: realtimestt - DEBUG - _audio_data_worker writing audio data into queue.
2026-08-18 15:36:44.910 - RealTimeSTT: realtimestt - DEBUG - _audio_data_worker writing audio data into queue.
2026-08-18 15:36:45.934 - RealTimeSTT: realtimestt - DEBUG - _audio_data_worker writing audio data into queue.
2026-08-18 15:36:46.958 - RealTimeSTT: realtimestt - DEBUG - _audio_data_worker writing audio data into queue.
2026-08-18 15:36:47.982 - RealTimeSTT: realtimestt - DEBUG - _audio_data_worker writing audio data into queue.
2026-08-18 15:36:49.006 - RealTimeSTT: realtimestt - DEBUG - _audio_data_worker writing audio data into queue.
2026-08-18 15:36:50.030 - RealTimeSTT: realtimestt - DEBUG - _audio_data_worker writing audio data into queue.
2026-08-18 15:36:51.054 - RealTimeSTT: realtimestt - DEBUG - _audio_data_worker writing audio data into queue.
2026-08-18 15:36:52.078 - RealTimeSTT: realtimestt - DEBUG - _audio_data_worker writing audio data into queue.
2026-08-18 15:36:53.102 - RealTimeSTT: realtimestt - DEBUG - _audio_data_worker writing audio data into queue.
2026-08-18 15:36:54.126 - RealTimeSTT: realtimestt - DEBUG - _audio_data_worker writing audio data into queue.
2026-08-18 15:36:55.150 - RealTimeSTT: realtimestt - DEBUG - _audio_data_worker writing audio data into queue.
2026-08-18 15:36:56.174 - RealTimeSTT: realtimestt - DEBUG - _audio_data_worker writing audio data into queue.
2026-08-18 15:36:57.199 - RealTimeSTT: realtimestt - DEBUG - _audio_data_worker writing audio data into queue.
2026-08-18 15:36:58.222 - RealTimeSTT: realtimestt - DEBUG - _audio_data_worker writing audio data into queue.
2026-08-18 15:36:59.247 - RealTimeSTT: realtimestt - DEBUG - _audio_data_worker writing audio data into queue.
2026-08-18 15:37:00.270 - RealTimeSTT: realtimestt - DEBUG - _audio_data_worker writing audio data into queue.
2026-08-18 15:37:01.294 - RealTimeSTT: realtimestt - DEBUG - _audio_data_worker writing audio data into queue.
2026-08-18 15:37:02.319 - RealTimeSTT: realtimestt - DEBUG - _audio_data_worker writing audio data into queue.
2026-08-18 15:37:03.342 - RealTimeSTT: realtimestt - DEBUG - _audio_data_worker writing audio data into queue.
2026-08-18 15:37:04.367 - RealTimeSTT: realtimestt - DEBUG - _audio_data_worker writing audio data into queue.
2026-08-18 15:37:05.390 - RealTimeSTT: realtimestt - DEBUG - _audio_data_worker writing audio data into queue.
2026-08-18 15:37:06.415 - RealTimeSTT: realtimestt - DEBUG - _audio_data_worker writing audio data into queue.
2026-08-18 15:37:07.438 - RealTimeSTT: realtimestt - DEBUG - _audio_data_worker writing audio data into queue.
2026-08-18 15:37:08.463 - RealTimeSTT: realtimestt - DEBUG - _audio_data_worker writing audio data into queue.
2026-08-18 15:37:09.486 - RealTimeSTT: realtimestt - DEBUG - _audio_data_worker writing audio data into queue.
2026-08-18 15:37:10.510 - RealTimeSTT: realtimestt - DEBUG - _audio_data_worker writing audio data into queue.
2026-08-18 15:37:11.535 - RealTimeSTT: realtimestt - DEBUG - _audio_data_worker writing audio data into queue.
2026-08-18 15:37:12.558 - RealTimeSTT: realtimestt - DEBUG - _audio_data_worker writing audio data into queue.
2026-08-18 15:37:13.583 - RealTimeSTT: realtimestt - DEBUG - _audio_data_worker writing audio data into queue.
2026-08-18 15:37:14.607 - RealTimeSTT: realtimestt - DEBUG - _audio_data_worker writing audio data into queue.
2026-08-18 15:37:15.630 - RealTimeSTT: realtimestt - DEBUG - _audio_data_worker writing audio data into queue.
2026-08-18 15:37:16.654 - RealTimeSTT: realtimestt - DEBUG - _audio_data_worker writing audio data into queue.
2026-08-18 15:37:17.678 - RealTimeSTT: realtimestt - DEBUG - _audio_data_worker writing audio data into queue.
2026-08-18 15:37:18.703 - RealTimeSTT: realtimestt - DEBUG - _audio_data_worker writing audio data into queue.
2026-08-18 15:37:19.726 - RealTimeSTT: realtimestt - DEBUG - _audio_data_worker writing audio data into queue.
2026-08-18 15:37:20.750 - RealTimeSTT: realtimestt - DEBUG - _audio_data_worker writing audio data into queue.
2026-08-18 15:37:21.774 - RealTimeSTT: realtimestt - DEBUG - _audio_data_worker writing audio data into queue.
2026-08-18 15:37:22.799 - RealTimeSTT: realtimestt - DEBUG - _audio_data_worker writing audio data into queue.
2026-08-18 15:37:23.822 - RealTimeSTT: realtimestt - DEBUG - _audio_data_worker writing audio data into queue.
2026-08-18 15:37:24.847 - RealTimeSTT: realtimestt - DEBUG - _audio_data_worker writing audio data into queue.
2026-08-18 15:37:25.870 - RealTimeSTT: realtimestt - DEBUG - _audio_data_worker writing audio data into queue.
2026-08-18 15:37:26.894 - RealTimeSTT: realtimestt - DEBUG - _audio_data_worker writing audio data into queue.
2026-08-18 15:37:27.918 - RealTimeSTT: realtimestt - DEBUG - _audio_data_worker writing audio data into queue.
2026-08-18 15:37:28.942 - RealTimeSTT: realtimestt - DEBUG - _audio_data_worker writing audio data into queue.
2026-08-18 15:37:29.966 - RealTimeSTT: realtimestt - DEBUG - _audio_data_worker writing audio data into queue.
2026-08-18 15:37:30.990 - RealTimeSTT: realtimestt - DEBUG - _audio_data_worker writing audio data into queue.
2026-08-18 15:37:32.014 - RealTimeSTT: realtimestt - DEBUG - _audio_data_worker writing audio data into queue.
2026-08-18 15:37:33.038 - RealTimeSTT: realtimestt - DEBUG - _audio_data_worker writing audio data into queue.
2026-08-18 15:37:34.062 - RealTimeSTT: realtimestt - DEBUG - _audio_data_worker writing audio data into queue.
2026-08-18 15:37:35.086 - RealTimeSTT: realtimestt - DEBUG - _audio_data_worker writing audio data into queue.
2026-08-18 15:37:36.111 - RealTimeSTT: realtimestt - DEBUG - _audio_data_worker writing audio data into queue.
2026-08-18 15:37:37.135 - RealTimeSTT: realtimestt - DEBUG - _audio_data_worker writing audio data into queue.
2026-08-18 15:37:38.159 - RealTimeSTT: realtimestt - DEBUG - _audio_data_worker writing audio data into queue.
2026-08-18 15:37:39.183 - RealTimeSTT: realtimestt - DEBUG - _audio_data_worker writing audio data into queue.
2026-08-18 15:37:40.207 - RealTimeSTT: realtimestt - DEBUG - _audio_data_worker writing audio data into queue.
2026-08-18 15:37:41.231 - RealTimeSTT: realtimestt - DEBUG - _audio_data_worker writing audio data into queue.
2026-08-18 15:37:42.255 - RealTimeSTT: realtimestt - DEBUG - _audio_data_worker writing audio data into queue.
2026-08-18 15:37:43.278 - RealTimeSTT: realtimestt - DEBUG - _audio_data_worker writing audio data into queue.
2026-08-18 15:37:44.302 - RealTimeSTT: realtimestt - DEBUG - _audio_data_worker writing audio data into queue.
2026-08-18 15:37:45.327 - RealTimeSTT: realtimestt - DEBUG - _audio_data_worker writing audio data into queue.
2026-08-18 15:37:46.350 - RealTimeSTT: realtimestt - DEBUG - _audio_data_worker writing audio data into queue.
2026-08-18 15:37:47.374 - RealTimeSTT: realtimestt - DEBUG - _audio_data_worker writing audio data into queue.
2026-08-18 15:37:48.399 - RealTimeSTT: realtimestt - DEBUG - _audio_data_worker writing audio data into queue.
2026-08-18 15:37:49.423 - RealTimeSTT: realtimestt - DEBUG - _audio_data_worker writing audio data into queue.
2026-08-18 15:37:50.447 - RealTimeSTT: realtimestt - DEBUG - _audio_data_worker writing audio data into queue.
2026-08-18 15:37:51.471 - RealTimeSTT: realtimestt - DEBUG - _audio_data_worker writing audio data into queue.
2026-08-18 15:37:52.495 - RealTimeSTT: realtimestt - DEBUG - _audio_data_worker writing audio data into queue.
2026-08-18 15:37:53.519 - RealTimeSTT: realtimestt - DEBUG - _audio_data_worker writing audio data into queue.
2026-08-18 15:37:54.543 - RealTimeSTT: realtimestt - DEBUG - _audio_data_worker writing audio data into queue.
2026-08-18 15:37:55.566 - RealTimeSTT: realtimestt - DEBUG - _audio_data_worker writing audio data into queue.
2026-08-18 15:37:56.591 - RealTimeSTT: realtimestt - DEBUG - _audio_data_worker writing audio data into queue.
2026-08-18 15:37:57.615 - RealTimeSTT: realtimestt - DEBUG - _audio_data_worker writing audio data into queue.
2026-08-18 15:37:58.639 - RealTimeSTT: realtimestt - DEBUG - _audio_data_worker writing audio data into queue.
2026-08-18 15:37:59.662 - RealTimeSTT: realtimestt - DEBUG - _audio_data_worker writing audio data into queue.
2026-08-18 15:38:00.686 - RealTimeSTT: realtimestt - DEBUG - _audio_data_worker writing audio data into queue.
2026-08-18 15:38:01.710 - RealTimeSTT: realtimestt - DEBUG - _audio_data_worker writing audio data into queue.
2026-08-18 15:38:02.735 - RealTimeSTT: realtimestt - DEBUG - _audio_data_worker writing audio data into queue.
2026-08-18 15:38:03.759 - RealTimeSTT: realtimestt - DEBUG - _audio_data_worker writing audio data into queue.
2026-08-18 15:38:04.783 - RealTimeSTT: realtimestt - DEBUG - _audio_data_worker writing audio data into queue.
2026-08-18 15:38:05.806 - RealTimeSTT: realtimestt - DEBUG - _audio_data_worker writing audio data into queue.
2026-08-18 15:38:06.830 - RealTimeSTT: realtimestt - DEBUG - _audio_data_worker writing audio data into queue.
2026-08-18 15:38:07.854 - RealTimeSTT: realtimestt - DEBUG - _audio_data_worker writing audio data into queue.
2026-08-18 15:38:08.878 - RealTimeSTT: realtimestt - DEBUG - _audio_data_worker writing audio data into queue.
2026-08-18 15:38:09.902 - RealTimeSTT: realtimestt - DEBUG - _audio_data_worker writing audio data into queue.
2026-08-18 15:38:10.926 - RealTimeSTT: realtimestt - DEBUG - _audio_data_worker writing audio data into queue.
2026-08-18 15:38:11.950 - RealTimeSTT: realtimestt - DEBUG - _audio_data_worker writing audio data into queue.
2026-08-18 15:38:12.974 - RealTimeSTT: realtimestt - DEBUG - _audio_data_worker writing audio data into queue.
2026-08-18 15:38:13.998 - RealTimeSTT: realtimestt - DEBUG - _audio_data_worker writing audio data into queue.
2026-08-18 15:38:15.022 - RealTimeSTT: realtimestt - DEBUG - _audio_data_worker writing audio data into queue.
2026-08-18 15:38:16.046 - RealTimeSTT: realtimestt - DEBUG - _audio_data_worker writing audio data into queue.
2026-08-18 15:38:17.070 - RealTimeSTT: realtimestt - DEBUG - _audio_data_worker writing audio data into queue.
2026-08-18 15:38:18.095 - RealTimeSTT: realtimestt - DEBUG - _audio_data_worker writing audio data into queue.
2026-08-18 15:38:19.118 - RealTimeSTT: realtimestt - DEBUG - _audio_data_worker writing audio data into queue.
2026-08-18 15:38:20.143 - RealTimeSTT: realtimestt - DEBUG - _audio_data_worker writing audio data into queue.
2026-08-18 15:38:21.167 - RealTimeSTT: realtimestt - DEBUG - _audio_data_worker writing audio data into queue.
2026-08-18 15:38:22.191 - RealTimeSTT: realtimestt - DEBUG - _audio_data_worker writing audio data into queue.
2026-08-18 15:38:23.215 - RealTimeSTT: realtimestt - DEBUG - _audio_data_worker writing audio data into queue.
2026-08-18 15:38:24.239 - RealTimeSTT: realtimestt - DEBUG - _audio_data_worker writing audio data into queue.
2026-08-18 15:38:25.263 - RealTimeSTT: realtimestt - DEBUG - _audio_data_worker writing audio data into queue.
2026-08-18 15:38:26.287 - RealTimeSTT: realtimestt - DEBUG - _audio_data_worker writing audio data into queue.
2026-08-18 15:38:27.311 - RealTimeSTT: realtimestt - DEBUG - _audio_data_worker writing audio data into queue.
2026-08-18 15:38:28.335 - RealTimeSTT: realtimestt - DEBUG - _audio_data_worker writing audio data into queue.
2026-08-18 15:38:29.359 - RealTimeSTT: realtimestt - DEBUG - _audio_data_worker writing audio data into queue.
2026-08-18 15:38:30.383 - RealTimeSTT: realtimestt - DEBUG - _audio_data_worker writing audio data into queue.
2026-08-18 15:38:31.406 - RealTimeSTT: realtimestt - DEBUG - _audio_data_worker writing audio data into queue.
2026-08-18 15:38:32.430 - RealTimeSTT: realtimestt - DEBUG - _audio_data_worker writing audio data into queue.
2026-08-18 15:38:33.455 - RealTimeSTT: realtimestt - DEBUG - _audio_data_worker writing audio data into queue.
2026-08-18 15:38:34.479 - RealTimeSTT: realtimestt - DEBUG - _audio_data_worker writing audio data into queue.
2026-08-18 15:38:35.503 - RealTimeSTT: realtimestt - DEBUG - _audio_data_worker writing audio data into queue.
2026-08-18 15:38:36.527 - RealTimeSTT: realtimestt - DEBUG - _audio_data_worker writing audio data into queue.
2026-08-18 15:38:37.550 - RealTimeSTT: realtimestt - DEBUG - _audio_data_worker writing audio data into queue.
2026-08-18 15:38:38.574 - RealTimeSTT: realtimestt - DEBUG - _audio_data_worker writing audio data into queue.
2026-08-18 15:38:39.599 - RealTimeSTT: realtimestt - DEBUG - _audio_data_worker writing audio data into queue.
2026-08-18 15:38:40.622 - RealTimeSTT: realtimestt - DEBUG - _audio_data_worker writing audio data into queue.
2026-08-18 15:38:41.647 - RealTimeSTT: realtimestt - DEBUG - _audio_data_worker writing audio data into queue.
2026-08-18 15:38:42.671 - RealTimeSTT: realtimestt - DEBUG - _audio_data_worker writing audio data into queue.
2026-08-18 15:38:43.695 - RealTimeSTT: realtimestt - DEBUG - _audio_data_worker writing audio data into queue.
2026-08-18 15:38:44.719 - RealTimeSTT: realtimestt - DEBUG - _audio_data_worker writing audio data into queue.
2026-08-18 15:38:45.743 - RealTimeSTT: realtimestt - DEBUG - _audio_data_worker writing audio data into queue.
2026-08-18 15:38:46.767 - RealTimeSTT: realtimestt - DEBUG - _audio_data_worker writing audio data into queue.
2026-08-18 15:38:47.791 - RealTimeSTT: realtimestt - DEBUG - _audio_data_worker writing audio data into queue.
2026-08-18 15:38:48.814 - RealTimeSTT: realtimestt - DEBUG - _audio_data_worker writing audio data into queue.
2026-08-18 15:38:49.838 - RealTimeSTT: realtimestt - DEBUG - _audio_data_worker writing audio data into queue.
2026-08-18 15:38:50.862 - RealTimeSTT: realtimestt - DEBUG - _audio_data_worker writing audio data into queue.
2026-08-18 15:38:51.886 - RealTimeSTT: realtimestt - DEBUG - _audio_data_worker writing audio data into queue.
2026-08-18 15:38:52.910 - RealTimeSTT: realtimestt - DEBUG - _audio_data_worker writing audio data into queue.
2026-08-18 15:38:53.934 - RealTimeSTT: realtimestt - DEBUG - _audio_data_worker writing audio data into queue.
2026-08-18 15:38:54.958 - RealTimeSTT: realtimestt - DEBUG - _audio_data_worker writing audio data into queue.
2026-08-18 15:38:55.982 - RealTimeSTT: realtimestt - DEBUG - _audio_data_worker writing audio data into queue.
2026-08-18 15:38:57.006 - RealTimeSTT: realtimestt - DEBUG - _audio_data_worker writing audio data into queue.
2026-08-18 15:38:58.030 - RealTimeSTT: realtimestt - DEBUG - _audio_data_worker writing audio data into queue.
2026-08-18 15:38:59.054 - RealTimeSTT: realtimestt - DEBUG - _audio_data_worker writing audio data into queue.
2026-08-18 15:39:00.078 - RealTimeSTT: realtimestt - DEBUG - _audio_data_worker writing audio data into queue.
2026-08-18 15:39:01.103 - RealTimeSTT: realtimestt - DEBUG - _audio_data_worker writing audio data into queue.
2026-08-18 15:39:02.127 - RealTimeSTT: realtimestt - DEBUG - _audio_data_worker writing audio data into queue.
2026-08-18 15:39:03.151 - RealTimeSTT: realtimestt - DEBUG - _audio_data_worker writing audio data into queue.
2026-08-18 15:39:04.175 - RealTimeSTT: realtimestt - DEBUG - _audio_data_worker writing audio data into queue.
2026-08-18 15:39:05.199 - RealTimeSTT: realtimestt - DEBUG - _audio_data_worker writing audio data into queue.
2026-08-18 15:39:06.222 - RealTimeSTT: realtimestt - DEBUG - _audio_data_worker writing audio data into queue.
2026-08-18 15:39:07.246 - RealTimeSTT: realtimestt - DEBUG - _audio_data_worker writing audio data into queue.
2026-08-18 15:39:08.271 - RealTimeSTT: realtimestt - DEBUG - _audio_data_worker writing audio data into queue.
2026-08-18 15:39:09.295 - RealTimeSTT: realtimestt - DEBUG - _audio_data_worker writing audio data into queue.
2026-08-18 15:39:10.319 - RealTimeSTT: realtimestt - DEBUG - _audio_data_worker writing audio data into queue.
2026-08-18 15:39:11.343 - RealTimeSTT: realtimestt - DEBUG - _audio_data_worker writing audio data into queue.
2026-08-18 15:39:12.367 - RealTimeSTT: realtimestt - DEBUG - _audio_data_worker writing audio data into queue.
2026-08-18 15:39:13.390 - RealTimeSTT: realtimestt - DEBUG - _audio_data_worker writing audio data into queue.
2026-08-18 15:39:14.414 - RealTimeSTT: realtimestt - DEBUG - _audio_data_worker writing audio data into queue.
2026-08-18 15:39:15.438 - RealTimeSTT: realtimestt - DEBUG - _audio_data_worker writing audio data into queue.
2026-08-18 15:39:16.463 - RealTimeSTT: realtimestt - DEBUG - _audio_data_worker writing audio data into queue.
2026-08-18 15:39:17.487 - RealTimeSTT: realtimestt - DEBUG - _audio_data_worker writing audio data into queue.
2026-08-18 15:39:18.510 - RealTimeSTT: realtimestt - DEBUG - _audio_data_worker writing audio data into queue.
2026-08-18 15:39:19.534 - RealTimeSTT: realtimestt - DEBUG - _audio_data_worker writing audio data into queue.
2026-08-18 15:39:20.558 - RealTimeSTT: realtimestt - DEBUG - _audio_data_worker writing audio data into queue.
2026-08-18 15:39:21.582 - RealTimeSTT: realtimestt - DEBUG - _audio_data_worker writing audio data into queue.
2026-08-18 15:39:22.607 - RealTimeSTT: realtimestt - DEBUG - _audio_data_worker writing audio data into queue.
2026-08-18 15:39:23.630 - RealTimeSTT: realtimestt - DEBUG - _audio_data_worker writing audio data into queue.
2026-08-18 15:39:24.654 - RealTimeSTT: realtimestt - DEBUG - _audio_data_worker writing audio data into queue.
2026-08-18 15:39:25.678 - RealTimeSTT: realtimestt - DEBUG - _audio_data_worker writing audio data into queue.
2026-08-18 15:39:26.702 - RealTimeSTT: realtimestt - DEBUG - _audio_data_worker writing audio data into queue.
2026-08-18 15:39:27.726 - RealTimeSTT: realtimestt - DEBUG - _audio_data_worker writing audio data into queue.
2026-08-18 15:39:28.751 - RealTimeSTT: realtimestt - DEBUG - _audio_data_worker writing audio data into queue.
2026-08-18 15:39:29.774 - RealTimeSTT: realtimestt - DEBUG - _audio_data_worker writing audio data into queue.
2026-08-18 15:39:30.798 - RealTimeSTT: realtimestt - DEBUG - _audio_data_worker writing audio data into queue.
2026-08-18 15:39:31.822 - RealTimeSTT: realtimestt - DEBUG - _audio_data_worker writing audio data into queue.
2026-08-18 15:39:32.846 - RealTimeSTT: realtimestt - DEBUG - _audio_data_worker writing audio data into queue.
2026-08-18 15:39:33.870 - RealTimeSTT: realtimestt - DEBUG - _audio_data_worker writing audio data into queue.
2026-08-18 15:39:34.894 - RealTimeSTT: realtimestt - DEBUG - _audio_data_worker writing audio data into queue.
2026-08-18 15:39:35.918 - RealTimeSTT: realtimestt - DEBUG - _audio_data_worker writing audio data into queue.
2026-08-18 15:39:36.942 - RealTimeSTT: realtimestt - DEBUG - _audio_data_worker writing audio data into queue.
2026-08-18 15:39:37.967 - RealTimeSTT: realtimestt - DEBUG - _audio_data_worker writing audio data into queue.
2026-08-18 15:39:38.990 - RealTimeSTT: realtimestt - DEBUG - _audio_data_worker writing audio data into queue.
2026-08-18 15:39:40.014 - RealTimeSTT: realtimestt - DEBUG - _audio_data_worker writing audio data into queue.
2026-08-18 15:39:41.038 - RealTimeSTT: realtimestt - DEBUG - _audio_data_worker writing audio data into queue.
2026-08-18 15:39:42.063 - RealTimeSTT: realtimestt - DEBUG - _audio_data_worker writing audio data into queue.
2026-08-18 15:39:43.087 - RealTimeSTT: realtimestt - DEBUG - _audio_data_worker writing audio data into queue.
2026-08-18 15:39:44.111 - RealTimeSTT: realtimestt - DEBUG - _audio_data_worker writing audio data into queue.
2026-08-18 15:39:45.134 - RealTimeSTT: realtimestt - DEBUG - _audio_data_worker writing audio data into queue.
2026-08-18 15:39:46.159 - RealTimeSTT: realtimestt - DEBUG - _audio_data_worker writing audio data into queue.
2026-08-18 15:39:47.183 - RealTimeSTT: realtimestt - DEBUG - _audio_data_worker writing audio data into queue.
2026-08-18 15:39:48.207 - RealTimeSTT: realtimestt - DEBUG - _audio_data_worker writing audio data into queue.
2026-08-18 15:39:49.231 - RealTimeSTT: realtimestt - DEBUG - _audio_data_worker writing audio data into queue.
2026-08-18 15:39:50.255 - RealTimeSTT: realtimestt - DEBUG - _audio_data_worker writing audio data into queue.
2026-08-18 15:39:51.278 - RealTimeSTT: realtimestt - DEBUG - _audio_data_worker writing audio data into queue.
2026-08-18 15:39:52.303 - RealTimeSTT: realtimestt - DEBUG - _audio_data_worker writing audio data into queue.
2026-08-18 15:39:53.326 - RealTimeSTT: realtimestt - DEBUG - _audio_data_worker writing audio data into queue.
2026-08-18 15:39:54.351 - RealTimeSTT: realtimestt - DEBUG - _audio_data_worker writing audio data into queue.
2026-08-18 15:39:55.375 - RealTimeSTT: realtimestt - DEBUG - _audio_data_worker writing audio data into queue.
2026-08-18 15:39:56.398 - RealTimeSTT: realtimestt - DEBUG - _audio_data_worker writing audio data into queue.
2026-08-18 15:39:57.423 - RealTimeSTT: realtimestt - DEBUG - _audio_data_worker writing audio data into queue.
2026-08-18 15:39:58.447 - RealTimeSTT: realtimestt - DEBUG - _audio_data_worker writing audio data into queue.
2026-08-18 15:39:59.471 - RealTimeSTT: realtimestt - DEBUG - _audio_data_worker writing audio data into queue.
2026-08-18 15:40:00.495 - RealTimeSTT: realtimestt - DEBUG - _audio_data_worker writing audio data into queue.
2026-08-18 15:40:01.519 - RealTimeSTT: realtimestt - DEBUG - _audio_data_worker writing audio data into queue.
2026-08-18 15:40:02.543 - RealTimeSTT: realtimestt - DEBUG - _audio_data_worker writing audio data into queue.
2026-08-18 15:40:03.567 - RealTimeSTT: realtimestt - DEBUG - _audio_data_worker writing audio data into queue.
2026-08-18 15:40:04.591 - RealTimeSTT: realtimestt - DEBUG - _audio_data_worker writing audio data into queue.
2026-08-18 15:40:05.614 - RealTimeSTT: realtimestt - DEBUG - _audio_data_worker writing audio data into queue.
2026-08-18 15:40:06.639 - RealTimeSTT: realtimestt - DEBUG - _audio_data_worker writing audio data into queue.
2026-08-18 15:40:07.662 - RealTimeSTT: realtimestt - DEBUG - _audio_data_worker writing audio data into queue.
2026-08-18 15:40:08.687 - RealTimeSTT: realtimestt - DEBUG - _audio_data_worker writing audio data into queue.
2026-08-18 15:40:09.711 - RealTimeSTT: realtimestt - DEBUG - _audio_data_worker writing audio data into queue.
2026-08-18 15:40:10.735 - RealTimeSTT: realtimestt - DEBUG - _audio_data_worker writing audio data into queue.
2026-08-18 15:40:11.758 - RealTimeSTT: realtimestt - DEBUG - _audio_data_worker writing audio data into queue.
2026-08-18 15:40:12.783 - RealTimeSTT: realtimestt - DEBUG - _audio_data_worker writing audio data into queue.
2026-08-18 15:40:13.806 - RealTimeSTT: realtimestt - DEBUG - _audio_data_worker writing audio data into queue.
2026-08-18 15:40:14.830 - RealTimeSTT: realtimestt - DEBUG - _audio_data_worker writing audio data into queue.
2026-08-18 15:40:15.854 - RealTimeSTT: realtimestt - DEBUG - _audio_data_worker writing audio data into queue.
2026-08-18 15:40:16.878 - RealTimeSTT: realtimestt - DEBUG - _audio_data_worker writing audio data into queue.
2026-08-18 15:40:17.903 - RealTimeSTT: realtimestt - DEBUG - _audio_data_worker writing audio data into queue.
2026-08-18 15:40:18.926 - RealTimeSTT: realtimestt - DEBUG - _audio_data_worker writing audio data into queue.
2026-08-18 15:40:19.950 - RealTimeSTT: realtimestt - DEBUG - _audio_data_worker writing audio data into queue.
2026-08-18 15:40:20.974 - RealTimeSTT: realtimestt - DEBUG - _audio_data_worker writing audio data into queue.
2026-08-18 15:40:21.999 - RealTimeSTT: realtimestt - DEBUG - _audio_data_worker writing audio data into queue.
2026-08-18 15:40:23.022 - RealTimeSTT: realtimestt - DEBUG - _audio_data_worker writing audio data into queue.
2026-08-18 15:40:24.047 - RealTimeSTT: realtimestt - DEBUG - _audio_data_worker writing audio data into queue.
2026-08-18 15:40:25.071 - RealTimeSTT: realtimestt - DEBUG - _audio_data_worker writing audio data into queue.
2026-08-18 15:40:26.095 - RealTimeSTT: realtimestt - DEBUG - _audio_data_worker writing audio data into queue.
2026-08-18 15:40:27.119 - RealTimeSTT: realtimestt - DEBUG - _audio_data_worker writing audio data into queue.
2026-08-18 15:40:28.142 - RealTimeSTT: realtimestt - DEBUG - _audio_data_worker writing audio data into queue.
2026-08-18 15:40:29.166 - RealTimeSTT: realtimestt - DEBUG - _audio_data_worker writing audio data into queue.
2026-08-18 15:40:30.191 - RealTimeSTT: realtimestt - DEBUG - _audio_data_worker writing audio data into queue.
2026-08-18 15:40:31.215 - RealTimeSTT: realtimestt - DEBUG - _audio_data_worker writing audio data into queue.
2026-08-18 15:40:32.239 - RealTimeSTT: realtimestt - DEBUG - _audio_data_worker writing audio data into queue.
2026-08-18 15:40:33.263 - RealTimeSTT: realtimestt - DEBUG - _audio_data_worker writing audio data into queue.
2026-08-18 15:40:34.287 - RealTimeSTT: realtimestt - DEBUG - _audio_data_worker writing audio data into queue.
2026-08-18 15:40:35.311 - RealTimeSTT: realtimestt - DEBUG - _audio_data_worker writing audio data into queue.
2026-08-18 15:40:36.335 - RealTimeSTT: realtimestt - DEBUG - _audio_data_worker writing audio data into queue.
2026-08-18 15:40:37.359 - RealTimeSTT: realtimestt - DEBUG - _audio_data_worker writing audio data into queue.
2026-08-18 15:40:38.383 - RealTimeSTT: realtimestt - DEBUG - _audio_data_worker writing audio data into queue.
2026-08-18 15:40:39.407 - RealTimeSTT: realtimestt - DEBUG - _audio_data_worker writing audio data into queue.
2026-08-18 15:40:40.431 - RealTimeSTT: realtimestt - DEBUG - _audio_data_worker writing audio data into queue.
2026-08-18 15:40:41.454 - RealTimeSTT: realtimestt - DEBUG - _audio_data_worker writing audio data into queue.
2026-08-18 15:40:42.479 - RealTimeSTT: realtimestt - DEBUG - _audio_data_worker writing audio data into queue.
2026-08-18 15:40:43.503 - RealTimeSTT: realtimestt - DEBUG - _audio_data_worker writing audio data into queue.
2026-08-18 15:40:44.527 - RealTimeSTT: realtimestt - DEBUG - _audio_data_worker writing audio data into queue.
2026-08-18 15:40:45.551 - RealTimeSTT: realtimestt - DEBUG - _audio_data_worker writing audio data into queue.
2026-08-18 15:40:46.574 - RealTimeSTT: realtimestt - DEBUG - _audio_data_worker writing audio data into queue.
2026-08-18 15:40:47.598 - RealTimeSTT: realtimestt - DEBUG - _audio_data_worker writing audio data into queue.
2026-08-18 15:40:48.623 - RealTimeSTT: realtimestt - DEBUG - _audio_data_worker writing audio data into queue.
2026-08-18 15:40:49.647 - RealTimeSTT: realtimestt - DEBUG - _audio_data_worker writing audio data into queue.
2026-08-18 15:40:50.671 - RealTimeSTT: realtimestt - DEBUG - _audio_data_worker writing audio data into queue.
2026-08-18 15:40:51.695 - RealTimeSTT: realtimestt - DEBUG - _audio_data_worker writing audio data into queue.
2026-08-18 15:40:52.718 - RealTimeSTT: realtimestt - DEBUG - _audio_data_worker writing audio data into queue.
2026-08-18 15:40:53.743 - RealTimeSTT: realtimestt - DEBUG - _audio_data_worker writing audio data into queue.
2026-08-18 15:40:54.766 - RealTimeSTT: realtimestt - DEBUG - _audio_data_worker writing audio data into queue.
2026-08-18 15:40:55.790 - RealTimeSTT: realtimestt - DEBUG - _audio_data_worker writing audio data into queue.
2026-08-18 15:40:56.814 - RealTimeSTT: realtimestt - DEBUG - _audio_data_worker writing audio data into queue.
2026-08-18 15:40:57.838 - RealTimeSTT: realtimestt - DEBUG - _audio_data_worker writing audio data into queue.
2026-08-18 15:40:58.862 - RealTimeSTT: realtimestt - DEBUG - _audio_data_worker writing audio data into queue.
2026-08-18 15:40:59.886 - RealTimeSTT: realtimestt - DEBUG - _audio_data_worker writing audio data into queue.
2026-08-18 15:41:00.910 - RealTimeSTT: realtimestt - DEBUG - _audio_data_worker writing audio data into queue.
2026-08-18 15:41:01.934 - RealTimeSTT: realtimestt - DEBUG - _audio_data_worker writing audio data into queue.
2026-08-18 15:41:02.958 - RealTimeSTT: realtimestt - DEBUG - _audio_data_worker writing audio data into queue.
2026-08-18 15:41:03.982 - RealTimeSTT: realtimestt - DEBUG - _audio_data_worker writing audio data into queue.
2026-08-18 15:41:05.006 - RealTimeSTT: realtimestt - DEBUG - _audio_data_worker writing audio data into queue.
2026-08-18 15:41:06.030 - RealTimeSTT: realtimestt - DEBUG - _audio_data_worker writing audio data into queue.
2026-08-18 15:41:07.055 - RealTimeSTT: realtimestt - DEBUG - _audio_data_worker writing audio data into queue.
2026-08-18 15:41:08.079 - RealTimeSTT: realtimestt - DEBUG - _audio_data_worker writing audio data into queue.
2026-08-18 15:41:09.102 - RealTimeSTT: realtimestt - DEBUG - _audio_data_worker writing audio data into queue.
2026-08-18 15:41:10.127 - RealTimeSTT: realtimestt - DEBUG - _audio_data_worker writing audio data into queue.
2026-08-18 15:41:11.150 - RealTimeSTT: realtimestt - DEBUG - _audio_data_worker writing audio data into queue.
2026-08-18 15:41:12.175 - RealTimeSTT: realtimestt - DEBUG - _audio_data_worker writing audio data into queue.
2026-08-18 15:41:13.199 - RealTimeSTT: realtimestt - DEBUG - _audio_data_worker writing audio data into queue.
2026-08-18 15:41:14.223 - RealTimeSTT: realtimestt - DEBUG - _audio_data_worker writing audio data into queue.
2026-08-18 15:41:15.247 - RealTimeSTT: realtimestt - DEBUG - _audio_data_worker writing audio data into queue.
2026-08-18 15:41:16.271 - RealTimeSTT: realtimestt - DEBUG - _audio_data_worker writing audio data into queue.
2026-08-18 15:41:17.294 - RealTimeSTT: realtimestt - DEBUG - _audio_data_worker writing audio data into queue.
2026-08-18 15:41:18.318 - RealTimeSTT: realtimestt - DEBUG - _audio_data_worker writing audio data into queue.
2026-08-18 15:41:19.343 - RealTimeSTT: realtimestt - DEBUG - _audio_data_worker writing audio data into queue.
2026-08-18 15:41:20.367 - RealTimeSTT: realtimestt - DEBUG - _audio_data_worker writing audio data into queue.
2026-08-18 15:41:21.391 - RealTimeSTT: realtimestt - DEBUG - _audio_data_worker writing audio data into queue.
2026-08-18 15:41:22.415 - RealTimeSTT: realtimestt - DEBUG - _audio_data_worker writing audio data into queue.
2026-08-18 15:41:23.439 - RealTimeSTT: realtimestt - DEBUG - _audio_data_worker writing audio data into queue.
2026-08-18 15:41:24.463 - RealTimeSTT: realtimestt - DEBUG - _audio_data_worker writing audio data into queue.
2026-08-18 15:41:25.486 - RealTimeSTT: realtimestt - DEBUG - _audio_data_worker writing audio data into queue.
2026-08-18 15:41:26.510 - RealTimeSTT: realtimestt - DEBUG - _audio_data_worker writing audio data into queue.
2026-08-18 15:41:27.534 - RealTimeSTT: realtimestt - DEBUG - _audio_data_worker writing audio data into queue.
2026-08-18 15:41:28.558 - RealTimeSTT: realtimestt - DEBUG - _audio_data_worker writing audio data into queue.
2026-08-18 15:41:28.742 - RealTimeSTT: realtimestt - INFO - Starting RealTimeSTT
2026-08-18 15:41:28.744 - RealTimeSTT: realtimestt - INFO - Initializing audio recording (creating pyAudio input stream, sample rate: 16000 buffer size: 512
2026-08-18 15:41:28.745 - RealTimeSTT: realtimestt - INFO - Initializing WebRTC voice with Sensitivity 3
2026-08-18 15:41:28.745 - RealTimeSTT: realtimestt - DEBUG - WebRTC VAD voice activity detection engine initialized successfully
2026-08-18 15:41:28.750 - RealTimeSTT: realtimestt - DEBUG - Starting audio data worker with target_sample_rate=16000, buffer_size=512, input_device_index=None
2026-08-18 15:41:28.751 - RealTimeSTT: realtimestt - DEBUG - Creating PyAudio interface...
2026-08-18 15:41:29.008 - RealTimeSTT: realtimestt - DEBUG - Silero VAD voice activity detection engine initialized successfully with backend raw_onnx_ifless
2026-08-18 15:41:29.031 - RealTimeSTT: realtimestt - DEBUG - Starting realtime worker
2026-08-18 15:41:29.032 - RealTimeSTT: realtimestt - DEBUG - Realtime transcription disabled; realtime worker exits
2026-08-18 15:41:29.032 - RealTimeSTT: realtimestt - DEBUG - Waiting for main transcription model to start
2026-08-18 15:41:29.080 - RealTimeSTT: realtimestt - DEBUG - No device index supplied; using default device 14
2026-08-18 15:41:29.080 - RealTimeSTT: realtimestt - DEBUG - Retrieving highest sample rate for device index 14: {'index': 14, 'structVersion': 2, 'name': 'default', 'hostApi': 0, 'maxInputChannels': 128, 'maxOutputChannels': 128, 'defaultLowInputLatency': 0.008707482993197279, 'defaultLowOutputLatency': 0.008707482993197279, 'defaultHighInputLatency': 0.034829931972789115, 'defaultHighOutputLatency': 0.034829931972789115, 'defaultSampleRate': 44100.0}
2026-08-18 15:41:29.090 - RealTimeSTT: realtimestt - DEBUG - Highest supported sample rate for device index 14 is 44100
2026-08-18 15:41:29.090 - RealTimeSTT: realtimestt - DEBUG - Sample rates to try for device 14: [16000, 44100]
2026-08-18 15:41:29.090 - RealTimeSTT: realtimestt - DEBUG - Attempting to initialize audio stream at 16000 Hz.
2026-08-18 15:41:29.090 - RealTimeSTT: realtimestt - DEBUG - Found 15 total audio devices on the system.
2026-08-18 15:41:29.090 - RealTimeSTT: realtimestt - DEBUG - Available input devices with input channels: [8, 9, 12, 13, 14]
2026-08-18 15:41:29.090 - RealTimeSTT: realtimestt - DEBUG - Validating device index 14 with info: {'index': 14, 'structVersion': 2, 'name': 'default', 'hostApi': 0, 'maxInputChannels': 128, 'maxOutputChannels': 128, 'defaultLowInputLatency': 0.008707482993197279, 'defaultLowOutputLatency': 0.008707482993197279, 'defaultHighInputLatency': 0.034829931972789115, 'defaultHighOutputLatency': 0.034829931972789115, 'defaultSampleRate': 44100.0}
2026-08-18 15:41:29.263 - RealTimeSTT: realtimestt - DEBUG - Device index 14 successfully validated.
2026-08-18 15:41:29.263 - RealTimeSTT: realtimestt - DEBUG - Opening stream with device index 14, sample_rate=16000, chunk_size=1024
2026-08-18 15:41:29.290 - RealTimeSTT: realtimestt - INFO - Microphone connected and validated (device index: 14, sample rate: 16000, chunk size: 1024)
2026-08-18 15:41:29.291 - RealTimeSTT: realtimestt - DEBUG - Audio recording initialized successfully at 16000 Hz, reading 1024 frames at a time
2026-08-18 15:41:29.583 - RealTimeSTT: realtimestt - DEBUG - _audio_data_worker writing audio data into queue.
2026-08-18 15:41:30.383 - RealTimeSTT: realtimestt - DEBUG - _audio_data_worker writing audio data into queue.
2026-08-18 15:41:30.606 - RealTimeSTT: realtimestt - DEBUG - _audio_data_worker writing audio data into queue.
2026-08-18 15:41:31.123 - RealTimeSTT: realtimestt - DEBUG - Main transcription model ready
2026-08-18 15:41:31.124 - RealTimeSTT: realtimestt - DEBUG - RealtimeSTT initialization completed successfully
2026-08-18 15:41:31.460 - RealTimeSTT: realtimestt - DEBUG - _audio_data_worker writing audio data into queue.
2026-08-18 15:41:31.631 - RealTimeSTT: realtimestt - DEBUG - _audio_data_worker writing audio data into queue.
2026-08-18 15:41:32.484 - RealTimeSTT: realtimestt - DEBUG - _audio_data_worker writing audio data into queue.
2026-08-18 15:41:32.655 - RealTimeSTT: realtimestt - DEBUG - _audio_data_worker writing audio data into queue.
2026-08-18 15:41:33.508 - RealTimeSTT: realtimestt - DEBUG - _audio_data_worker writing audio data into queue.
2026-08-18 15:41:33.679 - RealTimeSTT: realtimestt - DEBUG - _audio_data_worker writing audio data into queue.
2026-08-18 15:41:34.532 - RealTimeSTT: realtimestt - DEBUG - _audio_data_worker writing audio data into queue.
2026-08-18 15:41:34.703 - RealTimeSTT: realtimestt - DEBUG - _audio_data_worker writing audio data into queue.
2026-08-18 15:41:35.110 - RealTimeSTT: realtimestt - INFO - recording started
2026-08-18 15:41:35.111 - RealTimeSTT: realtimestt - INFO - State changed from 'inactive' to 'recording'
2026-08-18 15:41:35.556 - RealTimeSTT: realtimestt - DEBUG - _audio_data_worker writing audio data into queue.
2026-08-18 15:41:35.727 - RealTimeSTT: realtimestt - DEBUG - _audio_data_worker writing audio data into queue.
2026-08-18 15:41:36.580 - RealTimeSTT: realtimestt - DEBUG - _audio_data_worker writing audio data into queue.
2026-08-18 15:41:36.751 - RealTimeSTT: realtimestt - DEBUG - _audio_data_worker writing audio data into queue.
2026-08-18 15:41:37.604 - RealTimeSTT: realtimestt - DEBUG - _audio_data_worker writing audio data into queue.
2026-08-18 15:41:37.775 - RealTimeSTT: realtimestt - DEBUG - _audio_data_worker writing audio data into queue.
2026-08-18 15:41:38.209 - RealTimeSTT: realtimestt - INFO - recording stopped
2026-08-18 15:41:38.214 - RealTimeSTT: realtimestt - INFO - Setting listen time
2026-08-18 15:41:38.216 - RealTimeSTT: realtimestt - DEBUG - No samples removed, final audio length: 51200
2026-08-18 15:41:38.216 - RealTimeSTT: realtimestt - INFO - State changed from 'recording' to 'inactive'
2026-08-18 15:41:38.216 - RealTimeSTT: realtimestt - INFO - State changed from 'inactive' to 'transcribing'
2026-08-18 15:41:38.216 - RealTimeSTT: realtimestt - DEBUG - Adding transcription request, no early transcription started
2026-08-18 15:41:38.218 - RealTimeSTT: realtimestt - DEBUG - Receive from parent_transcription_pipe after sendiung transcription request, transcribe_count: 1
2026-08-18 15:41:38.319 - RealTimeSTT: realtimestt - DEBUG - Receive from parent_transcription_pipe after sendiung transcription request, transcribe_count: 1
2026-08-18 15:41:38.420 - RealTimeSTT: realtimestt - DEBUG - Receive from parent_transcription_pipe after sendiung transcription request, transcribe_count: 1
2026-08-18 15:41:38.522 - RealTimeSTT: realtimestt - DEBUG - Receive from parent_transcription_pipe after sendiung transcription request, transcribe_count: 1
2026-08-18 15:41:38.622 - RealTimeSTT: realtimestt - DEBUG - Receive from parent_transcription_pipe after sendiung transcription request, transcribe_count: 1
2026-08-18 15:41:38.628 - RealTimeSTT: realtimestt - DEBUG - _audio_data_worker writing audio data into queue.
2026-08-18 15:41:38.724 - RealTimeSTT: realtimestt - DEBUG - Receive from parent_transcription_pipe after sendiung transcription request, transcribe_count: 1
2026-08-18 15:41:38.799 - RealTimeSTT: realtimestt - DEBUG - _audio_data_worker writing audio data into queue.
2026-08-18 15:41:38.826 - RealTimeSTT: realtimestt - DEBUG - Receive from parent_transcription_pipe after sendiung transcription request, transcribe_count: 1
2026-08-18 15:41:38.927 - RealTimeSTT: realtimestt - DEBUG - Receive from parent_transcription_pipe after sendiung transcription request, transcribe_count: 1
2026-08-18 15:41:39.028 - RealTimeSTT: realtimestt - DEBUG - Receive from parent_transcription_pipe after sendiung transcription request, transcribe_count: 1
2026-08-18 15:41:39.130 - RealTimeSTT: realtimestt - DEBUG - Receive from parent_transcription_pipe after sendiung transcription request, transcribe_count: 1
2026-08-18 15:41:39.231 - RealTimeSTT: realtimestt - DEBUG - Receive from parent_transcription_pipe after sendiung transcription request, transcribe_count: 1
2026-08-18 15:41:39.332 - RealTimeSTT: realtimestt - DEBUG - Receive from parent_transcription_pipe after sendiung transcription request, transcribe_count: 1
2026-08-18 15:41:39.434 - RealTimeSTT: realtimestt - DEBUG - Receive from parent_transcription_pipe after sendiung transcription request, transcribe_count: 1
2026-08-18 15:41:39.450 - RealTimeSTT: realtimestt - INFO - State changed from 'transcribing' to 'inactive'
2026-08-18 15:41:39.454 - RealTimeSTT: realtimestt - DEBUG - Model tiny completed transcription in 1.24 seconds
2026-08-18 15:41:39.652 - RealTimeSTT: realtimestt - DEBUG - _audio_data_worker writing audio data into queue.
2026-08-18 15:41:39.823 - RealTimeSTT: realtimestt - DEBUG - _audio_data_worker writing audio data into queue.
2026-08-18 15:41:40.676 - RealTimeSTT: realtimestt - DEBUG - _audio_data_worker writing audio data into queue.
2026-08-18 15:41:40.847 - RealTimeSTT: realtimestt - DEBUG - _audio_data_worker writing audio data into queue.
2026-08-18 15:41:41.700 - RealTimeSTT: realtimestt - DEBUG - _audio_data_worker writing audio data into queue.
2026-08-18 15:41:41.871 - RealTimeSTT: realtimestt - DEBUG - _audio_data_worker writing audio data into queue.
2026-08-18 15:41:42.724 - RealTimeSTT: realtimestt - DEBUG - _audio_data_worker writing audio data into queue.
2026-08-18 15:41:42.895 - RealTimeSTT: realtimestt - DEBUG - _audio_data_worker writing audio data into queue.
2026-08-18 15:41:43.748 - RealTimeSTT: realtimestt - DEBUG - _audio_data_worker writing audio data into queue.
2026-08-18 15:41:43.918 - RealTimeSTT: realtimestt - DEBUG - _audio_data_worker writing audio data into queue.
2026-08-18 15:41:44.772 - RealTimeSTT: realtimestt - DEBUG - _audio_data_worker writing audio data into queue.
2026-08-18 15:41:44.943 - RealTimeSTT: realtimestt - DEBUG - _audio_data_worker writing audio data into queue.
2026-08-18 15:41:45.796 - RealTimeSTT: realtimestt - DEBUG - _audio_data_worker writing audio data into queue.
2026-08-18 15:41:45.967 - RealTimeSTT: realtimestt - DEBUG - _audio_data_worker writing audio data into queue.
2026-08-18 15:41:46.656 - RealTimeSTT: realtimestt - INFO - recording started
2026-08-18 15:41:46.656 - RealTimeSTT: realtimestt - INFO - State changed from 'inactive' to 'recording'
2026-08-18 15:41:46.820 - RealTimeSTT: realtimestt - DEBUG - _audio_data_worker writing audio data into queue.
2026-08-18 15:41:46.991 - RealTimeSTT: realtimestt - DEBUG - _audio_data_worker writing audio data into queue.
2026-08-18 15:41:47.844 - RealTimeSTT: realtimestt - DEBUG - _audio_data_worker writing audio data into queue.
2026-08-18 15:41:48.015 - RealTimeSTT: realtimestt - DEBUG - _audio_data_worker writing audio data into queue.
2026-08-18 15:41:48.868 - RealTimeSTT: realtimestt - DEBUG - _audio_data_worker writing audio data into queue.
2026-08-18 15:41:49.039 - RealTimeSTT: realtimestt - DEBUG - _audio_data_worker writing audio data into queue.
2026-08-18 15:41:49.892 - RealTimeSTT: realtimestt - DEBUG - _audio_data_worker writing audio data into queue.
2026-08-18 15:41:50.063 - RealTimeSTT: realtimestt - DEBUG - _audio_data_worker writing audio data into queue.
2026-08-18 15:41:50.916 - RealTimeSTT: realtimestt - DEBUG - _audio_data_worker writing audio data into queue.
2026-08-18 15:41:51.087 - RealTimeSTT: realtimestt - DEBUG - _audio_data_worker writing audio data into queue.
2026-08-18 15:41:51.940 - RealTimeSTT: realtimestt - DEBUG - _audio_data_worker writing audio data into queue.
2026-08-18 15:41:52.111 - RealTimeSTT: realtimestt - DEBUG - _audio_data_worker writing audio data into queue.
2026-08-18 15:41:52.964 - RealTimeSTT: realtimestt - DEBUG - _audio_data_worker writing audio data into queue.
2026-08-18 15:41:53.135 - RealTimeSTT: realtimestt - DEBUG - _audio_data_worker writing audio data into queue.
2026-08-18 15:41:53.988 - RealTimeSTT: realtimestt - DEBUG - _audio_data_worker writing audio data into queue.
2026-08-18 15:41:54.158 - RealTimeSTT: realtimestt - DEBUG - _audio_data_worker writing audio data into queue.
2026-08-18 15:41:55.012 - RealTimeSTT: realtimestt - DEBUG - _audio_data_worker writing audio data into queue.
2026-08-18 15:41:55.183 - RealTimeSTT: realtimestt - DEBUG - _audio_data_worker writing audio data into queue.
2026-08-18 15:41:56.036 - RealTimeSTT: realtimestt - DEBUG - _audio_data_worker writing audio data into queue.
2026-08-18 15:41:56.207 - RealTimeSTT: realtimestt - DEBUG - _audio_data_worker writing audio data into queue.
2026-08-18 15:41:56.895 - RealTimeSTT: realtimestt - INFO - recording stopped
2026-08-18 15:41:56.912 - RealTimeSTT: realtimestt - INFO - Setting listen time
2026-08-18 15:41:56.914 - RealTimeSTT: realtimestt - DEBUG - No samples removed, final audio length: 163840
2026-08-18 15:41:56.914 - RealTimeSTT: realtimestt - INFO - State changed from 'recording' to 'inactive'
2026-08-18 15:41:56.915 - RealTimeSTT: realtimestt - INFO - State changed from 'inactive' to 'transcribing'
2026-08-18 15:41:56.915 - RealTimeSTT: realtimestt - DEBUG - Adding transcription request, no early transcription started
2026-08-18 15:41:56.943 - RealTimeSTT: realtimestt - DEBUG - Receive from parent_transcription_pipe after sendiung transcription request, transcribe_count: 1
2026-08-18 15:41:57.047 - RealTimeSTT: realtimestt - DEBUG - Receive from parent_transcription_pipe after sendiung transcription request, transcribe_count: 1
2026-08-18 15:41:57.060 - RealTimeSTT: realtimestt - DEBUG - _audio_data_worker writing audio data into queue.
2026-08-18 15:41:57.150 - RealTimeSTT: realtimestt - DEBUG - Receive from parent_transcription_pipe after sendiung transcription request, transcribe_count: 1
2026-08-18 15:41:57.231 - RealTimeSTT: realtimestt - DEBUG - _audio_data_worker writing audio data into queue.
2026-08-18 15:41:57.251 - RealTimeSTT: realtimestt - DEBUG - Receive from parent_transcription_pipe after sendiung transcription request, transcribe_count: 1
2026-08-18 15:41:57.352 - RealTimeSTT: realtimestt - DEBUG - Receive from parent_transcription_pipe after sendiung transcription request, transcribe_count: 1
2026-08-18 15:41:57.453 - RealTimeSTT: realtimestt - DEBUG - Receive from parent_transcription_pipe after sendiung transcription request, transcribe_count: 1
2026-08-18 15:41:57.554 - RealTimeSTT: realtimestt - DEBUG - Receive from parent_transcription_pipe after sendiung transcription request, transcribe_count: 1
2026-08-18 15:41:57.655 - RealTimeSTT: realtimestt - DEBUG - Receive from parent_transcription_pipe after sendiung transcription request, transcribe_count: 1
2026-08-18 15:41:57.756 - RealTimeSTT: realtimestt - DEBUG - Receive from parent_transcription_pipe after sendiung transcription request, transcribe_count: 1
2026-08-18 15:41:57.858 - RealTimeSTT: realtimestt - DEBUG - Receive from parent_transcription_pipe after sendiung transcription request, transcribe_count: 1
2026-08-18 15:41:57.959 - RealTimeSTT: realtimestt - DEBUG - Receive from parent_transcription_pipe after sendiung transcription request, transcribe_count: 1
2026-08-18 15:41:58.060 - RealTimeSTT: realtimestt - DEBUG - Receive from parent_transcription_pipe after sendiung transcription request, transcribe_count: 1
2026-08-18 15:41:58.084 - RealTimeSTT: realtimestt - DEBUG - _audio_data_worker writing audio data into queue.
2026-08-18 15:41:58.162 - RealTimeSTT: realtimestt - DEBUG - Receive from parent_transcription_pipe after sendiung transcription request, transcribe_count: 1
2026-08-18 15:41:58.255 - RealTimeSTT: realtimestt - DEBUG - _audio_data_worker writing audio data into queue.
2026-08-18 15:41:58.263 - RealTimeSTT: realtimestt - DEBUG - Receive from parent_transcription_pipe after sendiung transcription request, transcribe_count: 1
2026-08-18 15:41:58.364 - RealTimeSTT: realtimestt - DEBUG - Receive from parent_transcription_pipe after sendiung transcription request, transcribe_count: 1
2026-08-18 15:41:58.466 - RealTimeSTT: realtimestt - DEBUG - Receive from parent_transcription_pipe after sendiung transcription request, transcribe_count: 1
2026-08-18 15:41:58.567 - RealTimeSTT: realtimestt - DEBUG - Receive from parent_transcription_pipe after sendiung transcription request, transcribe_count: 1
2026-08-18 15:41:58.668 - RealTimeSTT: realtimestt - DEBUG - Receive from parent_transcription_pipe after sendiung transcription request, transcribe_count: 1
2026-08-18 15:41:58.770 - RealTimeSTT: realtimestt - DEBUG - Receive from parent_transcription_pipe after sendiung transcription request, transcribe_count: 1
2026-08-18 15:41:58.871 - RealTimeSTT: realtimestt - DEBUG - Receive from parent_transcription_pipe after sendiung transcription request, transcribe_count: 1
2026-08-18 15:41:58.973 - RealTimeSTT: realtimestt - DEBUG - Receive from parent_transcription_pipe after sendiung transcription request, transcribe_count: 1
2026-08-18 15:41:59.067 - RealTimeSTT: realtimestt - INFO - State changed from 'transcribing' to 'inactive'
2026-08-18 15:41:59.082 - RealTimeSTT: realtimestt - DEBUG - Model tiny completed transcription in 2.17 seconds
2026-08-18 15:41:59.108 - RealTimeSTT: realtimestt - DEBUG - _audio_data_worker writing audio data into queue.
2026-08-18 15:41:59.279 - RealTimeSTT: realtimestt - DEBUG - _audio_data_worker writing audio data into queue.
2026-08-18 15:42:00.132 - RealTimeSTT: realtimestt - DEBUG - _audio_data_worker writing audio data into queue.
2026-08-18 15:42:00.302 - RealTimeSTT: realtimestt - DEBUG - _audio_data_worker writing audio data into queue.
2026-08-18 15:42:01.156 - RealTimeSTT: realtimestt - DEBUG - _audio_data_worker writing audio data into queue.
2026-08-18 15:42:01.326 - RealTimeSTT: realtimestt - DEBUG - _audio_data_worker writing audio data into queue.
2026-08-18 15:42:02.180 - RealTimeSTT: realtimestt - DEBUG - _audio_data_worker writing audio data into queue.
2026-08-18 15:42:02.351 - RealTimeSTT: realtimestt - DEBUG - _audio_data_worker writing audio data into queue.
2026-08-18 15:42:03.204 - RealTimeSTT: realtimestt - DEBUG - _audio_data_worker writing audio data into queue.
2026-08-18 15:42:03.375 - RealTimeSTT: realtimestt - DEBUG - _audio_data_worker writing audio data into queue.
2026-08-18 15:42:04.228 - RealTimeSTT: realtimestt - DEBUG - _audio_data_worker writing audio data into queue.
2026-08-18 15:42:04.399 - RealTimeSTT: realtimestt - DEBUG - _audio_data_worker writing audio data into queue.
2026-08-18 15:42:05.252 - RealTimeSTT: realtimestt - DEBUG - _audio_data_worker writing audio data into queue.
2026-08-18 15:42:05.423 - RealTimeSTT: realtimestt - DEBUG - _audio_data_worker writing audio data into queue.
2026-08-18 15:42:06.276 - RealTimeSTT: realtimestt - DEBUG - _audio_data_worker writing audio data into queue.
2026-08-18 15:42:06.447 - RealTimeSTT: realtimestt - DEBUG - _audio_data_worker writing audio data into queue.
2026-08-18 15:42:07.300 - RealTimeSTT: realtimestt - DEBUG - _audio_data_worker writing audio data into queue.
2026-08-18 15:42:07.471 - RealTimeSTT: realtimestt - DEBUG - _audio_data_worker writing audio data into queue.
2026-08-18 15:42:08.324 - RealTimeSTT: realtimestt - DEBUG - _audio_data_worker writing audio data into queue.
2026-08-18 15:42:08.495 - RealTimeSTT: realtimestt - DEBUG - _audio_data_worker writing audio data into queue.
2026-08-18 15:42:09.348 - RealTimeSTT: realtimestt - DEBUG - _audio_data_worker writing audio data into queue.
2026-08-18 15:42:09.519 - RealTimeSTT: realtimestt - DEBUG - _audio_data_worker writing audio data into queue.
2026-08-18 15:42:10.372 - RealTimeSTT: realtimestt - DEBUG - _audio_data_worker writing audio data into queue.
2026-08-18 15:42:10.543 - RealTimeSTT: realtimestt - DEBUG - _audio_data_worker writing audio data into queue.
2026-08-18 15:42:11.396 - RealTimeSTT: realtimestt - DEBUG - _audio_data_worker writing audio data into queue.
2026-08-18 15:42:11.567 - RealTimeSTT: realtimestt - DEBUG - _audio_data_worker writing audio data into queue.
2026-08-18 15:42:12.420 - RealTimeSTT: realtimestt - DEBUG - _audio_data_worker writing audio data into queue.
2026-08-18 15:42:12.591 - RealTimeSTT: realtimestt - DEBUG - _audio_data_worker writing audio data into queue.
2026-08-18 15:42:13.196 - RealTimeSTT: realtimestt - INFO - recording started
2026-08-18 15:42:13.196 - RealTimeSTT: realtimestt - INFO - State changed from 'inactive' to 'recording'
2026-08-18 15:42:13.444 - RealTimeSTT: realtimestt - DEBUG - _audio_data_worker writing audio data into queue.
2026-08-18 15:42:13.615 - RealTimeSTT: realtimestt - DEBUG - _audio_data_worker writing audio data into queue.
2026-08-18 15:42:14.468 - RealTimeSTT: realtimestt - DEBUG - _audio_data_worker writing audio data into queue.
2026-08-18 15:42:14.639 - RealTimeSTT: realtimestt - DEBUG - _audio_data_worker writing audio data into queue.
2026-08-18 15:42:15.492 - RealTimeSTT: realtimestt - DEBUG - _audio_data_worker writing audio data into queue.
2026-08-18 15:42:15.663 - RealTimeSTT: realtimestt - DEBUG - _audio_data_worker writing audio data into queue.
2026-08-18 15:42:16.516 - RealTimeSTT: realtimestt - DEBUG - _audio_data_worker writing audio data into queue.
2026-08-18 15:42:16.687 - RealTimeSTT: realtimestt - DEBUG - _audio_data_worker writing audio data into queue.
2026-08-18 15:42:17.540 - RealTimeSTT: realtimestt - DEBUG - _audio_data_worker writing audio data into queue.
2026-08-18 15:42:17.711 - RealTimeSTT: realtimestt - DEBUG - _audio_data_worker writing audio data into queue.
2026-08-18 15:42:18.564 - RealTimeSTT: realtimestt - DEBUG - _audio_data_worker writing audio data into queue.
2026-08-18 15:42:18.735 - RealTimeSTT: realtimestt - DEBUG - _audio_data_worker writing audio data into queue.
2026-08-18 15:42:19.588 - RealTimeSTT: realtimestt - DEBUG - _audio_data_worker writing audio data into queue.
2026-08-18 15:42:19.759 - RealTimeSTT: realtimestt - DEBUG - _audio_data_worker writing audio data into queue.
2026-08-18 15:42:20.612 - RealTimeSTT: realtimestt - DEBUG - _audio_data_worker writing audio data into queue.
2026-08-18 15:42:20.782 - RealTimeSTT: realtimestt - DEBUG - _audio_data_worker writing audio data into queue.
2026-08-18 15:42:21.636 - RealTimeSTT: realtimestt - DEBUG - _audio_data_worker writing audio data into queue.
2026-08-18 15:42:21.807 - RealTimeSTT: realtimestt - DEBUG - _audio_data_worker writing audio data into queue.
2026-08-18 15:42:22.660 - RealTimeSTT: realtimestt - DEBUG - _audio_data_worker writing audio data into queue.
2026-08-18 15:42:22.830 - RealTimeSTT: realtimestt - DEBUG - _audio_data_worker writing audio data into queue.
2026-08-18 15:42:23.684 - RealTimeSTT: realtimestt - DEBUG - _audio_data_worker writing audio data into queue.
2026-08-18 15:42:23.855 - RealTimeSTT: realtimestt - DEBUG - _audio_data_worker writing audio data into queue.
2026-08-18 15:42:24.708 - RealTimeSTT: realtimestt - DEBUG - _audio_data_worker writing audio data into queue.
2026-08-18 15:42:24.879 - RealTimeSTT: realtimestt - DEBUG - _audio_data_worker writing audio data into queue.
2026-08-18 15:42:25.732 - RealTimeSTT: realtimestt - DEBUG - _audio_data_worker writing audio data into queue.
2026-08-18 15:42:25.903 - RealTimeSTT: realtimestt - DEBUG - _audio_data_worker writing audio data into queue.
2026-08-18 15:42:26.756 - RealTimeSTT: realtimestt - DEBUG - _audio_data_worker writing audio data into queue.
2026-08-18 15:42:26.926 - RealTimeSTT: realtimestt - DEBUG - _audio_data_worker writing audio data into queue.
2026-08-18 15:42:27.780 - RealTimeSTT: realtimestt - DEBUG - _audio_data_worker writing audio data into queue.
2026-08-18 15:42:27.951 - RealTimeSTT: realtimestt - DEBUG - _audio_data_worker writing audio data into queue.
2026-08-18 15:42:28.804 - RealTimeSTT: realtimestt - DEBUG - _audio_data_worker writing audio data into queue.
2026-08-18 15:42:28.975 - RealTimeSTT: realtimestt - DEBUG - _audio_data_worker writing audio data into queue.
2026-08-18 15:42:29.828 - RealTimeSTT: realtimestt - DEBUG - _audio_data_worker writing audio data into queue.
2026-08-18 15:42:29.998 - RealTimeSTT: realtimestt - DEBUG - _audio_data_worker writing audio data into queue.
2026-08-18 15:42:30.852 - RealTimeSTT: realtimestt - DEBUG - _audio_data_worker writing audio data into queue.
2026-08-18 15:42:31.023 - RealTimeSTT: realtimestt - DEBUG - _audio_data_worker writing audio data into queue.
2026-08-18 15:42:31.876 - RealTimeSTT: realtimestt - DEBUG - _audio_data_worker writing audio data into queue.
2026-08-18 15:42:32.047 - RealTimeSTT: realtimestt - DEBUG - _audio_data_worker writing audio data into queue.
2026-08-18 15:42:32.900 - RealTimeSTT: realtimestt - DEBUG - _audio_data_worker writing audio data into queue.
2026-08-18 15:42:33.070 - RealTimeSTT: realtimestt - DEBUG - _audio_data_worker writing audio data into queue.
2026-08-18 15:42:33.924 - RealTimeSTT: realtimestt - DEBUG - _audio_data_worker writing audio data into queue.
2026-08-18 15:42:34.095 - RealTimeSTT: realtimestt - DEBUG - _audio_data_worker writing audio data into queue.
2026-08-18 15:42:34.948 - RealTimeSTT: realtimestt - DEBUG - _audio_data_worker writing audio data into queue.
2026-08-18 15:42:35.119 - RealTimeSTT: realtimestt - DEBUG - _audio_data_worker writing audio data into queue.
2026-08-18 15:42:35.972 - RealTimeSTT: realtimestt - DEBUG - _audio_data_worker writing audio data into queue.
2026-08-18 15:42:36.143 - RealTimeSTT: realtimestt - DEBUG - _audio_data_worker writing audio data into queue.
2026-08-18 15:42:36.996 - RealTimeSTT: realtimestt - DEBUG - _audio_data_worker writing audio data into queue.
2026-08-18 15:42:37.166 - RealTimeSTT: realtimestt - DEBUG - _audio_data_worker writing audio data into queue.
2026-08-18 15:42:38.020 - RealTimeSTT: realtimestt - DEBUG - _audio_data_worker writing audio data into queue.
2026-08-18 15:42:38.191 - RealTimeSTT: realtimestt - DEBUG - _audio_data_worker writing audio data into queue.
2026-08-18 15:42:39.044 - RealTimeSTT: realtimestt - DEBUG - _audio_data_worker writing audio data into queue.
2026-08-18 15:42:39.215 - RealTimeSTT: realtimestt - DEBUG - _audio_data_worker writing audio data into queue.
2026-08-18 15:42:40.068 - RealTimeSTT: realtimestt - DEBUG - _audio_data_worker writing audio data into queue.
2026-08-18 15:42:40.238 - RealTimeSTT: realtimestt - DEBUG - _audio_data_worker writing audio data into queue.
2026-08-18 15:42:40.934 - RealTimeSTT: realtimestt - INFO - recording stopped
2026-08-18 15:42:40.962 - RealTimeSTT: realtimestt - INFO - Setting listen time
2026-08-18 15:42:40.967 - RealTimeSTT: realtimestt - DEBUG - No samples removed, final audio length: 444416
2026-08-18 15:42:40.968 - RealTimeSTT: realtimestt - INFO - State changed from 'recording' to 'inactive'
2026-08-18 15:42:40.969 - RealTimeSTT: realtimestt - INFO - State changed from 'inactive' to 'transcribing'
2026-08-18 15:42:40.969 - RealTimeSTT: realtimestt - DEBUG - Adding transcription request, no early transcription started
2026-08-18 15:42:40.989 - RealTimeSTT: realtimestt - DEBUG - Receive from parent_transcription_pipe after sendiung transcription request, transcribe_count: 1
2026-08-18 15:42:41.090 - RealTimeSTT: realtimestt - DEBUG - Receive from parent_transcription_pipe after sendiung transcription request, transcribe_count: 1
2026-08-18 15:42:41.092 - RealTimeSTT: realtimestt - DEBUG - _audio_data_worker writing audio data into queue.
2026-08-18 15:42:41.192 - RealTimeSTT: realtimestt - DEBUG - Receive from parent_transcription_pipe after sendiung transcription request, transcribe_count: 1
2026-08-18 15:42:41.262 - RealTimeSTT: realtimestt - DEBUG - _audio_data_worker writing audio data into queue.
2026-08-18 15:42:41.293 - RealTimeSTT: realtimestt - DEBUG - Receive from parent_transcription_pipe after sendiung transcription request, transcribe_count: 1
2026-08-18 15:42:41.394 - RealTimeSTT: realtimestt - DEBUG - Receive from parent_transcription_pipe after sendiung transcription request, transcribe_count: 1
2026-08-18 15:42:41.495 - RealTimeSTT: realtimestt - DEBUG - Receive from parent_transcription_pipe after sendiung transcription request, transcribe_count: 1
2026-08-18 15:42:41.597 - RealTimeSTT: realtimestt - DEBUG - Receive from parent_transcription_pipe after sendiung transcription request, transcribe_count: 1
2026-08-18 15:42:41.698 - RealTimeSTT: realtimestt - DEBUG - Receive from parent_transcription_pipe after sendiung transcription request, transcribe_count: 1
2026-08-18 15:42:41.800 - RealTimeSTT: realtimestt - DEBUG - Receive from parent_transcription_pipe after sendiung transcription request, transcribe_count: 1
2026-08-18 15:42:41.901 - RealTimeSTT: realtimestt - DEBUG - Receive from parent_transcription_pipe after sendiung transcription request, transcribe_count: 1
2026-08-18 15:42:42.002 - RealTimeSTT: realtimestt - DEBUG - Receive from parent_transcription_pipe after sendiung transcription request, transcribe_count: 1
2026-08-18 15:42:42.104 - RealTimeSTT: realtimestt - DEBUG - Receive from parent_transcription_pipe after sendiung transcription request, transcribe_count: 1
2026-08-18 15:42:42.116 - RealTimeSTT: realtimestt - DEBUG - _audio_data_worker writing audio data into queue.
2026-08-18 15:42:42.206 - RealTimeSTT: realtimestt - DEBUG - Receive from parent_transcription_pipe after sendiung transcription request, transcribe_count: 1
2026-08-18 15:42:42.287 - RealTimeSTT: realtimestt - DEBUG - _audio_data_worker writing audio data into queue.
2026-08-18 15:42:42.307 - RealTimeSTT: realtimestt - DEBUG - Receive from parent_transcription_pipe after sendiung transcription request, transcribe_count: 1
2026-08-18 15:42:42.408 - RealTimeSTT: realtimestt - DEBUG - Receive from parent_transcription_pipe after sendiung transcription request, transcribe_count: 1
2026-08-18 15:42:42.510 - RealTimeSTT: realtimestt - DEBUG - Receive from parent_transcription_pipe after sendiung transcription request, transcribe_count: 1
2026-08-18 15:42:42.611 - RealTimeSTT: realtimestt - DEBUG - Receive from parent_transcription_pipe after sendiung transcription request, transcribe_count: 1
2026-08-18 15:42:42.712 - RealTimeSTT: realtimestt - DEBUG - Receive from parent_transcription_pipe after sendiung transcription request, transcribe_count: 1
2026-08-18 15:42:42.814 - RealTimeSTT: realtimestt - DEBUG - Receive from parent_transcription_pipe after sendiung transcription request, transcribe_count: 1
2026-08-18 15:42:42.915 - RealTimeSTT: realtimestt - DEBUG - Receive from parent_transcription_pipe after sendiung transcription request, transcribe_count: 1
2026-08-18 15:42:43.016 - RealTimeSTT: realtimestt - DEBUG - Receive from parent_transcription_pipe after sendiung transcription request, transcribe_count: 1
2026-08-18 15:42:43.118 - RealTimeSTT: realtimestt - DEBUG - Receive from parent_transcription_pipe after sendiung transcription request, transcribe_count: 1
2026-08-18 15:42:43.140 - RealTimeSTT: realtimestt - DEBUG - _audio_data_worker writing audio data into queue.
2026-08-18 15:42:43.219 - RealTimeSTT: realtimestt - DEBUG - Receive from parent_transcription_pipe after sendiung transcription request, transcribe_count: 1
2026-08-18 15:42:43.311 - RealTimeSTT: realtimestt - DEBUG - _audio_data_worker writing audio data into queue.
2026-08-18 15:42:43.321 - RealTimeSTT: realtimestt - DEBUG - Receive from parent_transcription_pipe after sendiung transcription request, transcribe_count: 1
2026-08-18 15:42:43.422 - RealTimeSTT: realtimestt - DEBUG - Receive from parent_transcription_pipe after sendiung transcription request, transcribe_count: 1
2026-08-18 15:42:43.524 - RealTimeSTT: realtimestt - DEBUG - Receive from parent_transcription_pipe after sendiung transcription request, transcribe_count: 1
2026-08-18 15:42:43.625 - RealTimeSTT: realtimestt - DEBUG - Receive from parent_transcription_pipe after sendiung transcription request, transcribe_count: 1
2026-08-18 15:42:43.727 - RealTimeSTT: realtimestt - DEBUG - Receive from parent_transcription_pipe after sendiung transcription request, transcribe_count: 1
2026-08-18 15:42:43.828 - RealTimeSTT: realtimestt - DEBUG - Receive from parent_transcription_pipe after sendiung transcription request, transcribe_count: 1
2026-08-18 15:42:43.930 - RealTimeSTT: realtimestt - DEBUG - Receive from parent_transcription_pipe after sendiung transcription request, transcribe_count: 1
2026-08-18 15:42:44.003 - RealTimeSTT: realtimestt - INFO - State changed from 'transcribing' to 'inactive'
2026-08-18 15:42:44.020 - RealTimeSTT: realtimestt - DEBUG - Model tiny completed transcription in 3.05 seconds
2026-08-18 15:42:44.164 - RealTimeSTT: realtimestt - DEBUG - _audio_data_worker writing audio data into queue.
2026-08-18 15:42:44.335 - RealTimeSTT: realtimestt - DEBUG - _audio_data_worker writing audio data into queue.
2026-08-18 15:42:45.188 - RealTimeSTT: realtimestt - DEBUG - _audio_data_worker writing audio data into queue.
2026-08-18 15:42:45.358 - RealTimeSTT: realtimestt - DEBUG - _audio_data_worker writing audio data into queue.
2026-08-18 15:42:46.212 - RealTimeSTT: realtimestt - DEBUG - _audio_data_worker writing audio data into queue.
2026-08-18 15:42:46.382 - RealTimeSTT: realtimestt - DEBUG - _audio_data_worker writing audio data into queue.
2026-08-18 15:42:47.236 - RealTimeSTT: realtimestt - DEBUG - _audio_data_worker writing audio data into queue.
2026-08-18 15:42:47.406 - RealTimeSTT: realtimestt - DEBUG - _audio_data_worker writing audio data into queue.
2026-08-18 15:42:48.260 - RealTimeSTT: realtimestt - DEBUG - _audio_data_worker writing audio data into queue.
2026-08-18 15:42:48.431 - RealTimeSTT: realtimestt - DEBUG - _audio_data_worker writing audio data into queue.
2026-08-18 15:42:49.284 - RealTimeSTT: realtimestt - DEBUG - _audio_data_worker writing audio data into queue.
2026-08-18 15:42:49.455 - RealTimeSTT: realtimestt - DEBUG - _audio_data_worker writing audio data into queue.
2026-08-18 15:42:50.308 - RealTimeSTT: realtimestt - DEBUG - _audio_data_worker writing audio data into queue.
2026-08-18 15:42:50.479 - RealTimeSTT: realtimestt - DEBUG - _audio_data_worker writing audio data into queue.
2026-08-18 15:42:51.332 - RealTimeSTT: realtimestt - DEBUG - _audio_data_worker writing audio data into queue.
2026-08-18 15:42:51.503 - RealTimeSTT: realtimestt - DEBUG - _audio_data_worker writing audio data into queue.
2026-08-18 15:42:52.356 - RealTimeSTT: realtimestt - DEBUG - _audio_data_worker writing audio data into queue.
2026-08-18 15:42:52.527 - RealTimeSTT: realtimestt - DEBUG - _audio_data_worker writing audio data into queue.
2026-08-18 15:42:53.380 - RealTimeSTT: realtimestt - DEBUG - _audio_data_worker writing audio data into queue.
2026-08-18 15:42:53.550 - RealTimeSTT: realtimestt - DEBUG - _audio_data_worker writing audio data into queue.
2026-08-18 15:42:54.404 - RealTimeSTT: realtimestt - DEBUG - _audio_data_worker writing audio data into queue.
2026-08-18 15:42:54.575 - RealTimeSTT: realtimestt - DEBUG - _audio_data_worker writing audio data into queue.
2026-08-18 15:42:55.428 - RealTimeSTT: realtimestt - DEBUG - _audio_data_worker writing audio data into queue.
2026-08-18 15:42:55.599 - RealTimeSTT: realtimestt - DEBUG - _audio_data_worker writing audio data into queue.
2026-08-18 15:42:56.452 - RealTimeSTT: realtimestt - DEBUG - _audio_data_worker writing audio data into queue.
2026-08-18 15:42:56.623 - RealTimeSTT: realtimestt - DEBUG - _audio_data_worker writing audio data into queue.
2026-08-18 15:42:57.476 - RealTimeSTT: realtimestt - DEBUG - _audio_data_worker writing audio data into queue.
2026-08-18 15:42:57.647 - RealTimeSTT: realtimestt - DEBUG - _audio_data_worker writing audio data into queue.
2026-08-18 15:42:58.500 - RealTimeSTT: realtimestt - DEBUG - _audio_data_worker writing audio data into queue.
2026-08-18 15:42:58.671 - RealTimeSTT: realtimestt - DEBUG - _audio_data_worker writing audio data into queue.
2026-08-18 15:42:59.524 - RealTimeSTT: realtimestt - DEBUG - _audio_data_worker writing audio data into queue.
2026-08-18 15:42:59.695 - RealTimeSTT: realtimestt - DEBUG - _audio_data_worker writing audio data into queue.
2026-08-18 15:43:00.548 - RealTimeSTT: realtimestt - DEBUG - _audio_data_worker writing audio data into queue.
2026-08-18 15:43:00.718 - RealTimeSTT: realtimestt - DEBUG - _audio_data_worker writing audio data into queue.
2026-08-18 15:43:01.572 - RealTimeSTT: realtimestt - DEBUG - _audio_data_worker writing audio data into queue.
2026-08-18 15:43:01.743 - RealTimeSTT: realtimestt - DEBUG - _audio_data_worker writing audio data into queue.
2026-08-18 15:43:02.596 - RealTimeSTT: realtimestt - DEBUG - _audio_data_worker writing audio data into queue.
2026-08-18 15:43:02.767 - RealTimeSTT: realtimestt - DEBUG - _audio_data_worker writing audio data into queue.
2026-08-18 15:43:03.620 - RealTimeSTT: realtimestt - DEBUG - _audio_data_worker writing audio data into queue.
2026-08-18 15:43:03.790 - RealTimeSTT: realtimestt - DEBUG - _audio_data_worker writing audio data into queue.
2026-08-18 15:43:04.644 - RealTimeSTT: realtimestt - DEBUG - _audio_data_worker writing audio data into queue.
2026-08-18 15:43:04.814 - RealTimeSTT: realtimestt - DEBUG - _audio_data_worker writing audio data into queue.
2026-08-18 15:43:05.668 - RealTimeSTT: realtimestt - DEBUG - _audio_data_worker writing audio data into queue.
2026-08-18 15:43:05.839 - RealTimeSTT: realtimestt - DEBUG - _audio_data_worker writing audio data into queue.
2026-08-18 15:43:06.692 - RealTimeSTT: realtimestt - DEBUG - _audio_data_worker writing audio data into queue.
2026-08-18 15:43:06.863 - RealTimeSTT: realtimestt - DEBUG - _audio_data_worker writing audio data into queue.
2026-08-18 15:43:07.716 - RealTimeSTT: realtimestt - DEBUG - _audio_data_worker writing audio data into queue.
2026-08-18 15:43:07.887 - RealTimeSTT: realtimestt - DEBUG - _audio_data_worker writing audio data into queue.
2026-08-18 15:43:08.740 - RealTimeSTT: realtimestt - DEBUG - _audio_data_worker writing audio data into queue.
2026-08-18 15:43:08.911 - RealTimeSTT: realtimestt - DEBUG - _audio_data_worker writing audio data into queue.
2026-08-18 15:43:09.764 - RealTimeSTT: realtimestt - DEBUG - _audio_data_worker writing audio data into queue.
2026-08-18 15:43:09.934 - RealTimeSTT: realtimestt - DEBUG - _audio_data_worker writing audio data into queue.
2026-08-18 15:43:10.788 - RealTimeSTT: realtimestt - DEBUG - _audio_data_worker writing audio data into queue.
2026-08-18 15:43:10.959 - RealTimeSTT: realtimestt - DEBUG - _audio_data_worker writing audio data into queue.
2026-08-18 15:43:11.276 - RealTimeSTT: realtimestt - DEBUG - Finishing recording thread
2026-08-18 15:43:11.277 - RealTimeSTT: realtimestt - DEBUG - Terminating reader process
2026-08-18 15:43:11.371 - RealTimeSTT: realtimestt - DEBUG - Terminating transcription process
2026-08-18 15:43:11.424 - RealTimeSTT: realtimestt - DEBUG - Finishing realtime thread
2026-08-18 15:43:11.983 - RealTimeSTT: realtimestt - DEBUG - _audio_data_worker writing audio data into queue.
2026-08-18 15:43:13.007 - RealTimeSTT: realtimestt - DEBUG - _audio_data_worker writing audio data into queue.
2026-08-18 15:43:14.031 - RealTimeSTT: realtimestt - DEBUG - _audio_data_worker writing audio data into queue.
2026-08-18 15:43:15.055 - RealTimeSTT: realtimestt - DEBUG - _audio_data_worker writing audio data into queue.
2026-08-18 15:43:16.078 - RealTimeSTT: realtimestt - DEBUG - _audio_data_worker writing audio data into queue.
2026-08-18 15:43:17.103 - RealTimeSTT: realtimestt - DEBUG - _audio_data_worker writing audio data into queue.
2026-08-18 15:43:18.126 - RealTimeSTT: realtimestt - DEBUG - _audio_data_worker writing audio data into queue.
2026-08-18 15:43:19.150 - RealTimeSTT: realtimestt - DEBUG - _audio_data_worker writing audio data into queue.
2026-08-18 15:43:20.174 - RealTimeSTT: realtimestt - DEBUG - _audio_data_worker writing audio data into queue.
2026-08-18 15:43:21.199 - RealTimeSTT: realtimestt - DEBUG - _audio_data_worker writing audio data into queue.
2026-08-18 15:43:22.222 - RealTimeSTT: realtimestt - DEBUG - _audio_data_worker writing audio data into queue.
2026-08-18 15:43:23.247 - RealTimeSTT: realtimestt - DEBUG - _audio_data_worker writing audio data into queue.
2026-08-18 15:43:24.271 - RealTimeSTT: realtimestt - DEBUG - _audio_data_worker writing audio data into queue.
2026-08-18 15:43:25.294 - RealTimeSTT: realtimestt - DEBUG - _audio_data_worker writing audio data into queue.
2026-08-18 15:43:26.319 - RealTimeSTT: realtimestt - DEBUG - _audio_data_worker writing audio data into queue.
2026-08-18 15:43:27.343 - RealTimeSTT: realtimestt - DEBUG - _audio_data_worker writing audio data into queue.
2026-08-18 15:43:28.367 - RealTimeSTT: realtimestt - DEBUG - _audio_data_worker writing audio data into queue.
2026-08-18 15:43:29.391 - RealTimeSTT: realtimestt - DEBUG - _audio_data_worker writing audio data into queue.
2026-08-18 15:43:30.415 - RealTimeSTT: realtimestt - DEBUG - _audio_data_worker writing audio data into queue.
2026-08-18 15:43:31.438 - RealTimeSTT: realtimestt - DEBUG - _audio_data_worker writing audio data into queue.
2026-08-18 15:43:32.463 - RealTimeSTT: realtimestt - DEBUG - _audio_data_worker writing audio data into queue.
2026-08-18 15:43:33.487 - RealTimeSTT: realtimestt - DEBUG - _audio_data_worker writing audio data into queue.
2026-08-18 15:43:34.511 - RealTimeSTT: realtimestt - DEBUG - _audio_data_worker writing audio data into queue.
2026-08-18 15:43:35.535 - RealTimeSTT: realtimestt - DEBUG - _audio_data_worker writing audio data into queue.
2026-08-18 15:43:36.559 - RealTimeSTT: realtimestt - DEBUG - _audio_data_worker writing audio data into queue.
2026-08-18 15:43:37.582 - RealTimeSTT: realtimestt - DEBUG - _audio_data_worker writing audio data into queue.
2026-08-18 15:43:38.607 - RealTimeSTT: realtimestt - DEBUG - _audio_data_worker writing audio data into queue.
2026-08-18 15:44:38.702 - RealTimeSTT: realtimestt - INFO - Starting RealTimeSTT
2026-08-18 15:44:38.704 - RealTimeSTT: realtimestt - INFO - Initializing audio recording (creating pyAudio input stream, sample rate: 16000 buffer size: 512
2026-08-18 15:44:38.705 - RealTimeSTT: realtimestt - INFO - Initializing WebRTC voice with Sensitivity 3
2026-08-18 15:44:38.705 - RealTimeSTT: realtimestt - DEBUG - WebRTC VAD voice activity detection engine initialized successfully
2026-08-18 15:44:38.711 - RealTimeSTT: realtimestt - DEBUG - Starting audio data worker with target_sample_rate=16000, buffer_size=512, input_device_index=None
2026-08-18 15:44:38.711 - RealTimeSTT: realtimestt - DEBUG - Creating PyAudio interface...
2026-08-18 15:44:38.864 - RealTimeSTT: realtimestt - DEBUG - Silero VAD voice activity detection engine initialized successfully with backend raw_onnx_ifless
2026-08-18 15:44:38.924 - RealTimeSTT: realtimestt - DEBUG - Starting realtime worker
2026-08-18 15:44:38.924 - RealTimeSTT: realtimestt - DEBUG - Realtime transcription disabled; realtime worker exits
2026-08-18 15:44:38.924 - RealTimeSTT: realtimestt - DEBUG - No device index supplied; using default device 14
2026-08-18 15:44:38.925 - RealTimeSTT: realtimestt - DEBUG - Retrieving highest sample rate for device index 14: {'index': 14, 'structVersion': 2, 'name': 'default', 'hostApi': 0, 'maxInputChannels': 128, 'maxOutputChannels': 128, 'defaultLowInputLatency': 0.008707482993197279, 'defaultLowOutputLatency': 0.008707482993197279, 'defaultHighInputLatency': 0.034829931972789115, 'defaultHighOutputLatency': 0.034829931972789115, 'defaultSampleRate': 44100.0}
2026-08-18 15:44:38.925 - RealTimeSTT: realtimestt - DEBUG - Highest supported sample rate for device index 14 is 44100
2026-08-18 15:44:38.925 - RealTimeSTT: realtimestt - DEBUG - Sample rates to try for device 14: [16000, 44100]
2026-08-18 15:44:38.925 - RealTimeSTT: realtimestt - DEBUG - Attempting to initialize audio stream at 16000 Hz.
2026-08-18 15:44:38.925 - RealTimeSTT: realtimestt - DEBUG - Found 15 total audio devices on the system.
2026-08-18 15:44:38.925 - RealTimeSTT: realtimestt - DEBUG - Available input devices with input channels: [8, 9, 12, 13, 14]
2026-08-18 15:44:38.925 - RealTimeSTT: realtimestt - DEBUG - Validating device index 14 with info: {'index': 14, 'structVersion': 2, 'name': 'default', 'hostApi': 0, 'maxInputChannels': 128, 'maxOutputChannels': 128, 'defaultLowInputLatency': 0.008707482993197279, 'defaultLowOutputLatency': 0.008707482993197279, 'defaultHighInputLatency': 0.034829931972789115, 'defaultHighOutputLatency': 0.034829931972789115, 'defaultSampleRate': 44100.0}
2026-08-18 15:44:38.925 - RealTimeSTT: realtimestt - DEBUG - Waiting for main transcription model to start
2026-08-18 15:44:39.074 - RealTimeSTT: realtimestt - DEBUG - Device index 14 successfully validated.
2026-08-18 15:44:39.074 - RealTimeSTT: realtimestt - DEBUG - Opening stream with device index 14, sample_rate=16000, chunk_size=1024
2026-08-18 15:44:39.116 - RealTimeSTT: realtimestt - INFO - Microphone connected and validated (device index: 14, sample rate: 16000, chunk size: 1024)
2026-08-18 15:44:39.117 - RealTimeSTT: realtimestt - DEBUG - Audio recording initialized successfully at 16000 Hz, reading 1024 frames at a time
2026-08-18 15:44:40.218 - RealTimeSTT: realtimestt - DEBUG - _audio_data_worker writing audio data into queue.
2026-08-18 15:44:41.284 - RealTimeSTT: realtimestt - DEBUG - _audio_data_worker writing audio data into queue.
2026-08-18 15:44:41.896 - RealTimeSTT: realtimestt - DEBUG - Main transcription model ready
2026-08-18 15:44:41.897 - RealTimeSTT: realtimestt - DEBUG - RealtimeSTT initialization completed successfully
2026-08-18 15:44:42.308 - RealTimeSTT: realtimestt - DEBUG - _audio_data_worker writing audio data into queue.
2026-08-18 15:44:43.217 - RealTimeSTT: realtimestt - DEBUG - Finishing recording thread
2026-08-18 15:44:43.224 - RealTimeSTT: realtimestt - DEBUG - Terminating reader process
2026-08-18 15:44:43.284 - RealTimeSTT: realtimestt - DEBUG - Terminating transcription process
2026-08-18 15:44:43.359 - RealTimeSTT: realtimestt - DEBUG - Finishing realtime thread
